publish,标题,名称,名称1,名称2,评分,评分3,评分4,评分5,评分6,评分7,评分8,评分9,评分10,评分11,评分12,评分13,评分14,评分15,评分16,评分17,评分18,标题19,信息,信息20,信息21,信息22,信息23,信息24,信息25,信息26,信息27,标题28,purpose,purpose29,标题30,jia_text,标题31,图片,图片32,图片33,图片34,图片35,图片36,信息37,dw_22,dw_2238,dw_23,dw_2339,dw_1,dw_2,dw_140,dw_241,dw_5,dw_542,dw_3,dw_343,dw_6,dw_11,dw_644,dw_1145,dw_7,dw_4,dw_446,dw_8,dw_847
"
    发表于  2020-06    

      
        
    
    
",开这个车在以前的国道上很舒服，我两个舅舅走完川藏路对我的车子就三个评价，好开，不累,https://image1.xcarimg.com/attachments/my/1/84/70/053_120.jpg,xuser1857005,三星会员,4.13,外观,4,内饰,5,续航,4,空间,3,舒适,4,动力,4,操控,4,性价比,5,购入信息,爱车车型,购入时间,2020/2/1,购车地点,x上海旗泽汽车销售服务有限公司 [上海市],裸车价格,15.3万  (厂商指导价 22.58万),续航里程,380km,购入用途,上班,购物,爱车简评,电动的舒适性会比用油的更好，最起码没有发动机的噪音，座椅是皮制的和织物搭配的舒适性还是不错的，就是减震有点硬。,实拍图片,https://img1.xcarimg.com/review/20200604/1451835aac47d8e7343c5fedb1d1303c.jpg-169x127.jpg,https://img1.xcarimg.com/review/20200604/6367b9505efb370ee2aa334d7635ad59.jpg-169x127.jpg,https://img1.xcarimg.com/review/20200604/d2f520ace26243e53773ed1ab024d935.jpg-169x127.jpg,https://img1.xcarimg.com/review/20200604/0dd0ccc655b6aa14b7a7e13fbe17f521.jpg-169x127.jpg,https://img1.xcarimg.com/review/20200604/18d2dcbdccbaa76a98938083fbc5d3ea.jpg-169x127.jpg,,爱车评价,[最满意],感觉很不错。中央扶手箱的空间感觉挺大的，而且中央扶手箱里面特别深，可以放很多杂物，这点在日常生活当中来说非常实用，另外一点就是这个车的手套箱也挺大的，里面还做了一些防滑的处理，感觉挺好的。,[不满意],舒适度马马虎虎，减振有些偏硬，过降速杠的感觉显明。桌椅的舒适感还可以，就是后排座椅有些偏硬，长时间开车会有点累。,,[内饰],,内饰上面比较精致，做工用料也是比较厚道的，平时开车手能触摸到的地方都比较软，手可以很自然地靠在车门上还有扶手箱上。内饰的各种按键手感不错。因为顶棚是黑色的，所以氛围很运动。,[续航],目前390公里，表显9.6，提车289块加满，目前还可以续航里程750左右，并没有别人说的磨合期油耗高的吓人,[空间],我的身高是1米78，体重178斤，属于比较胖的，坐在车里面，感觉头部空间有一拳左右，而腿部空间差不多接近两拳了，这个空间表现还是相当好,[动力],,动力买这个车之前也开过同价位的一些其他车型，相比较下来，这款车无论是发动机的动力表现上还是变速箱的平顺度上感觉更好一些。,,[操控],,,[性价比],家里有辆小型造车比较费油，朋友说用这样的车也还不错还可以省油钱，然后就专门去做了了解然后去店里看了，发现这款红旗的确实还不错，各个方面都符合我的要求而且续航也不短，把外观拍了几张给老婆看还挺满意的，就直接定下来了，动力和配置都是还可以的。
"
    发表于  2020-06    

      
        
    
    
",方面面也不错，方向盘轻盈，指向精准，也很适合女士们驾驶，我老婆开过了也说好。,https://image1.xcarimg.com/attachments/my/1/84/70/046_120.jpg,xuser1857004,三星会员,4.63,外观,4,内饰,5,续航,4,空间,5,舒适,5,动力,5,操控,4,性价比,5,购入信息,爱车车型,购入时间,2020/3/1,购车地点,郑州大展红旗汽车销售有限公司 [河南省],裸车价格,15.3万  (厂商指导价 22.58万),续航里程,400km,购入用途,上班,购物,爱车简评,全速自适应巡航是非常方便的一个功能，而且有三种模式可以切换，有三种不一样的企业，平时上下班开的就是经济模式，在高速上就是嗯种模式。,实拍图片,https://img1.xcarimg.com/review/20200604/eb5fe524f2ff252cf4ca7791b423de84.jpg-169x127.jpg,https://img1.xcarimg.com/review/20200604/80774e3ea32fcf0b1b9fc440adfcb12d.jpg-169x127.jpg,https://img1.xcarimg.com/review/20200604/e1035163903ce8ffe8a6a6d9da0f85ca.jpg-169x127.jpg,https://img1.xcarimg.com/review/20200604/83e681f6f64fdd96ade429e7ee32afef.jpg-169x127.jpg,https://img1.xcarimg.com/review/20200604/bb6cb4b6eb804a7eee9325523ed4fe4c.jpg-169x127.jpg,https://img1.xcarimg.com/review/20200604/d12e3ab4699a3fbd887308225d913cc9.jpg-169x127.jpg,爱车评价,[最满意],最满意的地方就是环保了，根本不需油，可以节省很多的钱，充满一次电可以跑很远,[不满意],车开这么久了，还真没有什么特别不满意的地方，一定要说的话就是路况差的时候颠簸会比较明显一些,[外观],[内饰],这车外观非常的亮眼，当初第一眼看到这款车的时候，我就知道这就是我想买的那辆车，流线型的车身很有设计感，符合我的审美,特大的中控屏，视感很好，触摸式的，空调控制面板有点高科技，低调沉稳的配色非常符合我们家的风格,[续航],充满电一次可以开400多公里，充电也很快，一次充电满足我一个星期的上下班需求,[空间],车内的空间还是合理的，不是特别的大，但也足够我全家的出行，基本上用车时间都是上下班使用，偶尔会出去带些装备游玩，满载也是绰绰有余,[动力],,毕竟是电动车，动力还是很强劲的，给油后反应灵敏，提速的推背感挺强的，满足上下班需求,,[操控],[舒适],座椅还是比较舒适的，悬挂的调教也很不错，但路面较颠簸时，还是会有些不适应,[性价比],新能源汽车嘛，未来发展的趋势，而且省钱，完全不耗油，非常环保，而红旗是我这个爱国人士的首选
"
    发表于  2020-06    

      
        
    
    
",方向盘对我来说有些大，不过揉控起来也没有什么困难的，还是比较轻便，车身也比较灵活,https://image1.xcarimg.com/attachments/my/1/84/70/038_120.jpg,xuser1857003,三星会员,4.25,外观,4,内饰,4,续航,4,空间,4,舒适,4,动力,4,操控,5,性价比,5,购入信息,爱车车型,购入时间,2020/2/1,购车地点,天津奥吉通红韵汽车销售有限公司 [天津市],裸车价格,15.3万  (厂商指导价 22.58万),续航里程,450km,购入用途,上班,购物,爱车简评,从价格上来说，配置配套这些性能和内饰论成本上应该要这个价，要说很大的优点还木有发现，不过H7H5么外观讲应该很有表现力。L5车型不用讲了，全球还木有相似的,实拍图片,https://img1.xcarimg.com/review/20200604/cc38effa252d7c1dfc16f4ca94901eb0.jpg-169x127.jpg,https://img1.xcarimg.com/review/20200604/df9096f041da6eebefef11deb55302d4.jpg-169x127.jpg,https://img1.xcarimg.com/review/20200604/52ce17a7d3295e422e223e1886979ce7.jpg-169x127.jpg,https://img1.xcarimg.com/review/20200604/40337816708a01e6081956cebe41f2c7.jpg-169x127.jpg,https://img1.xcarimg.com/review/20200604/ebd394bf89dce30646b4938825bba923.jpg-169x127.jpg,,爱车评价,[最满意],选择红旗也是比较信得过它的质量的，不仅质量靠得住，而且外观相比旧款来说多了一些年轻时尚感，特别是红色的车漆，又更抢眼一些，周未开着去海岸线边上兜兜风，就是一道亮丽的风景线并最不满意,[不满意],没有什么不满意的地方，唯一可以挑出毛病的就是续航没有那么高，不过还好，我平常上下班开开，一周充一次电差不多,[外观],[内饰],前脸看过去比较的霸气硬朗，但是整体给人的感觉不会很笨重，在海南的蓝天白云下，衬托的更加靓丽并,内饰的设计，未来感科技感比较足，中控屏的尺寸很大，操作起来更方便一些，特别是车内配置的音响，音质很好，还有头枕也有配备音响,[续航],续航就比较一般了，没有我想象中的那么好，不太适合长途开，短途日常用还是够的,[空间],空间设计的是非常竞敞的，前后排的空间都比较大，坐在驾驶座上，视野也比较开阔，后排没有凸起，这一点很好,[动力],,动力还是非常强劲的，只要轻踩油门，反应的特别及时，去无人的海岸线上，一路踩油门就能感受到它的充沛动力,,[操控],[舒适],座椅的包裹性比较好，特别是材质用料比较好，坐进去挺舒服的，天气好，开上音乐吹风驾驶感受极佳,[性价比],科普一个冷知识，在海南的大部分都是东北人，所以肯定要支持一下自家的产业啦！在海南的冬天早已经过去了，春暖花开之际，也想要买一辆属于自己的车去海边兜兜风，享受一下人生
"
    发表于  2020-06    

      
        
    
    
",简单易懂，容易上手。,https://image1.xcarimg.com/attachments/my/1/84/66/268_120.jpg,xuser1856626,三星会员,4.63,外观,4,内饰,5,续航,5,空间,4,舒适,4,动力,5,操控,5,性价比,5,购入信息,爱车车型,购入时间,2019/9/1,购车地点,南昌龙和汽车销售有限公司 [江西省],裸车价格,24万  (厂商指导价 22.58万),续航里程,18km,购入用途,上班,购物,爱车简评,从价格上来说，配置配套这些性能和内饰论成本上应该要这个价，要说很大的优点还木有发现，不过H7H5么外观讲应该很有表现力。L5车型不用讲了，全球还木有相似的,实拍图片,https://img1.xcarimg.com/review/20200602/d26ecb3001940d4c9d3f0396f61f6730.png-169x127.jpg,https://img1.xcarimg.com/review/20200602/b7483ed8b44754da709f26043461bfd2.png-169x127.jpg,https://img1.xcarimg.com/review/20200602/916db41ed45a2a3d176ca342c01c8577.png-169x127.jpg,https://img1.xcarimg.com/review/20200602/35df1524737aebb69b39fd0fb0911176.png-169x127.jpg,https://img1.xcarimg.com/review/20200602/a50825efcc69854d1235171b6a6304a2.png-169x127.jpg,https://img1.xcarimg.com/review/20200602/c84d8af5590f19adfc6006daf3a69374.png-169x127.jpg,爱车评价,[最满意],首先作为中国人的车，还是为你点赞，中国人的自豪，能造四个轮的汽车，不错一大进步，在这几个车型上来说外观是在其他品牌中没看到，整体外观是能接受的，但不是非常喜欢的那种，从价格上来说，配置配套这些性能和内饰论成本上应该要这个价，要说很大的优点还木有发现，不过H7H5么外观讲应该很有表现力。,[不满意],"许多方面和三金，平果是比不了的，不过oppo,vivo在外观精美绝伦……还回来说车，你H7一年才买那么点，就好比我开个月租几千的门市，每天收入只有几十百元，月租金都不够，是咋过的？国车，构思开发生产销售一路子要这么钱，本钱挣回了吗？肯定？所以作红旗这么好的一个国标，一直吃低。是中国人还是有很多的人想买国车的，必然是中国人的骄傲和自豪，中国人是有这个够买能力的，有这个骨气的，但你要给个买的理由啊。具体说说车吧，同价位同车系，我们看看其他品牌的构思，设计，做工，画瓢的的能力总有吧。",[外观],[内饰],目前还是认可，漂亮，漆面也丰满，有型，有性格，整体不错，细节还需社会来论,内饰上面比较精致，做工用料也是比较厚道的，平时开车手能触摸到的地方都比较软，手可以很自然地靠在车门上还有扶手箱上。,[续航],续航能力强,[空间],主要说一下后备箱吧，可以在盖板盖着的情况下轻松放下两个24寸的行李箱，还可以在边缘位置放两个背包,[动力],[充电],动力买这个车之前也开过同价位的一些其他车型，相比较下来，这款车无论是发动机的动力表现上还是变速箱的平顺度上感觉更好一些。,充电方便，简单易懂。,[操控],[舒适],还好吧，比我以前的要舒服，我觉得也可以了，当然能做的再好点那就更完美了，是吧！,[性价比],中央扶手箱的空间感觉挺大的，而且中央扶手箱里面特别深，可以放很多杂物，这点在日常生活当中来说非常实用，另外一点就是这个车的手套箱也挺大的，里面还做了一些防滑的处理
"
    发表于  2020-06    

      
        
    
    
",开这个车在以前的国道上很舒服，我两个舅舅走完川藏路对我的车子就三个评价，好开，不累，省油,https://image1.xcarimg.com/attachments/my/1/84/66/267_120.jpg,xuser1856626,三星会员,4.38,外观,4,内饰,5,续航,5,空间,4,舒适,4,动力,5,操控,5,性价比,3,购入信息,爱车车型,购入时间,2019/3/1,购车地点,银川大世界红旗汽车销售有限公司 [宁夏省],裸车价格,25万  (厂商指导价 22.58万),续航里程,11km,购入用途,上班,购物,爱车简评,外观很大气很稳重，耐看沉稳也很好看，后排空间就大到没话说，躺两个成年人都没问题,实拍图片,https://img1.xcarimg.com/review/20200602/89b50d96fd5752b7dd8e7110920f6330.png-169x127.jpg,https://img1.xcarimg.com/review/20200602/2905fea0f77099c3cd14b0ec731b1171.png-169x127.jpg,https://img1.xcarimg.com/review/20200602/6d294bbd0b5310320528204ae0aabbe6.png-169x127.jpg,https://img1.xcarimg.com/review/20200602/714bc6cf9f50b3b1438d80b914fb8ab9.png-169x127.jpg,https://img1.xcarimg.com/review/20200602/64e24dafee5ac5253751e53eb24903fc.png-169x127.jpg,,爱车评价,[最满意],选车理由感觉很不错。中央扶手箱的空间感觉挺大的，而且中央扶手箱里面特别深，可以放很多杂物，这点在日常生活当中来说非常实用，另外一点就是这个车的手套箱也挺大的，里面还做了一些防滑的处理 最满意跑高速的时候这个车表现也不错，尤其是在高速超车的过程中，车子的发动机的动力还是相当充沛的，这点很不错。,[不满意],缺点就多的多了哈，不要喷我，敢于说实话方能前行。作中国人的好车，在这里并木有体现出来，就像国内的手机“国机”一样，说实话市场战有率并不高，你回头看啃了一口的平果，如此的多是为什么，外观确实要承认，性能比了就服，“卖肾都要买车“。国机做到了吗？中国人买是支持国货，应该真诚回馈消费者，他们支持一分，国力强一分，我也代表生产营运经销高感谢他们。 异响、不开空调的情况下实际续航不到300、充电时间，快充需要两小时，还不是个例，厂家回复是因为天气温度低，杭州零上10度的天快充都要充两小时以上了，北方的朋友就别买了这要买了,[外观],[内饰],外观很满意个性张扬，直瀑式进气格栅，超低风阻，车尾造型让它天生带感。,内饰塑料件大量运用，只有车门扶手处有软包装，显得不够大气，手摸上去比较生硬仪表中控：一目了然的仪表盘，有转速和时速以及里程，如果白天也点亮就好啦,[续航],强大的续航是外出安全的保障。目前240公里，表显9.6，提车289块加满，目前还可以续航里程750左右，并没有别人说的磨合期油耗高的吓人,[空间],可以在盖板盖着的情况下轻松放下两个24寸的行李箱，还可以在边缘位置放两个背包,[动力],[充电],开车不追求推背感，不喜好超车的快感，市区代步开开够用了，不会有肉的感觉。,充电方便，便捷快速。,[操控],[舒适],行驶非常平稳，减震好，调教舒适，能过滤掉很大一部分震感。造诣能控制也挺好的，车里很安静，没有风嗓和胎噪,[性价比],最满意跑高速的时候这个车表现也不错，尤其是在高速超车的过程中，车子的发动机的动力还是相当充沛的，这点很不错
"
    发表于  2020-06    

      
        
    
    
",方向盘对我来说有些大，不过操控起来也没有什么困难的，还是比较轻便，车身也比较灵活,https://image1.xcarimg.com/attachments/my/1/84/66/266_120.jpg,xuser1856626,三星会员,4.63,外观,4,内饰,5,续航,4,空间,5,舒适,5,动力,5,操控,4,性价比,5,购入信息,爱车车型,购入时间,2019/4/1,购车地点,郑州大展红旗汽车销售有限公司 [河南省],裸车价格,22万  (厂商指导价 22.58万),续航里程,10km,购入用途,上班,购物,爱车简评,选择红旗也是比较信得过它的质量的，不仅质量靠得住，而且外观相比旧款来说多了一些年轻时尚感，特别是红色的车漆，又更抢眼一些，周末开着去海岸线边上兜兜风，就是一道亮丽的风景线,实拍图片,https://img1.xcarimg.com/review/20200602/a4f7191ce304b2a0d75a6e7e8e36b246.png-169x127.jpg,https://img1.xcarimg.com/review/20200602/acb19bb9d4a850918822818616d1ef96.png-169x127.jpg,https://img1.xcarimg.com/review/20200602/33447f6692d288adb54b39d80b9ffe94.png-169x127.jpg,https://img1.xcarimg.com/review/20200602/da4eed7374b3d07aaf84d74ad7e475da.png-169x127.jpg,https://img1.xcarimg.com/review/20200602/ee3c50f9ad32c12e487d326340c8878f.png-169x127.jpg,,爱车评价,[最满意],优点：空间啊，5个壮汉不嫌挤。后备箱大能装。噪音控制很好，车内挺安静的（反正我市区最快才跑过70公里/小时），车外听上去也挺好，轰油门也不刺耳。比较省油，刚入手不熟悉，前一百公里平均将近16，今天才410降到14了已经，还带开空调。,[不满意],右前方有异响，4s说是避震，说现在不明显。后面让首保去看看。没有什么不满意的地方，唯一可以挑出毛病的就是续航没有那么高，不过还好，我平常上下班开开，一周充一次电差不多。 没有什么不满意的地方，唯一可以挑出毛病的就是续航没有那么高，不过还好，我平常上下班开开，一周充一次电差不多,[外观],[内饰],喜欢喜欢喜欢越看越喜欢就是大气。,内饰做工精良，给感觉不错。,[续航],续航能力强,[空间],我180的个头做在驾驶室 头顶还有个拳头空间，后排空间也不错。后备箱很给力 ，家用完全足够，后备箱已经被我放了很多杂物。,[动力],[充电],动力还是非常强劲的，只要轻踩油门，反应的特别及时，去无人的海岸线上，一路踩油门就能感受到它的充沛动力,方便容易。,[操控],[舒适],车身悬架偏硬，路噪明显，小颠簸完全传入车身，唯一的好处是过起伏路没有大的抛跳！座椅舒适性：座椅偏硬，包裹性一般，坐垫长度偏短，对大腿支撑不是很到位！ 座椅的包裹性比较好，特别是材质用料比较好，坐进去挺舒服的，天气好，开上音乐吹风驾驶感受极佳,[性价比],在海南的大部分都是东北人，所以肯定要支持一下自家的产业啦！在海南的冬天早已经过去了，春暖花开之际，也想要买一辆属于自己的车去海边兜兜风，享受一下人生
