publish,标题,名称,名称1,名称2,评分,评分3,评分4,评分5,评分6,评分7,评分8,评分9,评分10,评分11,评分12,评分13,评分14,评分15,评分16,评分17,评分18,标题19,信息,信息_链接,信息20,信息21,信息22,信息23,信息24,信息25,信息26,信息27,信息28,标题29,purpose,标题30,jia_text,标题31,信息32,图片,图片33,图片34,图片35,dw_22,dw_2236,dw_23,dw_2337,dw_1,dw_2,dw_238,dw_5,dw_539,dw_11,dw_3,dw_1140,dw_341,dw_4,dw_442,dw_6,dw_643,dw_7,dw_744,dw_8,dw_845,up_链接
"
    发表于  2022-10    

            
    
    
",科技感爆棚，很特别,https://image1.xcarimg.com/attachments/my/1/79/26/115_120.jpg,xuser1802611,支柱会员,4.63,外观,5,内饰,4,续航,5,空间,5,舒适,4,动力,5,操控,4,性价比,5,购入信息,爱车车型,https://newcar.xcar.com.cn/m64787/,2022款ID.6 CROZZ长续航PRO版,购入时间,2022/8/1,购车地点,淮安康润汽车销售服务有限公司 [江苏省],裸车价格,25.4万  (厂商指导价 29.39万),续航里程,500km,购入用途,上班,爱车简评,外观设计相当高调，相当帅，设计蛮运动的，是我喜欢的类型，加上现在电车非常流行，油价越来越贵，就有了买它的冲动，多次了解试驾之后，出手了。这一个多月来驾驶体验很满意，马上冬天了，看看到时候续航怎么样。,实拍图片,爱车评价,https://img1.xcarimg.com//review/20221010/7da59b802771d0092d2e5a9280fa0b16.jpg-169x127.jpg,https://img1.xcarimg.com//review/20221010/1b5192cf653bd0f8a97b0ec7520085e7.jpg-169x127.jpg,https://img1.xcarimg.com//review/20221010/0de9534d8adbbcb25b902e3cb4868104.jpg-169x127.jpg,https://img1.xcarimg.com//review/20221010/38cfed218548be01fb6ca489d63180eb.jpg-169x127.jpg,[最满意],外观高调帅气，很有科技感,[不满意],内饰感觉一般，没有外观那么拉风,[外观],[内饰],中规中矩吧没有外面好看,[续航],现在续航正常开400公里没问题，冬天的话不知道,[充电],[空间],小区里有充电桩，很方便很实惠,空间很大，家用没毛病,[舒适],座椅有点硬，其他还好,[动力],动力比油车猛多了，油门都不敢猛踩,[操控],操纵反应很灵敏,[性价比],我还是比较满意的,
"
    发表于  2022-08    

      
        
    
    
",外观：这ID6不似大众，不套娃了，全新的设计语言了，大灯很好看，画龙点睛的感觉，亮起来的一刻感觉车都活起来了,https://image1.xcarimg.com/attachments/my/1/93/93/030_120.jpg,xuser1949303,三星会员,4.88,外观,5,内饰,4,续航,5,空间,5,舒适,5,动力,5,操控,5,性价比,5,购入信息,爱车车型,https://newcar.xcar.com.cn/m64785/,2022款ID.6 CROZZ标准续航PURE版,购入时间,2022/2/1,购车地点, [黑龙江省],裸车价格,27万  (厂商指导价 25.89万),续航里程,280km,爱车简评,,爱车简评,之前也看了比亚迪唐和上汽大众ID6X，主要是考虑过两年要二胎，所以就想买个六座或者七座的车，又不想看着油价标涨，到时候得多掏腰包，预算也就二十多万，所以就去看了ID6，最后无脑的选择了一汽大众ID6CROZZ,,爱车评价,,,,,[最满意],最满意的莫过于这ID6CROZZ开起来不论是是在城市道路还是在高速公路上都是稳重厚实感十足，让你心里踏实，这是别的车给不了我的感觉，电车起步快，等红绿灯的时候，路灯亮了给油门直接走，这是油车给不了的，之前开的也是一辆高尔夫！,[不满意],最不满意的就是车窗控制键了，如果能多做两个最好的，也不好去改装，只能忍了，还有的时候车机系统会卡顿吧，这可能跟我用苹果有关系，苹果你就感觉不到卡,[外观],[内饰],内饰：第一眼看上去，会觉得仪表盘感觉比较小，相信这基本上的所有人的共识。但也是因为这样的布局，给我一种很强的新鲜感。结合上用料，是有精致感的是好看的。,[续航],电耗：目前夏季的电池和公里数没有让我们感到焦 虑，可能单位楼下地库就有充电桩，日常充 电方便，所以夏季没有电量焦虑。一般就充 到百分之八十左右，开到百分之三十接着 充，也不知道这么充对不对，就这样吧。,,[空间],,空间：举家出行，这空间还是够用的，需要多放东西后排座椅直接放倒,[舒适],舒适性：无论是小区减速带还是路上的坑坑洼洼，ID6的悬架几乎都是一次上下起伏就能回复正常，开起来很舒服，这进一步提升了ID6的行驶信心以及乘坐舒适感！车内味道很小。 方向盘右侧带音量调节，很方便！ 座位也舒服，主副驾还带自动按摩。 ☆ PM2.5过滤装置：上车开启，可以快速去除车内异味，挺好的！ ☆ 空调温度分区控制：空调很强大，不错。后排小孩容易触碰，所以可以在设置里关掉后排控制空调。,[动力],动力：车稳，开起来像油车，这种话就不用多说了，零百速度八点几秒，在电车里有点慢，但作为一台车，这个速度也算是中规中矩，因为车里坐的都是一家子，起步速度慢点就慢点呗，我要那么快的起步速度干嘛？我就纳了闷了，有多少开车场景需要零百三点几秒的速度，我要它干嘛?闯红灯吗?还是跟救护车飚一下谁更快？真想寻个刺激我去欢乐谷坐过山车好不好啊，还没人跟我抢路。,[操控],操控：大众的操控没得说，不论电车还是油车，都很稳重,[性价比],性价比：这车现在就是无脑的喜欢，不用担忧保养得要多少钱，就是太方便了！,javascript:;
"
    发表于  2022-08    

      
        
    
    
",外观：车身修长，大灯很炫，动态矩阵大灯，贯穿式车灯，流线型，科技感十足。,https://image1.xcarimg.com/attachments/my/1/93/93/022_120.jpg,xuser1949302,三星会员,4.88,外观,5,内饰,5,续航,5,空间,5,舒适,5,动力,4,操控,5,性价比,5,购入信息,爱车车型,https://newcar.xcar.com.cn/m65547/,2022款ID.6 CROZZ长续航Lite PRO版,购入时间,2022/5/1,购车地点, [重庆市],裸车价格,25万  (厂商指导价 28.89万),续航里程,300km,爱车简评,,爱车简评,在配置和用料水平上是没有什么问题的，车内的空间也挺大，舒适性配置也比较丰富，乘坐舒适度也是非常棒的。,,爱车评价,,,,,[最满意],目前对此车的续航、高速安静、全速自适应巡航、360影像和空间都满意。我是置换车子，以前是南方某新能源品牌，18年购置，当时410公里属于大续航了，没有能量回收，车子较小也不需要360影像，总体感觉老车还可以:但从北京到石家庄，中间必须充一次电，否则心理真的会恐慌的。目前大众这款车刚提4天，在市区跑过两次，操控性和动力感觉还可以，随叫随到。昨天刚刚跑一次高速，在京港澳行驶二百多公里，一路上空调中低风速，开了自适应巡航，设定在120迈，在相当程度上解放了右脚，车道保持非常好，很安全，驾驶很有信心。,[不满意],都是小问题和常见问题，比如新车有异味等等。,[外观],[内饰],内饰：内饰感觉还可以，真皮座椅不错。皮质缝制的也可以。扶手箱高度可调，适合不同需求的人群。全景天窗很大，很长，打开之后亮堂堂的。,,,[充电],[空间],买车也就一个多月的时间，夏天电耗明显高了点，不过也正常，总的来讲这辆车的续航能力还可以，稳定在450公里左右还是没问题的，目前的平均电耗在16kwh/100km左右。,空间：本人身高173，72kg，前排空间绰绰有余，第二排也很宽敞，二排基本纯平，我女儿直接躺在二 排地板上。第三排目前用不上。,[舒适],舒适性配置也比较丰富，乘坐舒适度也是非常棒的。,[动力],动力：跑高速的时候，自适应巡航和车道保持非常有用，很安全，开起来信心十足。舒适模式下，油门随叫随到，还没试过运动模式。车比较长，停车需要借助360影像，可以独立倒车入库。前后雷达、侧方雷达都很灵敏，很给力。,,,[性价比],性价比：这么大的车，这么足的续航，最近ssss搞活动，降价加补贴，感觉大众很有诚意。如果是油车，中大型SUV，高配起码要三十几个，这纯电平台要价很亲民，大众棒棒棒。我个人不怎么相信性价比，一分价钱一分货，大众底盘扎实，品质没得说，希望大众的新能源品牌越做越好。,javascript:;
"
    发表于  2022-08    

      
        
    
    
",外观只能说见仁见智了，我不太在意外观，（比亚迪秦PLUS我觉得就挺好看的）。媳妇觉得这款外观好看，孩子们也挺喜欢，就买了。车身做工非常好，缝隙和用料都很实在。感觉大众很想把这款车做好。毕竟ID系列如果拉稀了，大众再想扭转印象就难了，很有可能会成为第二个诺基亚。车轮20寸，特斯拉Y改20寸得加8000，轮胎是缺气保用胎，后胎宽265，看着就很有安全感。这两天冰雪路面，很多车都在打滑，得益于这么宽的胎和这么重的车，作为后驱车，竟然影响不大。,https://image1.xcarimg.com/attachments/my/1/93/93/025_120.jpg,xuser1949302,三星会员,4.88,外观,5,内饰,4,续航,5,空间,5,舒适,5,动力,5,操控,5,性价比,5,购入信息,爱车车型,https://newcar.xcar.com.cn/m64788/,2022款ID.6 CROZZ高性能PRIME版,购入时间,2022/2/1,购车地点, [山西省],裸车价格,26万  (厂商指导价 33.69万),续航里程,280km,爱车简评,,爱车简评,为了接送孩子，俩娃的乘坐体验上，还是ID6CROZZ舒服些，特斯拉后座有点短了。而且，特斯拉后期的维护成本据说比较高，门把手更换就要上万，大众后期维护成本比较低。,,爱车评价,,,,,[最满意],乘坐比较舒适，整体配置比较高，座椅记忆 调节 加热 按摩 抬头显示 L2辅助驾驶，常规需要的基本都有。作为这个价位的大众，应该说这款车诚意满满，做工、静音，底盘感受都很好。,[不满意],电动车的通病啦，冬天续航缩水，尤其这两天大风降温大雪。在室外静置时间较长后，冷启动开始的电耗能达到正常的两倍以上，十公里后，车热起来后能好一些。,[外观],[内饰],内饰简约大方，下料不错，基本都是软性材质和真皮缝线。语音控制比较实用，切换个歌曲，接打电话比较安全，尤其这两天，前窗容易起雾，说一句开启除霜，三五秒搞定，不像以前，总是闹不清到底应该把空调调热还是调低。音响效果不错，但是并不是震撼的那种。氛围灯，孩子挺喜欢的，个人觉得无所谓，想关上省电，暂时还没找到怎么关闭。,[续航],电耗在预期之中，提车就是冬至了，提车那天还在零上，跑了一趟车管所挂牌，能耗17.4，这两天零下5-6度，基本都得20以上了。追加：今天室外三到五度，车从车库开出来没凉透，有的环山路，道很顺，跑出了15个多的电耗，非常满意，看来，春夏秋续航五百多公里应该没有问题,,[空间],,空间应该说毫无问题，前排中排都带分区空调，座椅加热，真皮打孔座椅，柔软度包裹性都非常好，最后排一般放倒，尾箱会比较大，临时短途应急，可以一个孩子躺在最后，而且不算超载。 ☆ 空间设计亮点：车上储物空间比较丰富用心，中控多层置物，扶手箱目测可以放下家用保温杯,[舒适],舒适性没的说，对比试驾了本田皓影、特斯拉Y、奔驰GLB200，无论静音还是底盘滤震还是座椅舒适感，都具有比较优势。新车基本没什么异味，开了PM2.5过滤和什么离子，基本感受不出来是新车。座椅加热和方向盘加热非常实用，在室外静置时间长了后，不想空调太影响续航的时候，把座椅加热和方向盘加热打开，就很舒服了，且耗电不高。使用很方便，不用启动也不用熄火，甚至不用开关灯，踩刹车就启动了 ，扭上档就能走，下车就关闭锁车了，到车库自动开灯，出车库自动关灯。,[动力],定位家用上下班，接送孩子，所以极限驾驶没有可能性。平时都是经济模式，应该说动力足够，想超车时，电门一深，车速即来，毫无迟滞。,[操控],放弃新势力的主要原因就是大众的底盘和操控功底，基本想打哪就敢指哪，转弯角度还多半圈。,[性价比],性价比应该说还不错，对比比亚迪唐，同价位配置更丰富一点。续航够用，安全配置齐全，驾驶辅助丰富，舒适性同价位头部区间，总体来说，是很实用的家用车。 购车：各种补贴都算上，优惠3个吧，选的珠光白，加2000，当天看完就订了。电车的驾驶体验，是同价位的燃油车没法比的，尽管还有很多不成熟的地方，慢慢补救吧。车位有公桩，还可以免费送家桩，晚上插上，设置好谷电开始充，早上7点前充好，应该说里程焦虑可以克服。衰减焦虑方面，8年之内有质保，不用担心，8年之后，总感觉电池技术会有突破了，即使没突破，相比八年前，现在的电池成本降到了以前的三分之一不到，将来应该也不会太贵了。 保养维护：送了首保免费，据说去了也就是检查检查，因为除了玻璃水、防冻液，空气滤芯之外，实在没啥换的。对比2000多的雅迪，除了定期换电池，车基本十几年，电机都没啥变化。四轮的品控应该也差不了多少吧。 品牌评价：大众ID系列建了厂家一对一服务群，应该说比较重视。,javascript:;
"
    发表于  2022-08    

      
        
    
    
",外观这方面我肯定是喜欢的，因为在这个看颜值的时代，每个人都是颜控，我也不例外，当初在网上看到这车的照片就觉得很气派，见到实车后更是迷住挪不动腿了，这外观看着确实硬朗霸气，尽显成熟的底气，看着也有辨识度。,https://image1.xcarimg.com/attachments/my/1/93/93/021_120.jpg,xuser1949302,三星会员,4.88,外观,5,内饰,5,续航,4,空间,5,舒适,5,动力,5,操控,5,性价比,5,购入信息,爱车车型,https://newcar.xcar.com.cn/m64787/,2022款ID.6 CROZZ长续航PRO版,购入时间,2022/2/1,购车地点, [重庆市],裸车价格,26万  (厂商指导价 29.39万),续航里程,300km,爱车简评,,爱车简评,ID.6 CROZZ最吸引我的就是空间和舒适性了，超过4.891米的车长，2.965米的轴距，从前到后分别是2 3 2的座椅分布，每一排座椅都有充足的空间,,爱车评价,,,,,[最满意],买这台车的时候我可是考虑了很久的，当然，对于大众ID.6 CROZZ 这台车，我可是打心底里的喜欢，目前让我最满意的就是这台车的空间，我之前的车子是一台轿车，开着确实憋屈，ID.6 CROZZ是一台中大型的SUV ，车内的乘坐空间蛮大的，车身尺寸也比较大，对我来说真的是太合适了。毕竟车子只是一台代步工具，空间大舒服，自己觉得合适那就行了。,[不满意],如果有非常不满意的地方，那我肯定也不会选择它了，目前只能说没有达到我的预期，除了内饰气味比较大之外，其他还真的没啥大问题，而且我感觉这台车的价位偏高了一点，优惠确实比较少。,[外观],[内饰],这台车的内饰风格也是很棒的，基本感觉不到那种塑料的廉价感，当然我最喜欢的还是液晶仪表盘，满满的科技感，还有中控的大屏，看着一目了然，开车过程中很省心，不过我要说一说这台车的座椅很软，坐着非常舒服，一点也不偷工减料，摸着很有质感。,[续航],我的这台车百公里电耗是16.7，官方续航601，实际上可以达到将近500公里，还算是不错的了，电耗高一点车子劲大，开着也舒服些，反正我从来没跑完过。,,[空间],,这台车的空间肯定是足够的，毕竟是七座的，特别是后排的空间，非常宽敞，即使是身高一米八的人坐上去也不会感到憋屈，更何况我们家就一个小孩，这个车的空间绝对是足够的。前不久的时候，我们一家人回了老家，带回了满满后备箱的特产，我发现这台车的后备箱能放不少东西，我想着等到国庆节了，到时候带着家人出去自驾游看看，应该也是蛮享受的。 ☆ 空间设计亮点：不得不说，换了这台车之后感觉还真的不一样，大车开着很有安全感，也很舒适。全景大天窗是我的最爱，虽然夏天有点晒，不过等着哪天出去自驾游了，躺在里面看星星还是不错的，而且这台车的前后都是独立悬挂，在减震方面做的不错。车子的隔音也很棒，而且电车的声音小，行驶的时候几乎听不到什么声音。,,,[动力],纯电动的车子开着确实比燃油车更加的舒服，动力肯定是不用担心的，车子提速非常快，特别是红绿灯起步的时候，这个是燃油车不能比的。开车还是安全第一，我买这台车的定位是家用，方便家里人出行，所以平时车里都是有老人跟小孩的，所以开的时候主要以舒适性为主，而且再大的动力对我来说只是提速快一点。而且我之前开轿车开习惯了，现在换了大车还真的有点不习惯，不过现在开了这么久了，慢慢的也就习惯了，而且电动汽车的驾驶体验和油车的完全不一样的感觉，车子提速快，开着很有劲。我很喜欢这台车的底盘，很高，坐在车上有一种居高临下的心态，让人很有自信，而且配置上也是应有尽有，360全景影像也是特别的清楚，全速自适应巡航，主动刹车这些配置也都有，对于我这个驾龄五年的老司机来说，操控真的不难。,,,[性价比],我当初买车的预算有三十万，再高点就承受不了了，毕竟现在疫情失业率还挺高的，三十万说不多也不多，说少也不少了，毕竟都是自己的血汗钱，现在的油价确实有点贵，所以我就想着买一台纯电的车子，我买车的时候看了好几款纯电SUV，其中国产车就看了几款，国产车也要十多万二十万左右了，还不如加钱买个合资车算了，更加保值，对于性价比这块，大众ID.6 CROZZ这台车价位确实有点偏高，水分有点大，而且优惠比较小，所以我觉得性价比一般。,javascript:;
"
    发表于  2022-08    

      
        
    
    
",大灯设计非常漂亮，晚上开车就是一种享受，另外做工方面比较有优势，接缝紧密，钣金工艺没问题,https://image1.xcarimg.com/attachments/my/1/93/93/006_120.jpg,xuser1949300,三星会员,4.88,外观,5,内饰,4,续航,5,空间,5,舒适,5,动力,5,操控,5,性价比,5,购入信息,爱车车型,https://newcar.xcar.com.cn/m64786/,2022款ID.6 CROZZ长续航PURE+版,购入时间,2022/2/1,购车地点, [辽宁省],裸车价格,26万  (厂商指导价 28.29万),续航里程,300km,爱车简评,,爱车简评,上一辆车是大众的老途观。现在新能源车很多人开，我也想尝尝鲜，还是比较信赖大众的，所以买电车也是选择ID.6 CROZZ,,爱车评价,,,,,[最满意],上一辆车也是大众，虽然是油车换电车，但是没有一点不适应。外形也是我喜欢的样式，越看越顺眼，而且配置挺高的。大气的外观 丰富的配置，美好的驾乘体验。支持车联网、还有语音控制识别等等，有着不错的互联体验。30万级最主流水准。作为一款中大型的Suv 家用非常大了,[不满意],车机确实有点难，必须拿着用户手册一点一点的学习。子菜单比较多，我年龄大了，确实搞不懂。 新能源车的卖点就是智能程度高，不的不吐槽的是中控屏略显小气,[外观],[内饰],内饰新颖了很多，对于大众车来说算是一种突破了，氛围灯好评，开起来很浪漫,[续航],大型SUV的电耗会高一点的，基本上维持在18/百公里，正常开500公里左右。冬天的续航就不行了，加上方向盘加热，座椅加热，还要开空调，掉电速度就很快。,[充电],[空间],续航：充满电可以开大概500公里，上下班用车还是很方便的。续航很真实，动态显示很人性。每天上班单程7km，没有焦虑。空间看个人需求，我觉得它的储物空间很丰富，乘坐空间也非常大，目前基本当五座开。,宽度只有一米八出头，但是轴距确实长，所以内部空间表现还是不错的,[舒适],虽然没有用双层隔音玻璃，但是玻璃也是加厚的，车内隔音效果确实不错，减震稍微硬了点。座椅包裹性好，软硬适中，各种辅助设施人性化，用起来方便，空间又大，就是一部旅行车，家用很舒服,[动力],加速比不了特斯拉，但是跟理想one有的比，红绿灯起步能赢过绝大部分油车。驾驶感受：它的车身底盘稳重，方向盘操控没有虚位，加速反应也快。车子很大，停车不方便，尤其是上下班，跟原来轩逸比大太多，停车太不方便。从没开过电车，开始感觉不适应，加速太猛了，跟车时不敢靠太近，新车刚上手，还有个磨合过程，比油车爽太多,[操控],之前开大众车，所以习惯了大众车的底盘和操控，开起来还是比较安心的。,[性价比],各种优惠下来，我觉得性价比不错，毕竟买的没有卖的精，我感觉还是被割韭菜了，但买车就是这样，你永远买不到最低价。性价比这一块还算蛮高了 20多万买到中大型的电车suv 开着放心,javascript:;
"
    发表于  2022-03    

      
        
    
    
",外观的风格还可以，我觉得还是挺有设计感的，我个人看下来还是比较喜欢的，因为他确实还是比较好看的，也值得你去细看。,https://image1.xcarimg.com/attachments/my/1/93/12/315_120.jpg,xuser1941231,支柱会员,5,外观,5,内饰,5,续航,5,空间,5,舒适,5,动力,5,操控,5,性价比,5,购入信息,爱车车型,https://newcar.xcar.com.cn/m61521/,2021款ID.6 CROZZ高性能PRIME版 ,购入时间,2021/11/1,购车地点, [天津市],裸车价格,33.48万  (厂商指导价 33.48万),续航里程,430km,爱车简评,,爱车简评,选择他的时候，就是觉得他价位可以接受，而且品质也还可以，所以也没有什么很大的纠结。,实拍图片,爱车评价,https://img1.xcarimg.com//review/20220309/76807fd1ff92eb478f0e49cf6f86c201.jpg-169x127.jpg,https://img1.xcarimg.com//review/20220309/952713814d2b708e2e37b5800c649bb2.jpg-169x127.jpg,https://img1.xcarimg.com//review/20220309/1dcec1dda001b9f612be07d72fb42d05.jpg-169x127.jpg,,[最满意],我比较满意这个车子的地方，就是觉得这一款车子他确实表现得还可以，因为它的配置还是比较好的，然后就是这个车子的油耗保持的还行。,[不满意],不太满意的地方，我觉得还挺多的，不管是减震效果还是隔音效果，都让我觉得并不是特别的满意。,[外观],[内饰],内饰还行吧，设计感一般，用起来的手感也还可以，反正没有什么大问题，异味异响的就还可以。,[续航],电耗的表现也还能接受。就是他的表现也挺稳定的，而且比我预期中其实要好很多。最起码还能续航430公里,,[空间],,空间上还行吧，主要看你自己的家庭所需了，我觉得目前来看，我们用起来是没有什么太大问题的。,[舒适],舒适性一个感受还可以嘛，这个车子的舒适性并不能是说他做的特别好的，因为它的缺点也挺多的，但是它的优点也是有的，就比如说它的座椅，空调的效果都还挺不错的，所以虽然说并不是一辆完美的车，但是做的也还凑合。,[动力],动力还可以，基本上起步各方面的都不会有什么特别大的问题，所以我觉得是可以接受的。,[操控],操控起来挺灵活的，而且确实是不难，主要是熟悉下应该都可以吧。,[性价比],性价比还行，目前来看用起来还是挺合适的，称不上是完美的，但是绝对是合适的。,javascript:;
"
    发表于  2022-03    

            
    
    
",外观也是我喜欢的类型，感觉近几年都比较流行这种款式，而且轮胎设计非常酷炫。,https://image1.xcarimg.com/attachments/my/1/93/31/516_120.jpg,xuser1943151,支柱会员,4.75,外观,5,内饰,4,续航,5,空间,4,舒适,5,动力,5,操控,5,性价比,5,购入信息,爱车车型,https://newcar.xcar.com.cn/m61521/,2021款ID.6 CROZZ高性能PRIME版 ,购入时间,2021/10/1,购车地点, [天津市],裸车价格,33.48万  (厂商指导价 33.48万),续航里程,450km,购入用途,上班,爱车简评,因为这台车是新能源车辆，自己也是一直都想买的，身边的朋友也有很多都跟我说新能源车辆有多好，我也是比较心动，再加上这台车的价格正好在我的预算之内，我也就没什么好犹豫的了，就买了。,实拍图片,爱车评价,https://img1.xcarimg.com//review/20220309/85bb4d87268c118f382ec464fcc7a5c5.jpg-169x127.jpg,https://img1.xcarimg.com//review/20220309/d4023842f8bef869d109f64e3d204ba5.jpg-169x127.jpg,https://img1.xcarimg.com//review/20220309/87a545d4f5bb189d9fc83f57be68ce56.jpg-169x127.jpg,https://img1.xcarimg.com//review/20220309/c47693084b7aab785d9c6266e46be77c.jpg-169x127.jpg,[最满意],最满意的就是这款车价格还算比较便宜，而且在用电的情况下也为我节约了一定的成本，买车还是要看是否经济实惠的，我也比较在意这一点。,[不满意],不满意的地方也有，因为如果是用作家用，感觉空间还是比我需要的要小了点，还有就是内饰不是特别精致，有的地方的做工我不太喜欢。,[外观],[内饰],内饰相对来说比较粗糙，有些地方塑料感比较强，就会显得有些廉价，我不是很喜欢。,[续航],电耗我觉得并不算高，而且平时充一次电可以用很久，还是挺方便的，续航时间也很长。,,[空间],,感觉前后排的空间表现都中规中矩，不是特别宽敞，而且主驾驶位头部离车顶只有不到一拳的距离，还是有些压迫感的，再加上后备箱虽然很平整，但实际上能放下的东西并不多，整体上都不是特别满意。,[舒适],舒适性我比较满意，因为目前为止也没有听到任何噪音，车辆减震效果也不错，座椅比较舒适，整体感觉都很好。,[动力],动力表现还是比较充足的，平时全家出行，车内满员的情况下也很够用，而且加速能力强，不担心出现什么问题。,[操控],操控起来比较简单，方向盘好掌握，转弯转向都很精准，车辆底盘稳定，也不会侧倾，而且油门和刹车都比较有线性。,[性价比],性价比还挺高的，价格比较合理，而且品牌值得信赖，大家的评价也都很高。,https://newcar.xcar.com.cn/5197/review/comment-429228.html
"
    发表于  2022-03    

            
    
    
",外形特别的亮眼，特别耐看，大灯设计超有感觉，具有超现实主义，很科幻轮毂尺寸挺大的，而且设计的很高大上,https://image1.xcarimg.com/attachments/my/1/93/31/515_120.jpg,xuser1943151,支柱会员,4.88,外观,5,内饰,5,续航,4,空间,5,舒适,5,动力,5,操控,5,性价比,5,购入信息,爱车车型,https://newcar.xcar.com.cn/m61521/,2021款ID.6 CROZZ高性能PRIME版 ,购入时间,2021/9/1,购车地点, [河北省],裸车价格,33.48万  (厂商指导价 33.48万),续航里程,440km,爱车简评,,爱车简评,这辆车的各方面我都挺喜欢的，空间动力造型都很不错，我平时也要运送货物，然后要出差接送我的客户，家里的人口也挺多的，他能满足我各方面的需求,实拍图片,爱车评价,https://img1.xcarimg.com//review/20220309/8b399d83f7b0fd722159c3c64ded89a6.jpg-169x127.jpg,https://img1.xcarimg.com//review/20220309/6b86d1585427353ee03292f0d64aba4f.jpg-169x127.jpg,https://img1.xcarimg.com//review/20220309/4a9616a4290b22801432bae43b2838e8.jpg-169x127.jpg,https://img1.xcarimg.com//review/20220309/e8e1b77869543521532d2e76d544aa31.jpg-169x127.jpg,[最满意],比较让我满意的地方，车子的做工还挺好的，不粗糙，车头的空隙不大，有许多不好的路面，他都可以通过底盘挺高的，空间非常实用，搬家拉货都可以，就像一个移动的，储物空间一样，很好用,[不满意],我最不满意的就是开空调的时候，续航里程下降比较快，开不到420公里,[外观],[内饰],内饰的氛围还不错，简简单单，一目了然，大屏幕很大气，所有的功能都集中在这块屏幕上，用起来很方便,[续航],电耗我很满意，超出了我的预料，在续航里程不多的情况下，它会提示你，你可以提前充上电，避免没电的麻烦.,[充电],[空间],充一次电可以续航440公里，我很满意,空间非常大，是他最好的地方，上次帮朋友搬家，两次就搬完，我中等身材身高一米七六，头部空间有三个拳头的距离,[舒适],舒适度挺高的，电机的声音很小，车内的隔音也非常不错，基本上不会受到外界的干扰,[动力],动力很不错，在满载的情况下，动力输出也挺猛的，然后爬坡非常给力，超车也挺迅速,[操控],方向盘指向还是挺精准的，小路口也能轻松通过,[性价比],性价比蛮高的，售后服务人员的态度很好，他会及时跟我沟通用车的情况，这辆车商务家用两不误，可以满足不同的需求,https://newcar.xcar.com.cn/5197/review/comment-429227.html
"
    发表于  2022-03    

            
    
    
",相比同级别的很多纯电动车来讲，大众这款车外观看起来明显要更运动，更有气势一些，整个车身线条看上去也特别饱满 。,https://image1.xcarimg.com/attachments/my/1/93/31/514_120.jpg,xuser1943151,支柱会员,4.88,外观,5,内饰,4,续航,5,空间,5,舒适,5,动力,5,操控,5,性价比,5,购入信息,爱车车型,https://newcar.xcar.com.cn/m61521/,2021款ID.6 CROZZ高性能PRIME版 ,购入时间,2021/10/1,购车地点, [山东省],裸车价格,33.48万  (厂商指导价 33.48万),续航里程,460km,购入用途,上班,爱车简评,当时就想选择一台纯电动车，刚开始的时候还是了解我们国产车比较多一些，但最终还是决定选择了这台大众纯电动车，因为相比之下我还是非常看好大众车的品质的，虽然说价格比较高，但相对肯定要更加省心一些,实拍图片,爱车评价,https://img1.xcarimg.com//review/20220309/160bb91812080aeb4e3635747c7a2718.jpg-169x127.jpg,https://img1.xcarimg.com//review/20220309/d07e3e228587a0c5004808322020fa27.jpg-169x127.jpg,https://img1.xcarimg.com//review/20220309/001dedd03497bfd9282728b2f11ecf2b.jpg-169x127.jpg,,[最满意],作为大众旗下的一台纯电动SUV，这台车子的外观设计还是很超前的，而且这台车子的驾驶感受也很棒，续航能力也是比较强的，车内的空间也挺大，实用性也没有任何问题，驾驶感受非常棒，而且用车成本也是非常低的。,[不满意],车子内部的用料还是比较一般的，而且本身的价格也的确是比较坚挺的，定价高，而且优惠力度也比较小。,[外观],[内饰],其实整个内饰看着还是很大气的，而且车内的配色也特别时尚，只不过就是用料不太好，因此整体的质感就略微有些下降。,[续航],电池的续航能力一直还都挺不错的，基本上能达到460公里左右,,[空间],,我感觉它的横纵向空间比同级别的很多车都要更大一点，前排座椅任意调节几乎不会影响到后排的正常乘坐，而且它的后备箱也是非常大的，放两三个大点的行李箱没有任何问题。,[舒适],座椅还蛮厚实的，后排的中间座椅也没有多么硬，而且前排的腰部支撑也是非常实用的,[动力],这台纯电动车的动力输出明显要更柔和一点，即使深踩加速踏板时它也会给人一种循序渐进的加速感。,[操控],这辆车的动能回收力度也很强，中开加速踏板的一瞬间减速也不是很突兀，轻盈的转向调教让人觉得车子开起来都是轻松惬意的。,[性价比],性价比这方面是有目共睹的，综合实力比较好,https://newcar.xcar.com.cn/5197/review/comment-429225.html
"
    发表于  2022-03    

            
    
    
",外观的设计确实比较时尚，车子的颜值也确实比较高，整体的设计风格还是挺大气的，非常的给力。设计的比较前卫，有点像概念车的样子，整体的设计特别的漂亮，特别的大气时尚。,https://image1.xcarimg.com/attachments/my/1/93/31/512_120.jpg,xuser1943151,支柱会员,4.88,外观,5,内饰,5,续航,5,空间,5,舒适,4,动力,5,操控,5,性价比,5,购入信息,爱车车型,https://newcar.xcar.com.cn/m61521/,2021款ID.6 CROZZ高性能PRIME版 ,购入时间,2021/9/1,购车地点, [河北省],裸车价格,33.48万  (厂商指导价 33.48万),续航里程,430km,爱车简评,,爱车简评,选择这款车的理由也是因为他的性能比较好，性价比还是比较高的，质量方面不错，品质方面都比较优秀。在对比了很多款车以后，才选择了大众这款车，主要是因为它的性能好，质量好，品质好，性价比各方面都不错。,实拍图片,爱车评价,https://img1.xcarimg.com//review/20220309/b758b0ad3031cbc85925a869cf2286c0.png-169x127.jpg,https://img1.xcarimg.com//review/20220309/23052d1ef53c2b94601d2442b639a535.png-169x127.jpg,https://img1.xcarimg.com//review/20220309/abc10c7d6894aa872b20e2f100f1ef61.png-169x127.jpg,https://img1.xcarimg.com//review/20220309/4a5b0e9618308a0e9a36918e09d17920.png-169x127.jpg,[最满意],这款车的车身线条还是很好看的，比较给力，车身的颜色非常大气，最满意的还是它的续航里程430公里，冬天可能稍微有一点缩水，但是都属于正常情况。选车就该选择一台纯电动的车型，现在的趋势就是电动车的时代，纯电动的车型有一些优点，出行方便不限号，再加上没有购置税能省出很大的开支，这款车的性能确实非常的好。并且他的空间也比较大，乘坐起来也挺舒服的，头部和腿部的空间也挺充足，不会感觉到拥挤，后备箱的空间也挺大的，整体的使用空间是非常充足的，不会有任何的不舒服。,[不满意],最不满意的是这款车的悬挂稍微有点硬，再行驶起来会有一些颠簸感，不是特别的舒服。这款车开起来还是很舒服的，就是这一个小缺点，其他没有太大的问题。,[外观],[内饰],这款车它的内饰做工非常的漂亮，整体的内饰偏向于豪华感，更加的运动。内饰的做工比较好看，内饰的设计比较气派，非常的高端大气上档次。,[续航],不一样驾驶电耗不同，急加速的时候会有一些不同。冬季的时候可以达到430公里还是很可观的,,[空间],,空间还是挺大的，因为它的使用空间比较宽敞，包括他头部的空间，包括他腿部的空间都比较充足。空间表现非常好，整体的使用空间特别大，别看车子不算大，但是他的空间表现还是挺优秀的，开起来舒服。,[舒适],这款车它的舒适性还是非常好的，因为车子确实很棒，开起来很稳，座椅非常的软，但是缺点就是它的悬挂稍微有点硬，行驶起来还是会有一些颠簸，不是特别的舒服。,[动力],动力特别强，提速也很快，这是一台纯电动车型，所以在超车的时候也都非常的轻松，没有一点点的延迟。电动车在提速的时候都是非常快的，车子超车的时候也都很轻松，没有一点点的延迟。,[操控],这款车的操控性非常的好，因为方向盘的灵敏度挺高的，转向的时候也没有盲区。整体的操控性非常好，转向的时候也没有盲区，车子开起来很顺手，非常的稳。,[性价比],同价位车型也算是性价比比较高的性能比较靠谱，质量各方面都比较优秀。性价比特别的高的，在同级别车型里面也算是一个佼佼者。最起码这个价位还算可以，续航里程比较长。很棒的一台车。,https://newcar.xcar.com.cn/5197/review/comment-429220.html
"
    发表于  2022-03    

            
    
    
",外观我是挺喜欢的，毕竟当时买车其中一点就是冲着这个车的外观的，但是我更加想把这个门把手改成特斯拉那种的一按弹开的那种，感觉那样更好看 更有科技感,https://image1.xcarimg.com/attachments/my/1/93/31/511_120.jpg,xuser1943151,支柱会员,4.88,外观,5,内饰,5,续航,4,空间,5,舒适,5,动力,5,操控,5,性价比,5,购入信息,爱车车型,https://newcar.xcar.com.cn/m61521/,2021款ID.6 CROZZ高性能PRIME版 ,购入时间,2021/12/1,购车地点, [河北省],裸车价格,33.48万  (厂商指导价 33.48万),续航里程,440km,购入用途,上班,爱车简评,因为我不太懂车什么的，我选择这款车就那么几点，很简单的几点，我个人认为大众是一个很厉害的牌子，后期保养也便宜 ，在接着就是不想被限号，所以买个电动的。也没有啥特别多的想法,实拍图片,爱车评价,https://img1.xcarimg.com//review/20220309/3b322e09b69d35daa516d87cd6ceb279.png-169x127.jpg,https://img1.xcarimg.com//review/20220309/f1c8908a8b44e8c29e22fc63ac9b4c2c.png-169x127.jpg,https://img1.xcarimg.com//review/20220309/1ece63c554bd655c5e0b769e76604a71.png-169x127.jpg,https://img1.xcarimg.com//review/20220309/703d19d5a6b4563d73982354e12bf177.png-169x127.jpg,[最满意],目前这个车开了没多少公里，还没有get到特别满意的点，但当时是外观吸引了我，所以现在感觉最满意的就是外观，对了还有内饰，换档的地方 是我最喜欢的了,[不满意],最不满意的可能就是这个车在冬天续航会短吧，毕竟我的小电车冬天续航少了一大截，咱也不知道冬天会少多少,[外观],[内饰],内饰感觉非常的OK，感觉大众的纯电内饰和烧油车的内饰差别很大，这个有更强的科技感，烧油的只能感受到全是塑料了，当然那种二三十万的就另当别论啦，,[续航],这个车的续航里程其实是在我接受范围内的，所以买了它，但是我也不知道以后这些专家们能不能解决冬天续航问题，因为我在北方生活所以冷啊，大冬天的能冻废掉。不知道我这新买的车抗不抗造了。,[充电],[空间],充满电的话续航440公里左右,空间方面对于我来说绰绰有余了，日常各种需求完全够用的，中央扶手箱也是蛮大的，反正女朋友的化妆品是装不满了，后备箱的空间还是比较让我经验的，因为这个车的外观让我认定他的后备箱空间不会太大，但是这个车后备箱的使用空间还是够够的。,[舒适],这个车舒适性挺好的，开过一次一小时的路程全程做起来不会觉得时间长了屁股僵硬，座椅挺舒服的再加上操控性好，所以全程开车都是蛮享受的过程，还有一点就是车子在加速行驶的时候，胎噪声，跟风噪声也不是特别的明显，车子内部的隔音效果也是非常不错的表现。,[动力],动力这方面来说的话，起步非常的轻盈，毕竟是纯电动车，轻点电门，动力能够立马响应，而且在堵车跟车行驶时能给我非常跟脚的动力输出，旁边车子基本不可能往我前面加塞，中后段的加速超车也没得说，动力杠杠的。,[操控],这台车开起来操控性还是很强的，目前我也开过不少大众车 不管是上汽还是一汽的大众我都觉得操控很强，指哪打哪，而且方向盘很轻，很灵活，我女票开起来都毫不费力,[性价比],大众车的性价比yyds，尤其是纯电的车，上绿牌，不限号，随便开还省油，而且大众车都保值，但不知道新能源的保不保值了，反正现在开着很开心了。,https://newcar.xcar.com.cn/5197/review/comment-429218.html
"
    发表于  2022-03    

            
    
    
",外观我感觉挺满意的，这台车的外观很有个性，特别是大灯很漂亮，然后从侧面看，车型也是非常的动感的，虽然是SUV车型，看上去却一点笨重感都没有。溜背式设计能够让这台车子跑起来更平顺，同时造型也非常的漂亮，尾部是一体式的尾灯，动感十足。,https://image1.xcarimg.com/attachments/my/1/89/82/440_120.jpg,gh1621131575,支柱会员,4.88,外观,5,内饰,4,续航,5,空间,5,舒适,5,动力,5,操控,5,性价比,5,购入信息,爱车车型,https://newcar.xcar.com.cn/m61521/,2021款ID.6 CROZZ高性能PRIME版 ,购入时间,2022/1/1,购车地点, [重庆市],裸车价格,33.48万  (厂商指导价 33.48万),续航里程,460km,购入用途,上班,爱车简评,买车最先看的肯定是外观，首先外观是要符合自己的审美的，这台车看过之后真的是印象深刻，因为外观确实是太漂亮了，然后价格也是符合自己的预算,实拍图片,爱车评价,https://img1.xcarimg.com//review/20220309/49c153cc6e8c77c99909cb5b3596f4f1.png-169x127.jpg,https://img1.xcarimg.com//review/20220309/794d7156384d852326ce6b506ea2f29e.png-169x127.jpg,https://img1.xcarimg.com//review/20220309/5920248573d267a9043a34e00dda9123.png-169x127.jpg,https://img1.xcarimg.com//review/20220309/f129cb1f67fd9eae3959a79d2fe6986f.png-169x127.jpg,[最满意],买车最先看的肯定是外观，首先外观是要符合自己的审美的，这台车看过之后真的是印象深刻，因为外观确实是太漂亮了，然后价格也是符合自己的预算，内饰方面也是很不错的，综合各方面的考虑就选择了这款车。空间挺宽敞的，驾乘很舒适，这台车的后备箱很宽敞，自驾游放行李没有任何问题。,[不满意],让我觉得不是很满意的一点就是它的内饰有异味，这一点是让我觉得不是那么满意的地方。,[外观],[内饰],内饰挺漂亮的，立体式的中控屏幕很时尚。主副驾中间的地方看上去非常的规整。天窗的面积挺大的，所以车内的光线挺通透的。让我觉得不是很满意的一点就是它的内饰有一些异味这一点是让我觉得不是那么满意的地方。,[续航],能耗挺满意的，比汽油车是省多了，而且对于我们的生存环境也是尽了自己的一份力量。国家现在对于节能减排这块也是很重视，对新能源车也是大力支持，我感觉新能源车确实不错，选择新能源车算是利人利己的事情。续航可以达到460公里我觉得就是不错的了,,[空间],,空间挺宽敞的，驾乘很舒适，这台车的后备箱很宽敞，自驾游放行李没有任何问题。,[舒适],舒适度我觉得很不错，这台车开起来挺稳的，遇到一些弯路也不会觉得很晃。而且座椅也挺舒服的。对背部和头部的支撑都不错。,[动力],动力很不错，这台车跑高速都没有问题，提速也挺快的，所以对于它的动力很满意，,[操控],方向盘很容易驾驶，转动也挺轻松的，油门刹车的反应也很灵敏。驾驶非常的舒适。多种驾驶模式可以选择，可以根据自己不同的需求切换，可以兼顾到动力和能耗。,[性价比],性价比我觉得是挺不错的，而且配置也是比较丰富的，当时买车的时候也看了不少的车，包括一些日系合资车呀，还有一些国产的新能源，但是还是感觉这台车更合我的眼缘，外观看上去更加的漂亮，而且当时对比的时候也发现，这台车其实在各方面的表现都属于比较均衡的，没有说特别有缺陷的地方，所以整体感觉这台车性价比还是很不错的。,https://newcar.xcar.com.cn/5197/review/comment-429215.html
"
    发表于  2022-03    

            
    
    
",外观设计比较的前卫很带有科技感，会给人比较大气的感觉，前面大灯跟后面尾灯都很漂亮，特别在晚上打开灯光的时候很好看，在晚上拍车的照片很有有大片的感觉随便拍拍都可以拍出大片质感,https://image1.xcarimg.com/attachments/my/1/93/31/510_120.jpg,xuser1943151,支柱会员,4.88,外观,5,内饰,4,续航,5,空间,5,舒适,5,动力,5,操控,5,性价比,5,购入信息,爱车车型,https://newcar.xcar.com.cn/m61521/,2021款ID.6 CROZZ高性能PRIME版 ,购入时间,2021/11/1,购车地点, [广东省],裸车价格,33.48万  (厂商指导价 33.48万),续航里程,450km,购入用途,上班,爱车简评,买这辆车是觉得它的外形是符合我的审美的，然后长期使用的话，经济上面会比燃油车减轻很多因为毕竟现在油价这么高了，你充电的话，长期使用会比较的省钱,实拍图片,爱车评价,https://img1.xcarimg.com//review/20220309/550668ead52b2087d812ef6c1b7757fc.png-169x127.jpg,https://img1.xcarimg.com//review/20220309/ea897dc815bec20d7c6349be8e136a55.png-169x127.jpg,https://img1.xcarimg.com//review/20220309/c7fb534de51aa7a47abbe9500e7f545f.png-169x127.jpg,https://img1.xcarimg.com//review/20220309/459788911bc7969d8347edc9a5d72f2b.png-169x127.jpg,[最满意],不得不说，这车开起来真的非常舒服，他的机电声音听起来很安静，，声音安静很多，还有这辆车，我非常满意的，就是他整个内饰的话，设计非常有科技感，整个大屏幕非常非常的大气整个的感觉就非常有气质，，然后这辆车的舒适度我也是蛮喜欢的，座椅挺高的，而且的话，腿部会比较舒服，特别是跷二郎腿，也没有大的问题，头部空间也非常的宽敞,[不满意],不满意的地方，这辆车在平时开空调的时候耗电会比较快，还有新车刚买来有一点气味,[外观],[内饰],内饰部分设计挺好看的，比较的年轻时尚靓丽，而且整个的颜色搭配很时尚，就是感觉用料部分有点简陋，硬塑料挺多的，有点硬手感硬邦邦,[续航],能耗挺低的，充一次电大概可以跑个450公里左右吧，充满电也非常快，一个晚上就能把电充满,,[空间],,这辆车的空间是非常大的，它的储物空间非常非常多，很好放东西，然后后备箱也可以放好几个行李箱之前有一次去我丈母娘家带回来，很多特产车都塞下了，我觉得还是很棒的，我身高一米八左右，头部空间大概有三拳头的距离吧，还是非常不错的,[舒适],舒适度不错，座椅的用料材质我都很喜欢，而且很宽大，比较符合人体整个室内的空气氛围都很好，空气很清新，然后车内的隔音也非常不错，在车内听音乐是蛮享受舒服的,[动力],动力非常不错，油门特别轻巧，轻轻一点速度就能起来，推背感也有而且这辆车开起来非常平顺，一点顿挫感都没有，非常非常的丝滑,[操控],操控比较的轻松，方便，然后方向盘的转向非常的轻巧，方向指哪打哪，在开车过程中会比较的舒服，底盘也非常的稳定而且这辆车的一些辅助功能安全驾驶功能都特别特别方便，好用，,[性价比],"充满一次电大概也就几十块钱而且这辆车保养维修也特别的方便，不用花太多的钱，上次去买车的时候刚好碰到活动，优惠力度还蛮大的，这一点我觉得非常不错,整辆车的综合使用方面都很不错，空间外观动力都很令我满意，特别是这辆车开出去的话比较亮眼，回头率特别高，然后在市区上下班高峰堵车的时候开也非常不错，充一次电大概就50块钱的样子很便宜很经济，而且新能源车子比较灵活，开起来很方便，特别保养这一块一年只要花几百块检查一下就可以了特别好然后服务商的售后服务非常体贴",https://newcar.xcar.com.cn/5197/review/comment-429213.html
"
    发表于  2022-03    

            
    
    
",从外观设计从整体风格上来看，可以发现它更多的是采用圆润饱满的造型风格，取代了大众原来直棱直角的设计特点。从外观设计从整体风格上来看，可以发现它更多的是采用圆润饱满的造型风格，取代了大众原来直棱直角的设计特点。,https://image1.xcarimg.com/attachments/my/1/93/31/509_120.jpg,xuser1943150,支柱会员,4.88,外观,4,内饰,5,续航,5,空间,5,舒适,5,动力,5,操控,5,性价比,5,购入信息,爱车车型,https://newcar.xcar.com.cn/m61521/,2021款ID.6 CROZZ高性能PRIME版 ,购入时间,2021/10/1,购车地点, [天津市],裸车价格,33.48万  (厂商指导价 33.48万),续航里程,450km,购入用途,上班,爱车简评,当初我选这台车主要是因为当地会限行，汽油车跑下来成本比较高，这款车经济实惠，公司楼底就有充电桩，充电也比较方便。,实拍图片,爱车评价,https://img1.xcarimg.com//review/20220309/0ff9a67c59a44fddf92c042eeaf71205.png-169x127.jpg,https://img1.xcarimg.com//review/20220309/5ae54525ea95043a29123cf3b98d89c5.png-169x127.jpg,https://img1.xcarimg.com//review/20220309/98102ca873783d5e9fd81d79dfe43edc.png-169x127.jpg,https://img1.xcarimg.com//review/20220309/4af35fb09c2fd136ab14de6aecadc87c.png-169x127.jpg,[最满意],最让我满意的就是这台车的外观、空间和性价比等方面吧。九零后的我们喜欢它青春动感时尚的造型设计，乘坐空间我们一家三口人使用很合适，车子的价格相对来说还不错，只要自己喜欢我觉得性价比就合适吧。,[不满意],个人感觉车的底盘有点低，再高点就好多了。,[外观],[内饰],这款车子内饰方面，无论是前排还是后排，做工都是非常精细的，没有粗糙感，触感也是很舒适的。而且最主要的是用的材质非常好，整个车内没有难闻的气味。,[续航],整体上来说，电池的续航里程还是不错的，我一般跑450公里左右就充电，避免要走远点的地方，电量不够用。,,[空间],,后排不管是座椅舒适度、腿部头部空间，还有空调、充电口的配置都很到位，最起码到现在也没听到家里人抱怨一句不舒服。,[舒适],舒适性我觉得乘坐感还是很不错的，而且整个车子内部给我的感觉也非常的舒服，放心，安全感也很强，我整个人坐在车内他的舒适性真的就是我想要的那种感觉。,[动力],日常代步使用绰绰有余，平常开着它跑在市里也能够给我省些时间，每次在等红绿灯它都可以很快的冲出去，动力说来就来反馈很积极。续航也够用，要是不出远门只是通勤用的话10天半个月充次电就可以,[操控],这款车子的操控性还是可圈可点的，平常我开车比较佛系。对于我来说调教的还是非常适合我的，因为我开车的时候喜欢方向盘偏沉一点感觉的。我开车的时候就会搭一点手劲儿在方向盘上。而且整个方向盘也非常的好把控。对于我来说还是非常贴心的配置了。操控性很不错我很喜欢,[性价比],其实我关注新能源车子好久了，之前不太敢下手，毕竟也算是新鲜事物的起步阶段，现在技术基本也成熟了，基本上也得到了全世界的认可，而且路上跑的绿牌车也是越来越多，续航能力也是越做越久，我也解除了很多心理上的顾虑，买新能源还是不错的选择，环保又实惠。,https://newcar.xcar.com.cn/5197/review/comment-429211.html
"
    发表于  2021-12    

      
        
    
    
",ID6C具有7座SUV的长车身，外观俊朗，做工出众，与BBA等在一起时也不失其英气。,https://image1.xcarimg.com/attachments/my/1/92/12/777_120.jpg,xuser1931277,三星会员,5,外观,5,内饰,5,续航,5,空间,5,舒适,5,动力,5,操控,5,性价比,5,购入信息,爱车车型,https://newcar.xcar.com.cn/m61520/,2021款ID.6 CROZZ首发版,购入时间,2021/5/1,购车地点, [广东省],裸车价格,27万  (厂商指导价 27.88万),续航里程,576km,购入用途,上班,爱车简评,大众也是大品牌，做工精细.续航显示准确，长续航，充电速度快；,,爱车评价,,,,,[最满意],大空间，装载物品多；驾乘舒适，平稳、扎实,[不满意],1、不符合国内用车习惯。主驾位离人，自动断电，车内空调的使用时间最长才60分钟。2、没有220V电源输出功能。,[外观],,,,,,,,,[舒适],交了意向金，转大定之前，让我家老板跟着一起去试乘试驾，我家老板对ID6C的大空间、大天幕、过坑时的滤震等表现是赞不绝口，当即指示交了大定。国企期间，带着两个老人，半环渤海自驾，没有发生晕车等情况，舒适性较好。☆PM2.5过滤装：自带空气净化器和负离子功能，能快速降低车内的PM2.5。座椅加热：ID6C的首发版，前排、中排座椅都有加热功能！☆第三排舒适性：ID6C的第三排底下是电机和电池，空间偏小，供应急之用。自提车以后没有使用过，一直处于折叠状态。远程空调：对ID6C的手机APP远程控制的远程空调功能，超级喜欢。每天在开车之前的10分钟，提前在手机APP上开启远程空调，当走到车里时，已经自动换完风并把温度调整到舒适温度。,[动力],动力：相对于253，因2.4吨的自重，ID6C的动力稍显偏肉，但还可以说得上‘随叫随到’。作为一个7座SUV，这个动力算是合格的。跑高速：从8月10日提到车之后，先后于8月底、9月中旬、十一期间先后跑了三次长途。开上长途之后，感觉ID6C非常扎实、沉稳，没有了之前253的那种飘逸的感觉（遇到大风发晃），给车上的人非常大的安心和信心。上坡动力：ID6C是后轮电机驱动，在上坡等场景下具有天然的优势。十一期间回东北老家，赶上修桥断路，ID6C高底盘（相对于253）和强劲动力，轻松的通过了V字型的泥坑路。,,,,,javascript:;
"
    发表于  2021-12    

      
        
    
    
",第五部车了，换不重样的色，醒黛兰很有魅力，给人很贵的感觉就是容易脏。要勤洗车。,https://image1.xcarimg.com/attachments/my/1/92/12/766_120.jpg,xuser1931276,三星会员,5,外观,5,内饰,5,续航,5,空间,5,舒适,5,动力,5,操控,5,性价比,5,购入信息,爱车车型,https://newcar.xcar.com.cn/m59344/,2021款ID.6 CROZZ长续航PRO版,购入时间,2021/5/1,购车地点,广州市健稳汽车贸易有限公司 [广东省],裸车价格,27万  (厂商指导价 27.98万),续航里程,575km,购入用途,上班,爱车简评,性价比永远没满分，感觉这车后面还会降价。电池肯定会升级的吧。,,爱车评价,,,,,[最满意],用电便宜，送三千电卡。起步平顺有力，超车收放自如。NVH还算可以。配置较为丰富，有360全景。,[不满意],充电时间过长，比起加油慢多了。开空调和不开空调对续航影响大。在路况不好的路段车身晃动大，没有轿车的安定感,[外观],[内饰],内饰没特别感觉，反正没那种惊艳的感觉。空调没有实体按键，使用不是很习惯。,,,,[空间],,7人满载就是7座车给人最大的那种满足感和超值感，五座车是做不到的。,[舒适],大部分场景还是舒适的，就是一些比较粗糙的路面滤震和安定感还差些。更进一步体会到奥迪和大众毕竟是定位不同的品牌。,[动力],加速平顺。但没有那种很强烈的加速推背感。,[操控],操控中间偏上，变线挺畅快的，不拖泥带水。,,,
"
    发表于  2021-12    

      
        
    
    
",不知道别人怎么看ID6CROZZ，我是很喜欢这台车的外观，很酷很有型，比同门的ID6x要好看点，个人感觉,https://image1.xcarimg.com/attachments/my/1/92/12/765_120.jpg,xuser1931276,三星会员,5,外观,5,内饰,5,续航,5,空间,5,舒适,5,动力,5,操控,5,性价比,5,购入信息,爱车车型,https://newcar.xcar.com.cn/m59344/,2021款ID.6 CROZZ长续航PRO版,购入时间,2021/5/1,购车地点,广州市健稳汽车贸易有限公司 [广东省],裸车价格,27万  (厂商指导价 27.98万),续航里程,575km,购入用途,上班,爱车简评,性价比超高，终身免保养，第一年还免费充电，还免费送充电桩，免费安装！,,爱车评价,,,,,[最满意],ID6最满意的还是操控吧！开起来和燃油车的感觉一样，油门响应很线性，方向盘轻重适中，大众开习惯的我，很适应这...,[不满意],最不满意的就是提车一周出现的各种故障以及吓人的警报声了。具体的跟大家讲讲提车后的所有遭遇吧：从购车到提...,[外观],[内饰],内饰味道还可以接受，希望有毒有害气体能达标吧,,,,[空间],,ID6的空间还是可以的，七座的时候后排就没有优势了，将将够用！如果是无座情况下，还是非常不错的，可以翘着腿，后备箱也很大！第二排放倒也很平整，出去玩可以临时休息很惬意！由于没有拍空间的图片就用外观图代替了,[舒适],舒适型还不错，很稳重，就是车大轴距长了灵活性操控感就丢失了一些,[动力],由于是大suv车，车本身也挺沉，2.3吨，所以和纯电动车的加速很快的比，的确没啥优势！但是从开惯油车的角度来说，动力还是很充沛的，提速超车没啥问题，嗖嗖的,[操控],操控灵活，转弯半径很小，这么大的车，称得上相当灵活，就是不知道前轴的强度怎么样，要是速度快的话，猛打方向会不会断轴，这个的确是个问题,,,javascript:;
"
    发表于  2021-12    

      
        
    
    
",第五部车了，换不重样的色，醒黛兰很有魅力，给人很贵的感觉就是容易脏。要勤洗车。,https://image1.xcarimg.com/attachments/my/1/92/12/764_120.jpg,xuser1931276,三星会员,5,外观,5,内饰,5,续航,5,空间,5,舒适,5,动力,5,操控,5,性价比,5,购入信息,爱车车型,https://newcar.xcar.com.cn/m59344/,2021款ID.6 CROZZ长续航PRO版,购入时间,2021/4/1,购车地点,广州市大吉汽车销售服务有限公司 [广东省],裸车价格,27万  (厂商指导价 27.98万),续航里程,575km,购入用途,上班,爱车简评,性价比永远没满分，感觉这车后面还会降价。电池肯定会升级的吧。,,爱车评价,,,,,[最满意],用电便宜，送三千电卡。起步平顺有力，超车收放自如。NVH还算可以。配置较为丰富，有360全景。,[不满意],充电时间过长，比起加油慢多了。开空调和不开空调对续航影响大。在路况不好的路段车身晃动大，没有轿车的安定感,[外观],[内饰],内饰没特别感觉，反正没那种惊艳的感觉。空调没有实体按键，使用不是很习惯。,,,,[空间],,7人满载就是7座车给人最大的那种满足感和超值感，五座车是做不到的。,[舒适],大部分场景还是舒适的，就是一些比较粗糙的路面滤震和安定感还差些。更进一步体会到奥迪和大众毕竟是定位不同的品牌。,[动力],加速平顺。但没有那种很强烈的加速推背感。,[操控],操控中间偏上，变线挺畅快的，不拖泥带水。,,,
"
    发表于  2021-12    

      
        
    
    
",外观还是很不错的，车身线条流畅，前后左右无论从哪边看都很大气！,https://image1.xcarimg.com/attachments/my/1/92/12/763_120.jpg,xuser1931276,三星会员,5,外观,5,内饰,5,续航,5,空间,5,舒适,5,动力,5,操控,5,性价比,5,购入信息,爱车车型,https://newcar.xcar.com.cn/m59344/,2021款ID.6 CROZZ长续航PRO版,购入时间,2021/5/1,购车地点,广州市锦众汽车贸易有限公司 [广东省],裸车价格,27万  (厂商指导价 27.98万),续航里程,575km,购入用途,上班,爱车简评,性价比超高，终身免保养，第一年还免费充电，还免费送充电桩，免费安装！,,爱车评价,,,,,[最满意],新能源车子最吸引的还是不用在排队去加油站，也不用再去考虑油价高低，还有就是空间大，自从有了宝宝，换车是为...,[不满意],不满意的还是车机系统会掉网，门锁的话，有时候用钥匙有时候用无钥匙，感觉摸不透到底用什么开。,[外观],[内饰],传统印象中的大众都是塑料件，但是id6crozz几乎都是皮包，看起来很上档次。,,,,[空间],,空间整体还是非常大的，二排很大，三排的话，应急是没问题的。,[舒适],中大型suv舒适性还是可以的，座位材质也可以。,[动力],动力相对于街道普通汽油家用车来说，随便崩（并不是一直在地板油）只是表达动力足够。,[操控],最意想不到的是，接近5米的车长，转弯半径很小，一般路口一把方向到底就过来了，而且开起来的时候除了没有汽油车的发动机声，整体开跟油车还是差不多的。,,,
"
    发表于  2021-12    

      
        
    
    
",越来越顺眼了，大而不臃肿，线条流畅自然，ID.6和4俩兄弟一个居家一个科技感十足，真不错。,https://image1.xcarimg.com/attachments/my/1/92/12/762_120.jpg,帆帆事实,三星会员,5,外观,5,内饰,5,续航,5,空间,5,舒适,5,动力,5,操控,5,性价比,5,购入信息,爱车车型,https://newcar.xcar.com.cn/m59344/,2021款ID.6 CROZZ长续航PRO版,购入时间,2021/4/1,购车地点,广州市安捷鑫众汽车有限公司 [广东省],裸车价格,27万  (厂商指导价 27.98万),续航里程,575km,购入用途,上班,爱车简评,性价比超高了，直逼国产三四线，估计要换了磷酸铁锂电池，价格再一刷，那某些品牌怕是扛不住。,,爱车评价,,,,,[最满意],驾驶起来就是一个大排量CVT油车的感觉，平顺有力！超级省钱，购置税，厂家免息分期，保险补贴，充电补贴等加一起都...,[不满意],车机系统有待提升。德国人比较保守。偶尔会有联不上网，升级最新版以后好了。,[外观],[内饰],大众一贯的风格，加上大屏加持，妥妥的。最重要的是，方向盘上的小屏幕真有用。听说某拉需要自己买哦。,,,,[空间],,空间：七座，第二排调好，最后一排坐大人能坐下，我180斤的吨位都没问题。后备箱超大，特别是不开第三排的时候。后备厢容积：搬家绝对够用，不用找货拉拉了。家人乘坐评价：小孩子非常喜欢，第三排专属。,[舒适],空间一大真的舒适度就上来了，这玩意儿跟房子似的，小了哪哪儿都挤。再加上舒适性配置，后排还角度可调，纯平地板。,[动力],家用车，安全舒适最重要，买这车估计没人要飙车吧？变道超车平常都很够用。毕竟纯电输出。,[操控],后驱车，转弯比小车还舒服。感觉不出5米的大身板。,,,
"
    发表于  2021-12    

      
        
    
    
",大众这款车的外形设计很时尚，颠覆了以前的设计理念，这台大众很不大众。灯光系统尤为亮眼，走近车辆，自动点亮灯光，氛围灯也很有高级感,https://image1.xcarimg.com/attachments/my/1/92/12/761_120.jpg,xuser1931276,三星会员,5,外观,5,内饰,5,续航,5,空间,5,舒适,5,动力,5,操控,5,性价比,5,购入信息,爱车车型,https://newcar.xcar.com.cn/m59344/,2021款ID.6 CROZZ长续航PRO版,购入时间,2021/6/1,购车地点,广东物通凯骏汽车有限公司 [广东省],裸车价格,27万  (厂商指导价 27.98万),续航里程,575km,购入用途,上班,爱车简评,这车确实性价比很高，现金优惠置换补贴厂家无息贷款，真的很划算，感觉不要钱一样。,,爱车评价,,,,,[最满意],这款车上市不到3个月，价格在同级别基本无对手，空间大，实用性强，续航扎实，做工精细，设计理念先进，这款大众很不大众。,[不满意],还是大家心心念念的车机，车机，车机（重要的事情说三遍）。相比特斯拉，蔚小理，大众的车机确实相对落后，但也够用,[外观],[内饰],内饰基本全是真皮包裹，用料扎实，很有高级感，这也是ID.6和ID.4的最大区别，颜色搭配也很合理。☆车联网：这确实是这款车的致命弱点，相对来说是比较弱，而且手机上对车辆的操作功能基本没有，除了预约空调和充电，还希望大众在后期OTA后能够改进这方面☆语音控制：语音控制识别率还行，不过有时候识别了以后等于没有识别，不知道为啥，特别是点播自己想听的歌，明明能够搜索出来，但是你语音让他播放却怎么也找不到。不过这些都是小问题，基本不影响使用屏幕/音响：屏幕显示还是很不错，大小也合适，色彩相对柔和，不刺眼,,,,[空间],,和其他的SUV一样，第三排的座位应急可以，长时间肯定不舒服，但是绝大多数时间都是按照5座使用，这样的话空间完全足够，我180的身高，坐在后排也很宽敞，后备箱那更是“深不见底”。出门远行，行李完全不用担心。☆空间设计亮点：门板和中央扶手都有很大的储物空间，可以存放好多小东西，但是扶手箱有点过于深了，上面应该设计一个小隔板，现阶段只能自己在淘宝买了。☆第三排空间：基本应对应急使用，身高170以上的要坐的话就有点不够用了。,[舒适],ID.6基本都是真皮包裹，加上真皮座椅，新车基本无异味，乘坐感很舒服，车顶基本全是天幕（天窗）没有压抑感，很舒服座椅加热：座椅加热冬天很实用，能够提升幸福感，屁股再也不用冰冰凉凉的了,[动力],ID.6的加速性能还可以，也有推背感，但是相信买这款车的人是不会在乎它比其他车的百公里加速时间多那么一两秒的，这个车更多是提供的舒适，安全的驾驶感。,[操控],操控很舒服，虽然接近5米的车身，但转弯半径很小，掉头很容易，另外360度全景镜头也能提供很全面的视角。两吨多的车身自重，驾驶起来很踏实。刹车表现：刹车的车程稍微长一点，但是也很好用，习惯了就没有问题☆车道保持辅助系统：车道保持很实用，特别是当开车打瞌睡时，会很大程度保障安全，不仅提醒，还会自动修正，☆主动刹车：车子前后检测到有障碍物时会主动刹停，特别是倒车时，遇到了几次电瓶车从车后穿过，主动刹车立马工作，还吓了我一跳，不过提供了很好的安全保障。,,,javascript:;
"
    发表于  2021-12    

      
        
    
    
",外观感觉很帅气，尤其星黛蓝，又显得比较沉稳。晚上也很帅，尤其logo点亮以后。还有后尾灯很有设计感,https://image1.xcarimg.com/attachments/my/1/92/12/760_120.jpg,xuser1931276,三星会员,5,外观,5,内饰,5,续航,5,空间,5,舒适,5,动力,5,操控,5,性价比,5,购入信息,爱车车型,https://newcar.xcar.com.cn/m59344/,2021款ID.6 CROZZ长续航PRO版,购入时间,2021/5/1,购车地点,广州市大吉汽车销售服务有限公司 [广东省],裸车价格,27万  (厂商指导价 27.98万),续航里程,565km,购入用途,上班,爱车简评,转弯半径很小，这个很赞，调头一般都是一把就ok，虽然是中大型SUV，但是很好开,,爱车评价,,,,,[最满意],悬挂调教的比较舒适，贴合家用,[不满意],1、车机能使用的app太少，然后目前也不能看视频2、主驾屁股离开座位，车就会断电，这个有点不任性，希望后期可以,[外观],,,,,,[空间],,由于全家身高在175cm以内，第一排空间和第二排空间都很宽敞，第三排也能坐下170cm以内的大人；放倒第三排以后的后备箱空间巨大，能放下大的婴儿车以后还有很多富裕空间；,[舒适],前后排座椅都比较舒适，除了需要单独再加个座枕以外，不需要再加什么了。腰背的承托性很好，前排有座椅按摩。PM2.5空气过滤很实用，刚提车的时候开了一段时间。后排座椅独立空调不错，后排可以自己调节座椅加热和空调温度。,[动力],市区内行驶动力足够，随叫随到，没有延迟。,[操控],转弯半径很小，这么大的车，在市区调头很轻松，指向上指哪打哪，很自信。,,,
"
    发表于  2021-08    

      
        
    
    
",外观充满了科技感，尾灯上面那条线我特别喜欢，晚上的时候也会看起来很抢眼。轮毂的造型，我觉得很好看和我之前看的那些车都不一样。,https://image1.xcarimg.com/attachments/my/1/91/07/303_120.jpg,xuser1920730,三星会员,4.75,外观,5,内饰,4,续航,5,空间,5,舒适,5,动力,5,操控,4,性价比,5,购入信息,爱车车型,https://newcar.xcar.com.cn/m60048/,2021款ID.6 CROZZ 标准续航PURE版,购入时间,2021/4/1,购车地点,青海海通汽车贸易有限公司 [青海省],裸车价格,23.3万  (厂商指导价 23.98万),续航里程,360km,购入用途,购物,爱车简评,且在开的过程中，觉得这台车的品质很好，就是大众车会给人的那种感觉。很像是运动类型和操控类型的车会给人的那种很好的驾驶体验。我比较注重这方面的感觉。,,爱车评价,,,,,[最满意],因为我开车时间还不是很久，这台车有辅助驾驶功能。会让我觉得更放心一点。而且座椅加热方向盘加热手机无线充电都有。很适合年轻人,[不满意],优惠力度不大，杂七杂八的加在一起落地价格真的不便宜，硬件配置对得起这个价格，另外除了前面所说的动力足，其它像空间，电耗，操控那也是完美的很了。,[外观],[内饰],内饰很豪华，尤其是它的语音识别系统，直接语音识别就可以打开导航，电话，空调了。而且这款车在后排也有出风口，还是很制冷的。,[续航],这台三元锂电池的续航里程还挺可以的，开着空调的情况下肯定会有一定的影响，不过也不会太过夸张，目前的平均电耗就在15 kwh/100km左右。,,[空间],,大众IG.6CROZZ这款车空间是无法挑剔的，坐在前排还是后排都有着自由自在的感觉，另外后备箱日常出行什么的足够。虽然是紧凑型SUV，家用还算合适。,[舒适],隔音效果很好，其实我这个人本身的性格就是偏静的，不喜欢特别吵闹的环境，像平常酒吧之类的地方我也都不会去，所以在这方面我就觉得特别的香，就像是为我量身打造的一样。,[动力],动力是我特别喜欢的一方面，可以说起步特别快，小脚一踩，车子开动，上坡的时候也是特轻松的感觉。,[操控],操控方面我觉得这款车子算是入门级别的，超车变道还是转弯掉头都挺顺手的。大众底盘调教一如既往的优秀。,[性价比],随着社会的不断进步，时代的发展，现在这种新能源汽车越来越受欢迎，我亲身用车体验还是很不错的，不仅够用，还比较节省能耗，低碳环保，性价比高。,javascript:;
"
    发表于  2021-08    

      
        
    
    
","外观简单大气又不缺时尚点缀，尤其前脸干净了许多，特别喜欢矩阵式LED大灯，炯炯有神，像""会说话""的大眼睛，夜间更吸睛。",https://image1.xcarimg.com/attachments/my/1/90/60/114_120.jpg,gh1625479380,三星会员,4.75,外观,5,内饰,5,续航,5,空间,5,舒适,4,动力,5,操控,4,性价比,5,购入信息,爱车车型,https://newcar.xcar.com.cn/m60048/,2021款ID.6 CROZZ 标准续航PURE版,购入时间,2021/4/1,购车地点,武汉康顺集团汽车贸易有限公司 [湖北省],裸车价格,23.3万  (厂商指导价 23.98万),续航里程,360km,购入用途,自驾游,爱车简评,它的续航特别扎实，毕竟大众这种传统汽车企业，都是有保障的，我的同事也测试过，他的续航续航一点也不水，很实实在在的，还有的辅助驾驶给我的感觉也是特别安心特别舒服，这些实际功能一点也不含糊,,爱车评价,,,,,[最满意],首先先撇开车子本身，聊一些整个买车的过程让我感觉非常舒服，直接对接厂家，专属的销售顾问从始至终服务都非常到位，没有优惠避开了价位谈判的琐碎，我本人也非常不善于还价不喜欢三翻四次的因为价格不合适而耽误时间。从看车到下订到提车，环节简单方便这点是我非常满意的。再次谈一下这款车，简单大气的外观，媲美燃油车一箱油的续航里程，舒适的空间，平顺的操控，不俗的动力都让窝对ID.6CROZZ爱不释手。,[不满意],整个车在用车方面基本满足了我的一个需求，要硬说缺点的话呢，就是没有老车子的一个熟悉感，一款极具未来的车型，初次体验的话会感到很多地方的不适应，惊奇它的每一处设计。,[外观],[内饰],内饰是这次ID.6CROZZ最能给人惊喜感的地方，全新样式的中控台只留下了少量的物理按键，还变成了触控式，悬浮式的中控大屏和仪表液晶屏相当清晰，界面也很好看，座椅时尚美观，非常舒适。,[续航],上次去出门一趟往返也就是470公里差不多，和系统显示的480公里差别很小，按照这次实际请款来说，高速满载行车还是可以的只差了10公里左右，对于电车来说，已经很合理了。,,[空间],,毕竟是一台纯电SUV，空间方面也是非常不错的，我身高176，体重130斤，腿部和头部空间充裕不压抑，后备箱空间也足够大。,[舒适],舒座椅的包裹感还不错，车内噪音很小，坐上去很安逸，现在夏天，上车踩下刹车空调就启动的，实在是太友好了，减震效果也还不错，总体上控制的都很好。,[动力],应为是纯电动的SUV，所以起步总是比燃油车快，轻轻一踩油门车子就出去了，反应速度也是很快，在高速行驶的时候也是比较靠谱的，车速快的时候，底盘也是很稳。,[操控],操控非常平顺，电子换挡杆位于方向盘右后侧，一开始肯定会有些不习惯，但是使用一段时间后方便极了，前拧是前进挡，后拧是倒车挡，在D挡刹停后，只需深踩刹车，会自动激活自动驻车功能，对于市行使经常遇到红绿灯的情况很有帮助，车停好后，按下P挡，下车走人后，会自动关机锁车，真的很便利安心。,[性价比],"新能源车是大势所趋，尤其是纯电，既节约用车成本又节能环保，ID.6CROZZ既有溜背车的味道，又有SUV略带野性的造型，甚至还有媲美MPV的车内空间，没有购置税，不用加油，该充电时在车库里充上一晚又是活力满满，性价比我觉得杠杠的，但是身边的朋友还是质疑电池的持久性，以后的事情谁又敢百分百保证呢，活在当下，做一个敢于""吃螃蟹""的人才能享受到纯电的乐趣。",javascript:;
"
    发表于  2021-08    

      
        
    
    
",外观肯定是没有任何问题啦，非常的满意，毕竟现在买车首选的也是车辆的外观了！看上去非常的年轻化。而且又具有科技感。,https://image1.xcarimg.com/attachments/my/1/90/50/331_120.jpg,gh1624882832,三星会员,4.63,外观,5,内饰,5,续航,4,空间,4,舒适,4,动力,5,操控,5,性价比,5,购入信息,爱车车型,https://newcar.xcar.com.cn/m60048/,2021款ID.6 CROZZ 标准续航PURE版,购入时间,2021/4/1,购车地点,江苏协众晨友汽车有限公司 [江苏省],裸车价格,23.29万  (厂商指导价 23.98万),续航里程,359km,购入用途,自驾游,爱车简评,最满意的是空调温度下降的很快，在炎热的夏季中，再太阳底下暴晒，然后开空调，会比其他的车下降的更快一些，在一个就是外观，很吸引我，科技感十足，大灯设计得像机器人的眼睛，炯炯有神。,,爱车评价,,,,,[最满意],最满意的地方就是它的外观和内饰了。这台车子我等了很久才等到的，当时就是冲着这台车的外观去的，因为我觉得它的外观改动在大众车系里面是比较大的。而且纯电车型外观都比较显高端科技化。特别是前脸。,[不满意],最不满意的地方，还是觉得这台车子的颠簸有点大吧。我觉得舒适度达不到我想要的标准。,[外观],[内饰],在内饰方面，改动还是非常大的。较对于以前的大众来讲，简直就是换了一个品牌。首先中控屏改变非常的大。其次挂挡的挡杆也变了，改在方向盘侧面，整个车子的内饰看过去就特别的简洁而又简单。给人的第一感觉就特别的舒服。而且在座椅的用料方面，也跟其他的车辆不一样。摸上去的感觉就非常的柔和。,[续航],说实话对于电耗方面，我现在还没有一个完整的概念。只是知道它的一个大致的续航里程。因为现在的话还没有经常开，也没有开多少路，针对于西航里程的话，还是挺满意的。标记着500左右的续航里程。,,[空间],,针对于车辆的内部空间，我个人还是觉得非常满意的，可能也是因为是纯电动车的原因。没有了发动机和变速箱，所以车辆从外观看上去可能不会觉得很大，但是打开门坐到里面来，会发现非常的宽敞。,[舒适],车辆整体的舒适度来看。只觉得有点颠簸吧，其他方面倒还可以。座椅的包裹度啊，舒适度啊，都挺不错的，就是觉得有点颠。这也不知道是为什么，可能是底盘调教的原因吧。如果说在这个方面能改动一下就好了。,[动力],以一辆电动车在动力方面绝对是没有任何问题的。给到我的推背感，还是特别满意的。在日常的加速超车方面，完全没有任何问题。,[操控],操控还是非常舒适轻松的吧。当然是开起来之后的感觉，车辆速度在比较慢的时候，方向盘还是比较重的，这一点不知道为什么跟燃油车不一样。燃油车的方向盘还是很轻的。不过这一点的话，还是可以接受的，倒不是什么很大的问题。,[性价比],我买东西第一时间就看性价比，而且在当时买车的4s店，我是首台，送了一些免费充电，和一些保养，而且还不要购置税，还是蛮划算的，动力也不差，蛮适合家里第二台代步，堵车我可以开纯电动的，出远门我可以开燃油车，爽歪歪，而且现在新能源的车也越来越多。ID.6CROZZ无论是价格还是外观，都在我的购车需求内。,javascript:;
"
    发表于  2021-08    

      
        
    
    
",这辆D好像是全新设计的车体，造型最为独特，贯穿式镀铬前脸，大尺寸玻璃天幕，注意这里是天幕不是天窗，是打不开的，不过会让车内更加明亮一些。,https://image1.xcarimg.com/attachments/my/1/90/96/309_120.jpg,xuser1919630,三星会员,4.63,外观,5,内饰,5,续航,5,空间,5,舒适,5,动力,4,操控,4,性价比,4,购入信息,爱车车型,https://newcar.xcar.com.cn/m60048/,2021款ID.6 CROZZ 标准续航PURE版,购入时间,2021/4/1,购车地点,海南博世汽车服务有限公司 [海南省],裸车价格,23.28万  (厂商指导价 23.98万),续航里程,358km,购入用途,接送小孩,爱车简评,ID.6CROZZ就像一张身份证，作为家里的第二辆车，也是第一辆万全的纯电汽车。最满意的是他给我带来的不一样的驾驶感，充沛的动力，没右顿挫感的提速，当然你还要适应这辆车不同的换挡方式，,,爱车评价,,,,,[最满意],最满意的地方是车子的内饰方面，中控台这块真的别具特色，一改大众通用的内饰设计，新能源车就是不一样内饰很有科技感，中控屏幕超大的而且是触控的，液晶仪表盘也做的很绚丽的，方向盘全真皮包裹的手感也不错，座椅也是精心设计的两种材质的混搭。,[不满意],不满意的地方是这辆车没有优惠，而且手续也比较繁琐，等车要一段时间。还有这辆车全部都是触控操作，上车着急开空调的话要有耐心的去操作大屏幕。,[外观],[内饰],车子内饰比较有科技感，行车仪表和中控大屏，一大一小的屏幕分别镶嵌在中控台上，档把也不是传统的在扶手箱位置，而是设计成怀挡位置。车内还有一圈氛围灯挺好玩的。再就是按键都是触动的，没拨动按钮。,[续航],前两天我们一车四人去了隔壁城市自驾，往返200多公里，多数是省道，综合下来车上显示的续航里程还是比较准确的，我开这辆车只看续航里程，毕竟大多数人还是有电力续航焦虑的。,,[空间],,空间就是平车SUV的空间，前排和后排的空间都很大，后备箱的空间也不错，电池都在车子底部，地毯也非常平整。,[舒适],这辆ID.6CROZZ是SUV车型，底盘比较高，所有开车视线会比较好，座椅是织物打孔组合，包裹性，柔软性非常好，还有气动按摩，开车非常舒服的。,[动力],三元锂电的动力电池，官方的最高车身是160公里，这个数据看上去有点小，不过高速只能跑120公里，标的高也没啥用处,[操控],开过电动车的朋友，都很了解了，第一没有顿挫感，第二提速是真快，谁开谁喜欢。,[性价比],花203万的价格也可以买一辆很不错的燃油车，但是花20多万买一辆电动车，我肯定是买有保障，买放心的，大众的售后还是非常方便的。一辆老牌车企的电动车技术和售后还是让我信任的。,javascript:;
"
    发表于  2021-08    

      
        
    
    
",外观时尚大气，我一眼就相中外观了，开在路上像一只活灵活现的小精灵一样，回头率超高，很有自信。,https://image1.xcarimg.com/attachments/my/1/91/06/686_120.jpg,xuser1920668,三星会员,4.5,外观,5,内饰,4,续航,5,空间,4,舒适,4,动力,5,操控,4,性价比,5,购入信息,爱车车型,https://newcar.xcar.com.cn/m60048/,2021款ID.6 CROZZ 标准续航PURE版,购入时间,2021/4/1,购车地点,长春通立汽车商贸有限公司 [吉林省],裸车价格,23.27万  (厂商指导价 23.98万),续航里程,357km,购入用途,接送小孩,爱车简评,最喜欢的是这款车的颜值：前脸采用横向贯穿式灯带连接LOGO与大灯，光耀夺目；侧面自然曲线与悬浮式车页的结合，律动感十足；尾部贯穿式律动尾灯造型，科技梦幻。,,爱车评价,,,,,[最满意],最满意的就是它的时尚外观，看起来沉稳大气，而且前脸设计的也非常的大方，科技感十足，整体线条简约大气。现在新能源的车子已成为一种时尚，我也心动了，试驾过ID.6CROZZ它的起步很顺畅，不会出现燃油车的顿挫感，另一方面就是它的性价比，性价比真的非常高，价格也在我预算范围内，平时我也就接送孩子，一个星期充一次电，周末想带着家人出去玩，提前冲上电，来回也没有问题，新能源用车成本要比燃油车成本要低很多，对于以后的用车经济压力也会小。坐在车内舒适性很好，开起来也很平稳，有时过一些减震带，也不会感觉很颠，底盘做得很好，这点我感觉买的很值。,[不满意],目前对车不满意的也就一点，它的换挡杆感觉总是不习惯，触控按键时常点错了，有时候感觉有点尴尬。,[外观],[内饰],内饰科技感十足，视觉上的美妙，主要设计的简约大方，更符合我们这个潮流的风格。,[续航],我平时就接送孩子使用，电耗基本上很少。后期使用成本也很低。,,[空间],,空间很大，平时我带着孩子使用，对于我们两个来说，非常宽做，不过不得不说，就是带上父母一起出门，也很宽敞，坐在后排，非常舒适，座椅非常柔软，躺下来都可以，全景天窗让后排光透感十足，非常舒适，车内储物空间分布很合理，不用担心车内乱七八糟，非常规整，我基本用驾驶位，腿部空间很大，座椅柔软，腰部有一个很足的支撑，头部颈枕也很舒服。后备箱空间也很大，可以放大件的物品，后排放倒，可以铺上气垫，当床睡个美美的觉。,[舒适],坐在里面空间很大，座椅很软，舒适性还很不错，就是车里面的皮革味儿有点儿大，有点儿塑料味，坐在车里面总是怕影响身体，新车还是要多通风散散味。,[动力],动力对纯电车来说，不是特别占优势，但是在市区使用，还是很不错的选择，轻轻一点油门，反应很快，特别红绿灯起步明显快马一步，跑起来和燃油车还是有点区别，区别不是很明显，对于纯电车这已经很完美了。,[操控],操控很简单。换挡杆用的不太习惯，触控屏用的不太习惯而已，以后慢慢使用就会习惯。,[性价比],性价比当然很高了，外观时尚大气，动力十足，价格也在预算范围内，后期用车成本低。,javascript:;
"
    发表于  2021-08    

      
        
    
    
",快观看上去丝毫不像是大众的车子，整个车子都极具未来感。前脸的设计以及轮载的选择都十分的大气。开出去回头率极高。,https://image1.xcarimg.com/attachments/my/1/91/06/684_120.jpg,xuser1920668,三星会员,4.5,外观,4,内饰,4,续航,5,空间,4,舒适,5,动力,5,操控,5,性价比,4,购入信息,爱车车型,https://newcar.xcar.com.cn/m60048/,2021款ID.6 CROZZ 标准续航PURE版,购入时间,2021/4/1,购车地点,齐齐哈尔粤华轿车销售有限公司(一汽-大众) [黑龙江省],裸车价格,23.26万  (厂商指导价 23.98万),续航里程,356km,购入用途,跑长途,爱车简评,说到最满意的地方，第一是外观，外观很符合我的个人审美观，一眼中的，车灯很透亮，设计的也比较有特色，晚上开车看起来就很酷咯，线条刚刚好，给人一种很舒服的感觉，车漆也很有质感，颜色搭配的非常时尚,,爱车评价,,,,,[最满意],最满意的就是它的外观，外观方面看上去十分的具有未来感，非常的时尚大气。前脸的设计整体呈流线型，看上去呈现一种线条感，相对的简约大气。而且新能源车子越来越多人去选择，相信在不久的未来，充电的一个便利性则远不止于此。车子虽然是新能源的，但是起步很顺畅，没有燃油车的那种挫败感。在一方面就是它的一个性价比，性价比方面也是非常的高，价格也是很符合我的一个预算。我平常上下班代步也是足够的，充一次电能用一个星期左右。平常用车的机会也不多，周末出行还是没有什么问题的。新能源的用车成本也是比燃油车便宜的，基本上不用再为油费的涨跌而发愁了。坐在车内的舒适性很强，也很平静，过一些坑洼路段都不会感觉很颠簸，悬挂还是做的挺好的，这一点对于我来说还是很喜欢的。,[不满意],整个车在用车方面基本满足了我的一个需求，要硬说缺点的话呢，就是没有老车子的一个熟悉感，一款极具未来的车型，初次体验的话会感到很多地方的不适应，惊奇它的每一处设计。,[外观],[内饰],内饰设计也是很酷，科技感十足。抛弃了以往大众车型给人的一种朴素感，取而代之的则是科技感十足，炫酷无比。,[续航],平常都是一个上下班用车，所以每隔十来天充一次电。因为是新能源，所以这点电费几乎可以忽略不计。,,[空间],,空间很大，我平常都是一个人上下班，所以完全够用。平常遇到恶劣的天气，带带公司的同事也是可以的，不会感到有任何的拥挤。我身高有个175左右，不算太高，坐在主驾驶位置呢，不会感到有任何的拥挤，座椅还要往前调，hhhh。头部的一个靠枕方面也是很舒服，开车也不会很疲乏，而且应为是SUV车型，整体的视野也是非常的宽阔，无论哪个角度都看的比较清晰有质感。后排的空间就不用多说，别说是我这个体型，就算是一个一米八几的个头，坐在这个后排也是很宽敞的。非常的舒适，腰部也适中，座椅也是十分的柔软。全最天窗的一个设计完全打开以后给到了我不一样的感觉。首先就是十分惊艳，坐在后排仰望天空，十分的放松心态，不会感觉到压抑。车内的储物空间也是很好，各个小细节我也是很喜欢。再说说后备箱，后备箱也是很大，如果有大件物品需要搬运的话，后排也可以放倒，那个空间可以放一张床了。,[舒适],和所有新车主一样，都讨厌的一个新车的异味以外，没有什么其他令我感到不满的地方。,[动力],应为是纯电动的SUV，所以起步总是比燃油车快，轻轻一踩油门车子就出去了，反应速度也是很快，在高速行驶的时候也是比较靠谱的，车速快的时候，底盘也是很稳。,[操控],操控方面来说也是比较简单的，就是档杆那里的切换不太习惯，需要熟悉一段时间。,[性价比],性价比方面也是杠杠的，这一直也是新能源车型的一个卖点。价格方面也是可以接受，20w+的一个价格再加上一个电池的质保让我在购买的时候没有后顾之忧。,javascript:;
"
    发表于  2021-08    

      
        
    
    
","外观简单大气又不缺时尚点缀，尤其前脸干净了许多，特别喜欢短阵式LED大灯，炯炯有神，像""会说话""的大眼睛，夜间更吸睛。",https://image1.xcarimg.com/attachments/my/1/91/06/683_120.jpg,xuser1920668,三星会员,4.63,外观,4,内饰,5,续航,5,空间,5,舒适,5,动力,4,操控,4,性价比,5,购入信息,爱车车型,https://newcar.xcar.com.cn/m60048/,2021款ID.6 CROZZ 标准续航PURE版,购入时间,2021/3/1,购车地点,黑龙江博远汽车维修有限公司 [黑龙江省],裸车价格,23.25万  (厂商指导价 23.98万),续航里程,355km,购入用途,接送小孩,爱车简评,我认为这款车也算是物超所值了，但是就是没啥送的，就一个什么综合补贴，但是对于长久利益来说这款车还是不错的，至少是比油车，毕竟油价有跌有涨，但是电费不同，我只要是在便宜的时段去充就好了,,爱车评价,,,,,[最满意],这款车的配色真的点亮我的眼睛，真的太优秀了，大部分的白配上小部分的红，直接洋溢着年轻的气息。整车给人带来一种大气的感觉，整车的流线性给人直观带来一种线条的韵动。随着档位的改变，原本的位置变大了不少也。除此之外还有驾驶的辅助系统也比较多，可以让我们这些新手没必要手忙脚乱。还有一个就是油价问题，油价真的是让人头疼，之前家里有一辆油车，太费油快养不起了，才买的电车，虽然充电费时间，但是折合下来还是电便宜，尤其是我这种刚入职场的人，薪资比较低，耗不起油啊。周末的时候可以和朋友去周边的地方玩几个人一点也不挤，后备箱还可以放一些烧烤的东西，也是妥妥的，真的很能装的。这个语音模式还可以搜索导航位置，给我规划最优的路线也是不错的，还有什么智能家居充电啥的，也挺好用的，只要到多少电，晚上就可以给我充好，不影响第二天的上班。,[不满意],可能是燃油车乘坐的惯性，刚开始开的时候由于电动传输比较快，会有点轻飘的感觉，再加上新车异味比较大，不怎么晕车的在速度比较快的情况下会有一点晕晕的感觉。不多这种感觉也就持续了一周时间，充分适应了之后就好了很多。,[外观],[内饰],内饰是这次ID.6CROZZ最能给人惊喜感的地方，全新样式的中控台只留下了少量的物理按键，还变成了触控式，悬浮式的中控大屏和仪表液晶屏相当清晰，界面也很好看，座椅时尚美观，非常舒适。,[续航],充电13个小时就能充满，快充的话，40分钟就能充80%，相较于用油成本，还是非常节省的。,,[空间],,毕竟是一台纯电SUV，空间方面也是非常不错的，我身高176，体重130斤，腿部和头部空间充裕不压抑，后备箱空间也足够大。,[舒适],ID.6CROZZ不管是驾驶还是乘坐都非常舒服，丰富的科技配置，隔音效果也很不多，噪音少了很多，感觉很静谧，再播放点音质极佳的音乐，开车就是个享受。,[动力],纯电的动力传输很快，尤其绿灯提速的时候，明显快于燃油车，一脚油门下去，动力给的足足的。,[操控],操控非常平顺，电子换挡杆位于方向盘右后侧，一开始肯定会有些不习惯，但是使用一段时间后方便极了，前拧是前进挡，后拧是倒车挡，在D挡刹停后，只需深踩刹车，会自动激活自动驻车功能，对于市区行使经常遇到红绿灯的情况很有帮助，车停好后，按下P挡，下车走人后，会自动关机锁车，真的很便利安心。,[性价比],"新能源车是大势所趋，尤其是纯电，既节约用车成本又节能环保，ID.6CROZZ既有溜背车的味道，又有SUV略带野性的造型，甚至还有媲美MPV的车内空间，没有购置税，不用加油，该充电时在车库里充上一晚又是活力满满，性价比我觉得杠杠的，但是身边的朋友还是质疑电池的持久性，以后的事情谁又敢百分百保证呢，活在当下，做一个敢于""吃螃蟹""的人才能享受到纯电的乐趣。",javascript:;
"
    发表于  2021-08    

      
        
    
    
",这台车的外观造型的确实比较经典，有些硬派，方方正正的，每个人的审美要求不一样，亮丽的车身和灯光形成一个立体感的画面。整体的车身还是看着比较精致的，他是属于耐看的那种风格，属于不过时的那种让人感觉。整辆车看起来比实际要修长了许多，尾灯在黑夜中显得特别的亮眼,https://image1.xcarimg.com/attachments/my/1/90/35/890_120.jpg,gh1623989822,三星会员,4.5,外观,4,内饰,5,续航,4,空间,5,舒适,4,动力,4,操控,5,性价比,5,购入信息,爱车车型,https://newcar.xcar.com.cn/m60048/,2021款ID.6 CROZZ 标准续航PURE版,购入时间,2021/3/1,购车地点,洛阳伯乐汽车有限公司 [河南省],裸车价格,23.24万  (厂商指导价 23.98万),续航里程,354km,购入用途,购物,爱车简评,首先先撇开车子本身，聊一些整个买车的过程让我感觉非常舒服，直接对接厂家，专属的销售顾问从始至终服务都非常到位，没有优惠避开了价位谈判的琐碎，,,爱车评价,,,,,[最满意],ID.6CROZZ这款车的配置还是挺丰富的，之前其实我没怎么长时间的开过这种车型，对于这个空间我们一家都很满意。而且座椅非常舒服，超车杠杠的，很有推背感。宽大无比的车身造就了它舒适宽敞的内部空间，分布刚好适合我这一家老小的乘坐，出门再也不是难题了。感觉这段时间开车还是挺舒服的，这车的座椅设计的比较好，这就已经是做得非常优秀了，很适合我的用车需求，也确实是能达到我想要的效果。,[不满意],其实关于ID.6CROZZ这辆车子，我都是满满的喜欢，从综合方面来看这个车子他价格挺合理，这个车子的舒适性上面隔音效果确实做的有点差,[外观],[内饰],整体来说，ID.6CROZZ造型设计中庸风格，不造作，车子的内饰设计和外观整体很搭，层次感比较强烈，设计的也很干净，内饰也是走的简约路线，座椅摸上去软软的，特别的舒服，完全会给人一种非常高级的感觉。车内整体的内饰看起来颜色搭配比较好。车内的用料非常的不错，拉高了整个内饰氛围的档次,[续航],综合电耗在15.2左右，毕竟电耗这个东西和很多因素是有一定的关系的。ID.6CROZZ整个车内的空间也很大，配置觉得非常高，还算不错,,[空间],,我感觉我ID.6CROZZ这个车的空间还是比较大的，它的中控台下方还有一些储物空间，乘坐空间肯定是没有问题，相对来说里面的空间也比较充裕，空间是超预期的，还有就是车上的储物空间也够用。毕竟车还是上下班，日常代步多，也不会说整天拉着满车的东西，这个空间够了。空间大，项目上有时候拉个仪器设备的，直接放在后备箱就可以，前段时间还和朋友约着出去玩，带的烧烤架和烤肉，美美的玩了一圈，这些东西都可以完美的装在后备箱头。,[舒适],ID.6CROZZ这个座椅有些类似于美式沙发的感觉，这款车注重安全系数和舒适性，在这款车上体现的是淋漓尽致！然后有个坑娃的地方呢忽悠忽悠的，太舒服了，座椅材质非常柔软，包裹性很强，而且跑高速的时候胎噪风噪的隔离还是挺好的静音效果很好。我挺喜欢座椅的设计，符合人体力学，很舒服，悬架对细小震动的过滤不错，一般这种减速带、坑坑洼洼的地方都没问题。,[动力],ID.6CROZZ这车动力方面给我的表现挺惊讶的，开开城市道路，超车还是比较自由的，我踩脚油门动力就会马上跟上的，我踩脚油门动力就会马上跟上的。日常驾驶绝对足够。动力我感觉是最不用担心的了，试驾的时候就感觉出来了，加速从来不会拖泥带水，真的让人能感受到很强，推背感几乎几秒钟的时间就能立即起步，会有特别猛的推背感，日常超车非常的轻松，满足我的日常驾驶需求。,[操控],方向盘的转向力度和适中男女使用都非常的足够转动起来，而且油门刹车反应很灵敏，再加上功能配置很实用，所以车子驾驶起来非常的轻松，方向盘的手感不错，而且力度很轻盈，习惯了之后会觉得非常的有安全感。油门和刹车也比较好控制，方向盘十分的轻盈，我觉得这也已经是相当不错了，总之所带给我的实际驾驶感受还是非常棒的。,[性价比],整体下来还是比较符合心理预期的一辆车，在当时购买ID.6CROZZ这款车子的时候，确实也花了挺多心思来进行选择了，油耗不高很省油，安全性好，外观时尚漂亮，当时买的时候有活动，我们谈价格时降了些，性价比很高了。这个价格，配置加上性价比我还是很满意的，我知道自己的钱来之不易，所以花钱也要花在刀刃上，这台车对于我来说就是最好的选择。,javascript:;
"
    发表于  2021-08    

      
        
    
    
",前面已经评价了，对ID.6CROZZ的外观很满意，就用精致、科技、充满活力这几个词来形容吧.,https://image1.xcarimg.com/attachments/my/1/90/93/221_120.jpg,gh1628817083,三星会员,4.5,外观,5,内饰,5,续航,4,空间,4,舒适,5,动力,4,操控,5,性价比,4,购入信息,爱车车型,https://newcar.xcar.com.cn/m60048/,2021款ID.6 CROZZ 标准续航PURE版,购入时间,2021/3/1,购车地点,河南裕华奥捷汽车销售服务有限公司 [河南省],裸车价格,23.23万  (厂商指导价 23.98万),续航里程,353km,购入用途,上班,爱车简评,性价比这一块怎么说呢，买车的时候没有优惠只有厂家配套的一一些政策支持和置换补贴，但是车子外观配置操控之类让我还比较满意，其次是对大众这个品牌比较信赖，只能希望后续价格不要大跳水稳定一些。,,爱车评价,,,,,[最满意],最满意的是ID.6外观和内饰以及操控，外观上ID.6CROZZ给我的感觉是打破了大众车过往的风格，给我感觉是变得更加的前卫、时尚、动感，前脸一体贯穿式的大灯和logo让灯带相连在了一起，日常行驶的时候logo和灯带是发光的开出去也比较有辨识度，车门的门把手也变成了半隐藏式，20寸的轮毅让车子看起来稳定、动感，尾部贯穿式尾灯夜间的效果比较漂亮。内饰上变化还是比较大，因为我也是大众的老车主了，之前大众车内饰都是比较保守一些，但是ID.6CROZZ上我看到了不小的变化，首先是中控屏和仪表采用了全新的悬浮式的设计，其次档把不再是之前在中控哪里，而是和仪表设计在了一起，整体看上去比较有科技感，内饰配饰主要是黑色和蓝色为主和车子外观相呼应，同时中央扶手上有ID专属打孔字样，之前旋钮式大灯开关也变成了触控的。操控上ID.6CROZZ给我得感觉有些地方是比较新颖的，首先是当你带着车钥匙的时候离车比较近的时候大灯和车门活自动解锁，其次就是不需要像燃油车还得再点火，只需要坐进主要踩住刹车挂挡就可以正常启动了，在驾驶中ID.6CROZZ给我感受相比燃油车有一个更安静的空间，低速行驶时车子比较轻盈高速行驶时比较稳重，刹车和油门反应比较灵敏也可以选择B档能呈回收模式，在这个模式松开油门就明显的感觉到速度下降了。,[不满意],开了有一干多公里，暂时还没发现有什么毛病，开起来也很舒服，质感很好，就是新车刚买回来的那几天，车内的异味还是很重的，媳妇细心的在网上买了个去除异味的炭包，然后再加上车子本身经常通风又暴晒，过了段时间就好了。,[外观],[内饰],在内饰方面，纯电ID家族做了很多创新，悬浮式中控大屏，换挡方式发生了改变，整体的配色更加豪华、年轻了，内饰的氛围灯也变的多姿多彩了，大众这次不但外观改了内饰也来了个大变样，点赞。,[续航],这辆初见版官方给的纯电续航里程是555km，自己在市区开的话大概里程数在480km，这个也是正常的，这是综合各种因素得出的里程数，肯定是达不到官方的数据。然后电耗量在15左右，楼下有充电桩，一般4天冲一次，说麻烦也麻烦，说不麻烦也还好。,,[空间],,买车的时候ID.6CROZZ也上市了，都是用的1D家族设计语言，前脸长的都差不多，空间的话ID.6CROZZ是七座，ID.6CROZZ是5座的，对于个人家庭而言，7座没有必要，5座已经够用，它的后排空间很大，做3个人都是轻轻松松的，后备箱也大，可以放一些家里孩子的生活用品。,[舒适],舒适度非常高的一款车子，我觉得座椅软硬适中，而且前排座椅还有丰富的调节功能，让驾驶感受变得更好了，后排空间大，家人坐着也舒服。,[动力],车子动力我觉得不错，起步时候就很轻松，给点油就出去了，从来没有过迟钝的感觉，这也是电车的优势，一台电动车在起步的那一刻可以秒掉同价位的绝大多数的燃油车。但想要真正的玩车还得是燃油车（个人观点，勿喷。）,[操控],行驶起来路面感给的反馈很好，延续了大众一直以来的高质量底盘质感，开起来就是给人的感觉很稳，方向盘在手，一切都能轻松控制的感觉，特别是在高速行驶中，那种给人的安全感值得给大众点赞。,[性价比],现在买这车都是官方统一价，不用和销售顾问谈价格，买车后也不用担心自己买后会不会掉价，我觉着这样买车很好。还有人可能会质疑纯电车的技术，我不会质疑，我喜欢大胆的尝试新鲜事物，还有现在国家也在走新能源车发展的路线，后面肯定会越来越多的新能源车。至于车好不好，反正我用车这么一段时间是很放心也很开心的。,javascript:;
"
    发表于  2021-08    

      
        
    
    
",外观这款偏向年轻人吧，时尚、运动、个性都能在大众ID.6CROZZ 身上看到，属于年轻人的车子，就选这个准没错，好几个年轻朋友看到我的新车以后都羡慕的不行。,https://image1.xcarimg.com/attachments/my/1/90/35/841_120.jpg,gh1623988343,三星会员,4.63,外观,5,内饰,5,续航,5,空间,5,舒适,5,动力,4,操控,4,性价比,4,购入信息,爱车车型,https://newcar.xcar.com.cn/m60048/,2021款ID.6 CROZZ 标准续航PURE版,购入时间,2021/3/1,购车地点,唐山市庞大一众汽车销售有限公司 [河北省],裸车价格,23.22万  (厂商指导价 23.98万),续航里程,352km,购入用途,自驾游,爱车简评,当时也是在车展上面看到这款车的，突然发觉大众开始往新能源车型发展了。这款纯电车留给我最大的印象就是外观长的很萌，特别是融入了皮卡丘的元素，看起来非常的呆萌，同时惊讶大众造车开始注重外观颜值了,,爱车评价,,,,,[最满意],最满意的还是ID.6CROZZ的综合性，带着国民老品牌大众。配置也齐全，各项设计充满科技感，很吸引我，让我眼前一亮。,[不满意],最不满意的就是ID.6CROZZ的车头部分设计的比较丑陋，作为外观这一点来说，个人感觉一般，车头整体的流畅度稍微低一点，看起来有一种新的高科技感觉，但是整体比例不怎么协调，看起来有点怪怪的，在这个价位感觉台车看起来不够高档，更多的是一种针对年轻的一种时尚的那种感觉，对于我们这种30几年的成年人来说，还是不怎么合适，在颜色上面也是比较花里胡哨，白色的又太过于简单了。,[外观],[内饰],ID.6CROZZ的内饰质感比较精致，规规矩矩的看着不腻，不太喜欢那种花里胡哨的内涵，讲究简洁大方最得体，中控的触摸屏比较棒充满智能化，座椅的颜色搭配很有层次感。,[续航],这款车的官方续航里程是300多公里，目前我才开了3000多公里，也没有具体得去算过，但是大致感受下来，续航280公里是妥妥的，整体来说还是比较满意的。,,[空间],,ID.6CROZZ的空间挺大的，在紧凑型的车里很大了，就那后排坐我这个180的大个子还能翘个二郎腿呢，头顶有十多公分的距离，后备箱的容积很宽敞，远行不用担心装不下行李。,[舒适],ID.6CROZZ舒适性我非常满意的就两点，第一个是这台车的音响效果挺好，第二个是这台车的隔音效果不错，这两点综合起来，这是家居用车的*啊。,[动力],纯电车的动力比燃油车起步要快很多，像我这种开快车的很明显能感受到，有些时候那种加速的推背感能让你感受到一种非常良好的驾驶感受，ID.6CROZZ的动力很迅猛，平时经过不好的路段和高度斜坡的时候，它也能给你一种非常轻松的感觉。,[操控],ID.6CROZZ的操控还是相当不错，方向盘特别轻盈灵活，开起来十轻松，操作上手十分快，对于我们文种老手来说，算是很轻松自在，就算是新手，也能很快的去适应它。,[性价比],ID.6CROZZ的价格还可以接受，毕竟配置在这摆着呢，动力也不差，不管是上班代步还是家居短用，都还是非常适合的，如果在能力范围内的可以买更高配的，我买的这款电量不适合跑长途，虽然我不经常跑远，但是有总比没有的要好吧，有备无患。,javascript:;
"
    发表于  2021-08    

      
        
    
    
",外观除了运动时尚以外，科技感也很足，可以说，终于打破了大众以往的风格，尤其是前脸贯穿式的大灯和logo让灯带都相连了起来，独有的设计，开在路上，回头率超高。,https://image1.xcarimg.com/attachments/my/1/91/01/397_120.jpg,gh1629614796,三星会员,4.63,外观,4,内饰,4,续航,5,空间,5,舒适,5,动力,5,操控,5,性价比,4,购入信息,爱车车型,https://newcar.xcar.com.cn/m60048/,2021款ID.6 CROZZ 标准续航PURE版,购入时间,2021/3/1,购车地点,河北众捷汽车贸易有限公司 [河北省],裸车价格,23.21万  (厂商指导价 23.98万),续航里程,351km,购入用途,接送小孩,爱车简评,这个价位，还算可以接受，毕竟整体的驾乘感受还是可以的提车时，送一年的免充电和终身免姜保养,,爱车评价,,,,,[最满意],开着舒服，操作简单，之前开着油车，至从提回这台ID，油车就再也没有摸过！因为开起来提速快，而且很细腻超，车非常的利索，这点让我很吃惊，压根没想到电车和油车有这么大的区别！当然这种快感常常让我很满足！与此同时，操作简单也是我最喜欢的一个亮点。这款车换挡拨片位于方向盘右侧，宽厚的造型加上电子设计，看起来很卡通，很新鲜，也很简单！既不是传统的放置在中央通道，也不同于怀挡，前进往前轻轻的拧一下，倒车往后拧一下，停车P档点一下即可！完全符合正常逻辑，总之比较好玩。因为没有了发动机的工作噪音，所以，开起来非常的安静，在车里听音乐绝对是一种专享的私人音乐厅，舒适性盖过油车！最后是省钱，平时每月800元的有钱，现在不到400元，省钱立竿见影！大灯和尾灯非常的漂亮，尤其是傍晚天以后，全程发光的logo分外引人注目！,[不满意],最不满意是换挡，之前开车习惯摸挡把手，现在突然换在了仪表盘右边，刚开始换挡老是摸错地方，还真是尴尬，只不过这都是一个习惯问题，开久了就好了。,[外观],[内饰],内饰比较年轻时尚，整体都偏向了智能化，而且内饰还有氛围灯，会根据不同的场景改变，给ID.6CROZZ的设计师加鸡腿。,[续航],提车之后，我还没跑过高速，基本就在市区，日常也就上下班，差不多十来天左右充一次，我也没具体观察过，这个电耗因人而异了。,,[空间],,空间我一个人开的时间比较多，再一个就是接送孩子，后排他们可以随意玩耍，后备箱基本就是他们的玩具，而且后备箱空间很大，很能塞，我身高有168，每次开车腿部空间都还非常充裕，在我看来，空间是不错的。,[舒适],车内开起来，还是蛮安静的，ID.6CROZZ有一个语音智能系统，很赞，通过它可以来调节空调温度，播放音乐等，座椅也是我喜欢的，软硬适中，就算开车时间长也不会感到累。,[动力],提速非常快，跑起来很轻松，而且等红绿灯踩油门的时候，会有推背感，而且作为我平时上下班开，女孩子来，动力是够够的，没有迟滞高。,[操控],操控除了换挡不满意以外，其他的都没问题，刚开始换挡老是摸错地方，设计的不是到位，有一点特别喜欢，就是深踩刹车，会自动驻车，这点设计得很用。,[性价比],我买东西第一时间就看性价比，而且在当时买车的4s店，我是首台，送了一些免裹充电，和一些保养，而且还不要购置税，还是蛮划算的，动力也不差，蛮适合家里第二台代步，堵车我可以开纯电动的，出远门我可以开燃油车，爽歪歪，而且现在新能源的车也越来越多。ID.6CROZZ无论是价格还是外观，都在我的购车需求内。,javascript:;
"
    发表于  2021-08    

      
        
    
    
",外观肯定是没有任何问题啦，非常的满意，毕竟现在买车首选的也是车辆的外观了！看上去非常的年轻化。而且又具有科技感。 非常的漂亮！,https://image1.xcarimg.com/attachments/my/1/91/06/678_120.jpg,xuser1920667,三星会员,4.63,外观,5,内饰,5,续航,5,空间,5,舒适,4,动力,5,操控,4,性价比,4,购入信息,爱车车型,https://newcar.xcar.com.cn/m60048/,2021款ID.6 CROZZ 标准续航PURE版,购入时间,2021/2/1,购车地点,深圳市南方腾龙汽车销售服务有限公司 [广东省],裸车价格,23.2万  (厂商指导价 23.98万),续航里程,350km,购入用途,接送小孩,爱车简评,最满意的是空调温度下降的很快，在炎热的夏季中，再太阳底下暴晒，然后开空调，会比其他的车下降的更快一些，在一个就是外观，很吸引我，科技感十足，大灯设计得像机器人的眼睛，炯炯有神。因为家里有一辆燃油车了，,,爱车评价,,,,,[最满意],最满意的地方就是它的外观和内饰了。这台车子我等了很久才等到的，当时就是冲着这台车的外观去的，因为我觉得它的外观改动在大众车系里面是比较大的。而且纯电车型外观都比较显高端科技化。特别是前脸。,[不满意],最不满意的地方，还是觉得这台车子的颠簸有点大吧。我觉得舒适度达不到我想要的标准。,[外观],[内饰],在内饰方面，改动还是非常大的。较对于以前的大众来讲，简直就是换了一个品牌。首先中控屏改变非常的大。其次挂挡的挡杆也变了，改在方向盘侧面，整个车子的内饰看过去就特别的简洁而又简单。给人的第一感觉就特别的舒服。而且在座椅的用料方面，也跟其他的车辆不一样。摸上去的感觉就非常的柔和。,[续航],说实话对于电耗方面，我现在还没有一个完整的概念。只是知道它的一个大致的续航里程。因为现在的话还没有经常开，也没有开多少路，针对于西航里程的话，还是挺满意的。标记着500左右的续航里程。,,[空间],,针对于车辆的内部空间，我个人还是觉得非常满意的，可能也是因为是纯电动车的原因。没有了发动机和变速箱，所以车辆从外观看上去可能不会觉得很大，但是打开门坐到里面来，会发现非常的宽敞。,[舒适],车辆整体的舒适度来看。只觉得有点颠簸吧，其他方面倒还可以。座椅的包裹度啊，舒适度啊，都挺不错的，就是觉得有点颠。这也不知道是为什么，可能是底盘调教的原因吧。如果说在这个方面能改动一下就好了。,[动力],以一辆电动车在动力方面绝对是没有任何问题的。给到我的推背感，还是特别满意的。在日常的加速超车方面，完全没有任何问题。,[操控],操控还是非常舒适轻松的吧。当然是开起来之后的感觉，车辆速度在比较慢的时候，方向盘还是比较重的，这一点不知道为什么跟燃油车不一样。燃油车的方向盘还是很轻的。不过这一点的话，还是可以接受的，倒不是什么很大的问题。,[性价比],我觉得在纯电车型中的性价比，它还是比较高的吧。首先它是一台SUV车型，而且续航里程已经达到了500km。通过这些数据和价格，我觉得没有什么车型比这台车更具有性价比的纯电车型了。,javascript:;
"
    发表于  2021-08    

      
        
    
    
",车型线条很流畅，年轻满格！我觉得车子最大的亮点就是车头车尾的贯穿式灯带+发光logo，特别是到了晚上，视觉效果超赞。 而且光眸矩阵大灯，跟会动的眼睛一样，他的大灯很智能，根据你靠近的距离点亮。科技感满满。,https://image1.xcarimg.com/attachments/my/1/90/93/430_120.jpg,gh1628826659,三星会员,4.63,外观,5,内饰,5,续航,4,空间,4,舒适,4,动力,5,操控,5,性价比,5,购入信息,爱车车型,https://newcar.xcar.com.cn/m60048/,2021款ID.6 CROZZ 标准续航PURE版,购入时间,2021/2/1,购车地点,广东君乐汽车贸易有限公司 [广东省],裸车价格,23.19万  (厂商指导价 23.98万),续航里程,349km,购入用途,购物,爱车简评,感觉这款车用的最好的地方是，隔音效果确实不错。动力方面不那么迅猛开起来平顺性很好，续航目前显示603最低的一次显示550感觉不错，日常开空调使用。跑的路程较多。整体来说很不错。,,爱车评价,,,,,[最满意],我一直关注新能源，是真的经济，给家里再添一辆代步车，关注了很多新能源的车型，最后选择了ID.6CROZZ。开着小4在外面逛，真的是回头率很高，吸引特別多人的目光，真香~变道提示、车道保持、是我最喜欢的功能，auto hold简直是起步神器，加速流畅，提速超快，噪音低，超静音，开了十年燃油车被一天的电车直接pass掉，除了油耗什么都好，加油加的我心疼鸣鸣，哈哈，真的再也不想开燃油车啦，开电车到处去是一点也不心疼，和充电不花钱一样，开心，感觉这是自己最明确的选择了,[不满意],周边游两个小时以内能到的地方，跑跑还可以，不成问题，打个来回，远处的话，毕竟现在充电桩不方便，怕没地方充电回不来。23.58W上汽大众ID.6CROZZ初见版没有优惠，现在大多数新能源好像都没有优惠，喜欢就好了，,[外观],,,[续航],一般开电车，你是不心疼的，就喜欢到处溜达，跑着玩，一般我也不允许我得车车的电低于50%，我一般4/5天充一次电。也非常经济，合着一公里一毛钱。,,[空间],,空间方面还是不错的，空间很大，上车能直起腰了。动力足，操控性很好，方向盘很丝滑。儿子很喜欢后排座椅放倒，让我给他带枕头到车里睡觉。到家后就把之前车上的急救包手电雨伞篮球篮球鞋棒球棒都放了进去，加上之前买的折叠椅都可以放的进去。露营装备也可以买买买放进去了。,[舒适],无钥匙进去，直接开车门上下车，ID.6CROZZ有独特的车辆启动方式，你无需按任何启动键，只要踩刹车踏板，然后选择前进或者后退档位，踩下油门就可以出发了。还有就是抬显功能，太爱了。,[动力],电车的动力没的说，起步超快，提速超快，你绝对是等红绿灯时最亮的仔。数你跑得快。他有很多种驾驶模式，舒适模式和燃油车一样，完全没有能量回收的拉扯感，切换b档，有能量回收了，运动模式会有能量回收。日常开舒适模式，最舒服。,[操控],这个车开起来真的给我惊喜十足，首先是底盘，底盘质感很好，感觉比自家燃油车要好太多。因为电池在底盘上，底盘厚重不说，重心非常低，整个车2吨多呢，带来的操控感非常不错，你开着他根本感觉不出在开一辆SUV.一辆20万左右的车能做到这个水准真的很棒了。转向手感非常棒，一点不大众，手感很紧致，不说那种很轻的感觉。,[性价比],买电车最成功的就是雨天不怕水，防水，前几天雨下的特别大，路上积水很深，路上大部分的车都走中央，就特别堵车，因为我是电车吗，不怕水，早上去送我家宝上学，竟然是班里第一个到的，这就是电车的优势。,javascript:;
"
    发表于  2021-08    

      
        
    
    
",这辆ID好像是全新设计的车体，造型最为独特，贯穿式镀铬前脸，大尺寸玻璃天幕，注意这里是天幕不是天窗，是打不开的，不过会让车内更加明亮一些。,https://image1.xcarimg.com/attachments/my/1/91/06/675_120.jpg,xuser1920667,三星会员,4.5,外观,5,内饰,5,续航,5,空间,4,舒适,4,动力,5,操控,4,性价比,4,购入信息,爱车车型,https://newcar.xcar.com.cn/m60048/,2021款ID.6 CROZZ 标准续航PURE版,购入时间,2021/2/1,购车地点,厦门市盈众汽车销售有限公司 [福建省],裸车价格,23.18万  (厂商指导价 23.98万),续航里程,348km,购入用途,购物,爱车简评,最满意的地方是车子的内饰方面，中控台这块真的别具特色，一改大众通用的内饰设计，新能源车就是不一样内饰很有科技感，中控屏幕超大的而且是触控的，液晶仪表盘也做的很绚丽的，方向盘全真皮包裹的手感也不错，,,爱车评价,,,,,[最满意],ID.6CROZZ就像一张身份证，作为家里的第二辆车，也是第一辆万全的纯电汽车。最满意的是他给我带来的不一样的驾驶感，充沛的动力，没有顿挫感的提速，当然你还要适应这辆车不同的换挡方式，轻轻一扭就可以切换不同的档位，坐在驾驶座上你只需要踩住刹车，车子就会自动启动，停车的时候只需要松开刹车，自动切换到电子驻车模式，更有意思的是，你下车后不用主动去熄火，关上车门，拿着遥控钥匙锁车就OK了。这是一个非常有意思的功能。,[不满意],不满意的地方是这辆车没有优惠，而且手续也比较繁琐，等车要一段时间。还有这辆车全部都是触控操作，上车着急开空调的话要有耐心的去操作大屏幕。,[外观],[内饰],车子内饰比较有科技感，行车仪表和中控大屏，一大一小的屏幕分别镶嵌在中控台上，档把也不是传统的在扶手箱位置，而是设计成怀挡位置。车内还有一圈氛围灯挺好玩的。再就是按键都是触动的，没拨动按钮。,[续航],前两天我们一车四人去了隔壁城市自驾，往返200多公里，多数是省道，综合下来车上显示的续航里程还是比较准确的，我开这辆车只看续航里程，毕竟大多数人还是有电力续航焦虑的。,,[空间],,空间就是平车SUV的空间，前排和后排的空间都很大，后备箱的空间也不错，电池都在车子底部，地毯也非常平整。,[舒适],这辆ID.6CROZZ是SUV车型，底盘比较高，所有开车视线会比较好，座椅是织物打孔组合，包裹性，柔软性非常好，还有气动按摩，开车非常舒服的。,[动力],三元锂电的动力电池，官方的最高车身是160公里，这个数据看上去有点小，不过高速只能跑120公里，标的高也没啥用处,[操控],开过电动车的朋友，都很了解了，第一没有顿挫感，第二提速是真快，谁开谁喜欢。,[性价比],花20多万的价格也可以买一辆很不错的燃油车，但是花20多万买一辆电动车，我肯定是买有保障，买放心的，大众的售后还是非常方便的。一辆老牌车企的电动车技术和售后还是让我信任的。,javascript:;
"
    发表于  2021-08    

      
        
    
    
",外观像个小精灵一样，灵活时尚，潮流设计的外观十足符合我的审美风格，鲜艳又不庸俗的红色，看起来独一无二，走在路上回头率杠杠的。,https://image1.xcarimg.com/attachments/my/1/91/06/674_120.jpg,xuser1920667,三星会员,4.5,外观,5,内饰,5,续航,5,空间,5,舒适,4,动力,4,操控,4,性价比,4,购入信息,爱车车型,https://newcar.xcar.com.cn/m60048/,2021款ID.6 CROZZ 标准续航PURE版,购入时间,2021/2/1,购车地点,福建省福京汽车贸易有限公司 [福建省],裸车价格,23.17万  (厂商指导价 23.98万),续航里程,347km,购入用途,接送小孩,爱车简评,最喜欢的是这款车的颜值：前脸采用横向贯穿式灯带连接LOGO与大灯，光耀夺目；侧面自然曲线与悬浮式车顶的结合，律动感十足；尾部贯穿式律动尾灯造型，科技梦幻。,,爱车评价,,,,,[最满意],最满意的就是它的外观了，外观非常时尚，看起来沉稳大气，前脸设计的很有科技感，很有线条感，相对的简约大气，新能源的车子现在也是越来越多人选择了，所以我也是心动的选择了，车子虽然是新能源的，但是它的起步还是很顺畅的，没有燃油车的那种顿挫感。再一方面就是它的性价比，性价比也非常的高，价格也是很符合我的预算的，我平时上下班代步也是足够的了，充一次电能用一个星期左右，看我平时用车多不多了，周末出行都没有问题的，新能源的用车成本也是比燃油车的要低，对于以后的用车来说经济压力要小一些。上次开车去找同学玩耍，同学就嚷嚷着试驾了一回，对他来说他也很喜欢这种设计感的车子，看的他都很激动，也很心动，说想买车了也会考虑一下这款电动车，都是男孩子，对车子的一些设计都很满意很心动。还有一回我开车出去郊外踏青，开着我的爱车跟我的同学一起，坐在车内的舒适性很强，也很平稳，过一些坑洼路面都不会感觉很颠簸，悬挂还是做的挺好的，这点我还是感觉很有面子的。,[不满意],目前对车子没啥不满意的，唯一—点不满意的就是它的挡杆，感觉转换的时候总是会不太习惯，选择性的把手放在中控扶手处，有时候没有反应过来都觉得自己有点尴尬了。,[外观],[内饰],内饰的设计也很炫酷，科技感十足，请给我们的设计师加一个鸡腿吧，长在了我的视觉审美上了，这内饰设计，简单又明了。,[续航],我平时都是上下班用车比较多，电耗的表现也还是可以的，为我省下了不少，后期的用车成本都很低。,,[空间],,空间很大，我平常都是一个人代步用车，空间对我来说都还是比较宽敞的，不过有一说一，这款车的空间确实也是可以的，我身高有178，体重也是属于比较强壮的人，坐在主驾驶上面很轻松，腿脚都收缩自如，腰部也有很强大的一个支撑性，头部的枕靠也很舒服，开车也不会很疲乏，而且前排的视野非常宽广，哪个角度都能看的比较清晰有质感，后排的空间更加不用说了，我坐在后排连二邮腿都可以翘起来，非常舒适，腰部也适中，座椅也很柔软，躺下来都可以，全景天窗给后排开启了光透感，非常舒服，车内的储物功能都很不错，收纳各方面都设计的很合理，这点我也是挺喜欢的，设计师的想法非常好，这样车内就不会乱七八糟了，而是非常有规整的感觉了，再说说它的后备箱，后备箱的空间也是很大的，如果想搬大件东西，后排都可以放倒来，那空间可以当成一张床了，也可以铺上垫子睡一个安稳的觉都可以的。,[舒适],和所有的车主希望都有点讨厌新车的异味感，皮革味儿大，坐在车内都浑身不自在，只能多通风散味了。,[动力],别看它是纯电车动力就会很弱，实际上它的动力是非常劲爆的，轻轻一踩油门车子就出去了，也很温柔也很迅猛，反应非常的快，红绿灯起步也是快马一步，赶超其他车，目前它的动力是我体验的最不错的一款车了。,[操控],操控说简单也挺简单的，就是挡杆那里切换不太习惯而已，我相信随着时间的积累，我也会习惯的。,[性价比],性价比很高，外观耐看，动力十足，价格实惠，用车省心等等这些都让我觉得它的性价比很高。,javascript:;
"
    发表于  2021-08    

            
    
    
",外观的设计合理，线条夹缝处都很贴合，细节感都很用心，车窗的玻璃密封性能好。,https://image1.xcarimg.com/attachments/my/1/91/06/673_120.jpg,xuser1920667,三星会员,4.63,外观,5,内饰,4,续航,5,空间,5,舒适,5,动力,5,操控,4,性价比,4,购入信息,爱车车型,https://newcar.xcar.com.cn/m60048/,2021款ID.6 CROZZ 标准续航PURE版,购入时间,2021/2/1,购车地点,青岛迪生源汽车销售服务有限公司 [山东省],裸车价格,23.16万  (厂商指导价 23.98万),续航里程,346km,购入用途,购物,爱车简评,最满意的就是它的时尚外观，看起来沉稳大气，而且前脸设计的也非常的大方，科技感十足，整体线条简约大气。现在新能源的车子已成为一种时尚，我也心动了，试驾过ID.6CROZZ，它的起步很顺畅，,,爱车评价,,,,,[最满意],说到最满意的地方，第一是外观，外观很符合我的个人审美观，一眼中的，车灯很透亮，设计的也比较有特色，晚上开车看起来就很酷咯，线条刚刚好，给人一种很舒服的感觉，车漆也很有质感，颜色搭配的非常时尚，挺适合当代年轻人的元素，耐看且高颜值，试问：哪个不爱这种设计风格呢（个人心动不已）？整个车子的前脸看起来比较高级，整体的颜色和车身的线条搭配起来看起来就是一种高级感了，前面的视觉来看它是一种比较时尚又稳重的气质感，侧面的线条腰身显得整个车还是比较精致的。第二是它的动力，动力对于我来说，说重要也重要，说不重要也不重要，我主要上下班的地方是在城中村那个位置咯，交通环境不管什么时刻都比较堵塞，基本上是走一步堵两步的这种情况，要加速也是不太可能的，但是起步就至关重要了，这种环境下如果动力拖沓，就很尴尬了，像ID.6CROZZ的动力完全不会出现，就算是满载的情况下，动力的表现都非常迅猛，总的来说这一点深得我爱。第三当然是它的电耗表现了，新能源的车子，在市区也不限行，随时都可以出门，没有限行的困扰，还有就是环保，挺好的，最最最重要的就是它的用车成本低了，平时我充电比较勤快，自己家也有装了充电桩，非常方便的，这种状态下我感觉是最省的一种状态了，挺让我惊喜了。,[不满意],其实要说不满意的有哪些我倒是也没有多在意，不过就是有一些小细节方面我感觉是需要改进一下的，第一就是新车的气味实在是太大了，闻着就感觉内脏不舒服，家里老人想坐车都感觉很晕车，就是这个异味让他们也难受，所以前期我提车了都没有让家里人乘坐，毕竟这种气味闻多了对身体也不好，所以我能做的就是多通风多晒一下太阳，或者买一些去除异味的东西了，但是效果很差，没有理想中的去除快，还是要靠时间和坚持多通风散味才行，这个问题是所有新车的硬伤，感觉可以改进一下，给大家都能提车开开心心的吧！第二不太满意的地方就是它的后备箱空间了，论能装它是比较弱的，没有比较突出的特点，中规中矩的空间，大概就只能放下一个大行李箱就没了，最好的就是第三排可以放倒纯平的状态才可以承载比较多的物品了。,[外观],[内饰],内饰科技感十足，视觉上的美妙，主要设计的简约大方，更符合我们这个潮流的风格。,[续航],这也是我人生中的第一辆纯电车，也不知道这个有没有优势，但是跟纯油车相比较的话那是相当的省了，而且家里也有充电桩，挺方便的。,,[空间],,空间不能算很大，只能说够用，我买回来也是上下班代步的作用，对它的空间要求也不是特别高，而且一家人一起外出的机会也比较少。乘坐方面的话后排还是可以坐的下三个成年人的，就是有一点紧凑，车子的体格本身就不是很大，避免不了这种情况，后备箱的空间更是小，如果后排不用坐人的话，放倒就可以带挺多的东西的，但是如果坐人就放不下什么东西了。,[舒适],座椅坐着非常舒服，柔软又有包裹性，开长途坐久了也不会觉得腰不舒服，隔音也做的很不错，基本听不到什么杂音。,[动力],动力作为上下班代步绰绰有余，平时都是我一个人用车比较多，这款车的动力对我来说足够用了，换挡也很平顺，起步什么的也不会有卡顿抖动的现象，跑过两次高速，感觉都没有吃力，像这样的用车动力完全足够了。,[操控],这个车子的操控非常简单，轻轻松松就能把方向品转动了，刹车也非常的灵敏，跑高速的时候也不会飘，驾驶感挺好的，日常的操控感觉都很舒服，很有安全感，方向品还有控制语音、切歌、调节音量大小的功能，非常方便。,[性价比],性价比当然很高了，外观时尚大气，动力十足，价格也在预算范围内，后期用车成本低。,https://newcar.xcar.com.cn/5197/review/comment-421253.html
"
    发表于  2021-08    

      
        
    
    
",这个外观设计还是挺惊艳靓丽的，不管是从前面看、侧面看，还是后面看我都是非常喜欢，搭配上这个红色的颜色，让整个车看起来就会更加的喜庆。,https://image1.xcarimg.com/attachments/my/1/91/06/671_120.jpg,xuser1920667,三星会员,4.75,外观,5,内饰,5,续航,5,空间,5,舒适,5,动力,4,操控,4,性价比,5,购入信息,爱车车型,https://newcar.xcar.com.cn/m60048/,2021款ID.6 CROZZ 标准续航PURE版,购入时间,2021/1/1,购车地点,山东润捷汽车销售服务有限公司 [山东省],裸车价格,23.15万  (厂商指导价 23.98万),续航里程,345km,购入用途,购物,爱车简评,最满意的就是它的外观，外观方面看上去十分的具有未来感，非常的时尚大气。前脸的设计整体呈流线型，看上去呈现一种线条感，相对的简约大气。而且新能源车子越来越多人去选择，相信在不久的未来,,爱车评价,,,,,[最满意],购买这一款纯电动ID.6CROZZ让我满意的地方还是有好多的。外观ID.6CROZZ 有着独特的造型设计，整个车身线条特别的流畅，车前两个大灯看起来也是特别的犀利，而且在你车子启动的时候前后的logo还都会自动亮起来，让整个车的档次感更加提升了。这款车的加速表现真的是要特别的夸奖，虽然我没有具体测试过它的百米加速，但是我估计百米加速应该在六秒以内吧，就算是浅踩油门也能有很强烈的推背感，如果深踩一脚油门那提速感真的杠杠的，当然要谨值使用，因为一不留神就会超速了，还是安全第一。续航：虽然这款车没有广告宣传那样能达到555公里，但是按照我开下来500公里还是没有问题的，我平均每天开50公里，所以充一次电就可以开上一个星期了，所以对于这样的续航里程我还是特别满意的。,[不满意],整个车在用车方面基本满足了我的一个需求，要硬说缺点的话呢，就是没有老车子的一个熟悉感，一款极具未来的车型，初次体验的话会感到很多地方的不适应，惊奇它的每一处设计。,[外观],[内饰],内饰的设计感觉还是挺不错的，满满的都是科技感呀，开启空调还都可以声控完成。,[续航],当时买车的时候销售跟我说这款车续航达到了555公里，目前开下来虽然没有这么多，但是500公里还是有的，而且买车以后我还特地去国家电网审批了电费，在晚上九点以后充电费用相对来说还会便宜点，如果按照一公里测算的话我估计也只要一分多点就够了。,[充电],[空间],舒适性在我看来还是特别棒的，座椅的舒适性和包裹性都非常好，特别是前排两个座椅都有着按摩功能，一边开车一边按摩特别的享受。,如果身材不是特别高大的话乘坐起来还是不会感觉到拥挤，但是按照我这样的身材乘坐到后排去空间感觉就很一般了，头部距离车顶连一个拳头的空余都没了。腿部膝盖位置和前排靠背也只有一个拳头的空余。还有这款车如果后排乘坐三个身材高大的人会比较的拥挤。,,,[动力],加速快也是纯电动车的一个特色了，虽然我没有具体测试过它的百公里需要几秒，但是按照我的估算应该也在六秒以内吧。车子就算是轻轻的踩油门也会有很强烈的推背感，完全满足我对加速的要求，平时有个急事想超个车也是特别的轻松。,[操控],车子的方向盘还是比较的轻盈，而且转向也是挺精准的，。还有这款车有这么一个功能，在你车子开的时候，如果偏到中间车道，车子的仪表上会提醒你，另外会把你的方向盘自动把控过来，这让开车的安全性有多增加了几分。,[性价比],性价比这个东西仁者见仁吧，反正我是挺喜欢这一款车子的，也是我们当地第一个吃螃蟹的人，目前开下来各方面都不错。,javascript:;
"
    发表于  2021-08    

      
        
    
    
",外观简单大气又不缺时尚点缀，尤其前脸干净了许多，特别喜欢矩阵式LED大灯，炯炯有神，像“会说话”的大眼睛，夜间更吸睛。,https://image1.xcarimg.com/attachments/my/1/91/02/380_120.jpg,gh1629715492,三星会员,4.75,外观,5,内饰,5,续航,5,空间,5,舒适,5,动力,4,操控,5,性价比,4,购入信息,爱车车型,https://newcar.xcar.com.cn/m60048/,2021款ID.6 CROZZ 标准续航PURE版,购入时间,2021/1/1,购车地点,重庆商社汽车贸易有限公司 [重庆市],裸车价格,23.14万  (厂商指导价 23.98万),续航里程,344km,购入用途,接送小孩,爱车简评,这款车的配色真的点亮我的眼睛，真的太优秀了，大部分的白配上小部分的红，直接洋溢着年轻的气息。整车给人带来一种大气的感觉，整车的流线性给人直观带来一种线条的韵动。随着档位的改变，原本的位置变大了不少也。,,爱车评价,,,,,[最满意],首先先撤开车子本身，聊一些整个买车的过程让我感觉非常舒服，直接对接厂家，专属的销售顾问从始至终服务都非常到位，没有优惠避开了价位谈判的琐碎，我本人也非常不善于还价也不喜欢三翻四次的因为价格不合适而耽误时间。从看车到下订到提车，环节简单方便这点是我非常满意的。再次谈一下这款车，简单大气的外观，媲美燃油车一箱油的续航里程，舒适的空间，平顺的操控，不俗的动力都让窝对ID.6CROZZ爱不释手。,[不满意],可能是燃油车乘坐的惯性，刚开始开的时候由于电动传输比较快，会有点轻飘的感觉，再加上新车异味比较大，不怎么晕车的在速度比较快的情况下会有一点晕晕的感觉。不多这种感觉也就持续了一周时间，充分适应了之后就好了很多。,[外观],[内饰],内饰是这次ID.6CROZZX最能给人惊喜感的地方，全新样式的中控台只留下了少量的物理按键，还变成了触控式，悬浮式的中控大屏和仪表液晶屏相当清晰，界面也很好看，座椅时尚美观，非常舒适。,[续航],充电13个小时就能充满，快充的话，40分钟就能充80%，相较于用油成本，还是非常节省的。,,[空间],,毕竟是一台纯电SUV，空间方面也是非常不错的，我身高176，体重130斤，腿部和头部空间充裕不压抑，后备箱空间也足够大。,[舒适],ID.6CROZZ不管是驾驶还是乘坐都非常舒服，丰富的科技配置，隔音效果也很不多，噪音少了很多，感觉很静谧，再播放点音质极佳的音乐，开车就是个享受。,[动力],纯电的动力传输很快，尤其绿灯提速的时候，明显快于燃油车，一脚油门下去，动力给的足足的。,[操控],操控非常平顺，电子换挡杆位于方向盘右后侧，一开始肯定会有些不习惯，但是使用一段时间后方便极了，前拧是前进挡，后拧是倒车挡，在D挡刹停后，只需深踩刹车，会自动激活自动驻车功能，对于市区行使经常遇到红绿灯的情况很有帮助，车停好后，按下P挡，下车走人后，会自动关机锁车，真的很便利安心。,[性价比],新能源车是大势所趋，尤其是纯电，既节约用车成本又节能环保，ID.6CROZZ既有溜背车的味道，又有SUV略带野性的造型，甚至还有媲美MPV的车内空间，没有购置税，不用加油，该充电时在车库里充上一晚又是活力满满，性价比我觉得杠杠的，但是身边的朋友还是质疑电池的持久性，以后的事情谁又敢百分百保证呢，活在当下，做一个敢于“吃螃蟹”的人才能享受到纯电的乐趣。,javascript:;
"
    发表于  2021-08    

      
        
    
    
",外观上ID.6给我的感觉是打破了大众车过往的风格，给我感觉是变得更加的前卫、时尚、动感，前脸一体贯穿式的大灯和logo让灯带相连在了一起，日常行驶的时候l0go和灯带是发光的开出去也比较有辨识度，车门的门把手也变成了半隐藏式，20寸的轮毂让车子看起来稳定、动感，尾部贯穿式尾灯夜间的效果比较漂亮。,https://image1.xcarimg.com/attachments/my/1/90/84/410_120.jpg,gh1627693759,三星会员,4.63,外观,4,内饰,5,续航,5,空间,5,舒适,5,动力,4,操控,4,性价比,5,购入信息,爱车车型,https://newcar.xcar.com.cn/m60048/,2021款ID.6 CROZZ 标准续航PURE版,购入时间,2021/1/1,购车地点,天津捷通汽车销售有限公司 [天津市],裸车价格,23.13万  (厂商指导价 23.98万),续航里程,343km,购入用途,购物,爱车简评,ID.6CROZZ这款车的配置还是挺丰富的，之前其实我没怎么长时间的开过这种车型，对于这个空间我们一家都很满意。而且座椅非常舒服，超车杠杠的，很有推背感。宽大无比的车身造就了它舒适宽敞的内部空间，,,爱车评价,,,,,[最满意],最满意的是ID.6外观和内饰以及揉控，外观上ID.6给我的感觉是打破了大众车过往的风格，给我感觉是变得更加的前卫、时尚、动感，前脸一体贯穿式的大灯和logo让灯带相连在了一起，日常行驶的时候logo和灯带是发光的开出去也比较有辨识度，车门的门把手也变成了半隐藏式，20寸的轮毂让车子看起来稳定、动感，尾部贯穿式尾灯夜间的效果比较漂亮。内饰上变化还是比较大，因为我也是大众的老车主了，之前大众车内饰都是比较保守一些，但是ID.6上我看到了不小的变化，首先是中控屏和仪表采用了全新的悬浮式的设计，其次档把不再是之前在中控哪里，而是和仪表设计在了一起，整体看上去比较有科技感，内饰配饰主要是黑色和蓝色为主和车子外观相呼应，同时中央扶手上有ID专属打孔字样，之前旋钮式大灯开关也变成了触控的。操控上ID.6给我得感觉有些地方是比较新颖的，首先是当你带着车钥匙的时候离车比较近的时候大灯和车门活自动解锁，其次就是不需要像燃油车还得再点火，只需要坐进主要踩住刹车挂挡就可以正常启动了，在驾驶中ID.6给我感受相比燃油车有一个更安静的空间，低速行驶时车子比较轻盈高速行驶时比较稳重，刹车和油门反应比较灵敏也可以选择B档能呈回收模式，在这个模式松开油门就明显的感觉到速度下降了。,[不满意],不满意有这几个点吧，第一个是前机舱盖不是液压支撑的而是需要单独的杆支撑，第二是感觉中控无线充电的上面的挡板是手动开启的不能自动弹出。,[外观],[内饰],内饰上变化还是比较大，因为我也是大众的老车主了，之前大众车内饰都是比较保守一些，但是ID.6上我看到了不小的变化，首先是中控屏和仪表采用了全新的悬浮式的设计，其次档把不再是之前在中控哪里，而是和仪表设计在了一起，整体看上去比较有科技感，内饰配饰主要是黑色和蓝色为主和车子外观相呼应，同时中央扶手上有ID专属打孔字样，之前旋钮式大灯开关也变成了触控的。,[续航],ID.6官方的数据续航在555KM，我平时主要的用车用途就是上下班，平时每天行驶30公里左右，差不多半个月左右充一次电。,,[空间],,空间上我178的身高150的体重坐在主驾空间还是比较宽敞的，同时可以根据需要在进行调节，后排的空间做进去的腿部和前排座椅还有3拳座椅的空间，后备箱的大小可以当进去2.3个行李箱吧。,[舒适],在舒适性方面首先是ID.6的座椅比较柔软，同时配置了腰托以及座椅气动按摩可以在长途驾驶中有效的减去疲惫感，同时双驱的空调可以根据乘客的需求进行不同的温度调节。,[动力],新能源的车子相对于燃油车在动力上传输更快，所以ID.6在动力上还是不错的，平时出行跑高速或者需要规避大车进行超车的时候动力相应都是比较快的，没有迟滞感。,[操控],操控上ID.6CROZZ给我得感觉有些地方是比较新颖的，首先是当你带着车钥匙的时候离车比较近的时候大灯和车门活自动解锁，其次就是不需要像燃油车还得再点火，只需要坐进主要踩住刹车挂挡就可以正常启动了，在驾驶中ID.6CROZZ给我感受相比燃油车有一个更安静的空间，低速行驶时车子比较轻盈高速行驶时比较稳重，刹车和油门反应比较灵敏也可以选择B档能呈回收模式，在这个模式松开油门就明显的感觉到速度下降了。,[性价比],性价比这一块怎么说呢，买车的时候没有优惠只有厂家配套的一些政策支持和置换补贴，但是车子外观配置操控之类让我还比较满意，其次是对大众这个品牌比较信赖，只能希望后续价格不要大跳水稳定一些。,javascript:;
"
    发表于  2021-08    

      
        
    
    
",外观这款偏向年轻人吧，时尚、运动、个性都能在大众ID.6 CROZZ身上看到，属于年轻人的车子，就选这个准没错，好几个年轻朋友看到我的新车以后都羡慕的不行。,https://image1.xcarimg.com/attachments/my/1/91/02/359_120.jpg,gh1629715131,三星会员,4.63,外观,4,内饰,5,续航,5,空间,5,舒适,5,动力,4,操控,4,性价比,5,购入信息,爱车车型,https://newcar.xcar.com.cn/m60048/,2021款ID.6 CROZZ 标准续航PURE版,购入时间,2021/1/1,购车地点,天津浩众汽车贸易服务有限公司 [天津市],裸车价格,23.13万  (厂商指导价 23.98万),续航里程,343km,购入用途,接送小孩,爱车简评,当时也是在车展上面看到这款车的，突然发觉大众开始往新能源车型发展了。这款纯电车留给我最大的印象就是外观长的很萌，特别是融入了皮卡丘的元素，看起来非常的呆萌，同时惊讶大众造车开始注重外观颜值了,,爱车评价,,,,,[最满意],最满意的还是ID.6CROZZ的综合性，带着国民老品牌大众。配置也齐全，各项设计充满科技感，很吸引我，让我眼前一亮。,[不满意],最不满意的就是ID.6CROZZ的车头部分设计的比较丑陋，作为外观这一点来说，个人感觉一般，车头整体的流畅度稍微低一点，看起来有一种新的高科技感觉，但是整体比例不怎么协调，看起来有点怪怪的，在这个价位感觉台车看起来不够高档，更多的是一种针对年轻的一种时尚的那种感觉，对于我们这种30几年的成年人来说，还是不怎么合适，在颜色上面也是比较花里胡哨，白色的又太过于简单了。,[外观],[内饰],ID.6CROZZ的内饰质感比较精致，规规矩矩的看着不腻，不太喜欢那种花里胡哨的内涵，讲究简洁大方最得体，中控的触摸屏比较棒充满智能化，座椅的颜色搭配很有层次感。,[续航],这款车的官方续航里程是300多公里，目前我才开了3000多公里，也没有具体得去算过，但是大致感受下来，续航280公里是妥妥的，整体来说还是比较满意的。,,[空间],,ID.6CROZZ的空间挺大的，在紧凑型的车里很大了，就那后排坐我这个180的大个子还能翘个二郎腿呢，头顶有十多公分的距离，后备箱的容积很宽敞，远行不用担心装不下行李。,[舒适],ID.6CROZZ舒适性我非常满意的就两点，第一个是这台车的音响效果挺好，第二个是这台车的隔音效果不错，这两点综合起来，这是家居用车的“啊。,[动力],纯电车的动力比燃油车起步要快很多，像我这种开快车的很明显能感受到，有些时候那种加速的推背感能让你感受到一种非常良好的驾驶感受，ID.6CROZZ的动力很迅猛，平时经过不好的路段和高度斜坡的时候，它也能给你一种非常轻松的感觉。,[操控],ID.6CROZZ的操控还是相当不错，方向盘特别轻盈灵活，开起来十轻松，操作上手十分快，对于我们文种老手来说，算是很轻松自在，就算是新手，也能很快的去适应它。,[性价比],ID.6CROZZ的价格还可以接受，毕竟配置在这摆着呢，动力也不差，不管是上班代步还是家居短用，都还是非常适合的，如果在能力范围内的可以买更高配的，我买的这款电量不适合跑长途，虽然我不经常跑远，但是有总比没有的要好吧，有备无患。,javascript:;
"
    发表于  2021-08    

      
        
    
    
",外观除了运动时尚以外，科技感也很足，可以说，终于打破了大众以往的风格，尤其是前脸贯穿式的大灯和logo让灯带都相连了起来，独有的设计，开在路上，回头率超高。,https://image1.xcarimg.com/attachments/my/1/91/06/667_120.jpg,xuser1920666,三星会员,4.38,外观,4,内饰,4,续航,5,空间,4,舒适,4,动力,5,操控,5,性价比,4,购入信息,爱车车型,https://newcar.xcar.com.cn/m60048/,2021款ID.6 CROZZ 标准续航PURE版,购入时间,2021/1/1,购车地点,上海宝乐汽车销售服务有限公司 [上海市],裸车价格,23.12万  (厂商指导价 23.98万),续航里程,342km,购入用途,购物,爱车简评,开着舒服，操作简单，之前开着油车，至从提回这台ID，油车就再也没有摸过！因为开起来提速快，而且很细腻超，车非常的利索，这点让我很吃惊，压根没想到电车和油车有这么大的区别！当然这种快感常常让我很满足！,,爱车评价,,,,,[最满意],最满意的是空调温度下降的很快，在炎热的夏季中，再太阳底下暴晒，然后开空调，会比其他的车下降的更快一些，在一个就是外观，很吸引我，科技感十足，大灯设计得像机器人的眼睛，炯炯有神。因为家里有一辆燃油车了，老公开的比较多，因为考虑到我上下班不方便，于是就买了这两纯电动的ID.6CROZZ，这样结合，就不会有很大的开销，毕竟电费还是比燃油便宜，而且空间对我来说也刚刚好，在我的购车需求里。,[不满意],最不满意是换挡，之前开车习惯摸挡把手，现在突然换在了仪表盘右边，刚开始换挡老是摸错地方，还真是尴尬，只不过这都是一个习惯问题，开久了就好了。,[外观],[内饰],内饰比较年轻时尚，整体都偏向了智能化，而且内饰还有氛围灯，会根据不同的场景改变，给ID.6CROZZ的设计师加鸡腿。,[续航],提车之后，我还没跑过高速，基本就在市区，日常也就上下班，差不多十来天左右充一次，我也没具体观察过，这个电耗因人而异了。,,[空间],,空间我一个人开的时间比较多，再一个就是接送孩子，后排他们可以随意玩耍，后备箱基本就是他们的玩具，而且后备箱空间很大，很能塞，我身高有168，每次开车腿部空间都还非常充裕，在我看来，空间是不错的。,[舒适],车内开起来，还是蛮安静的，ID.6CROZZ有一个语音智能系统，很赞，通过它可以来调节空调温度，播放音乐等，座椅也是我喜欢的，软硬适中，就算开车时间长也不会感到累。,[动力],提速非常快，跑起来很轻松，而且等红绿灯踩油门的时候，会有推背感，而且作为我平时上下班开，女孩子来说，动力是够够的，没有迟滞高。,[操控],操控除了换挡不满意以外，其他的都没问题，刚开始换挡老是摸错地方，设计的不是到位，有一点特别喜欢，就是深踩刹车，会自动驻车，这点设计得很用心。,[性价比],我买东西第一时间就看性价比，而且在当时买车的4s店，我是首台，送了一些免费充电，和一些保养，而且还不要购置税，还是蛮划算的，动力也不差，蛮适合家里第二台代步，堵车我可以开纯电动的，出远门我可以开燃油车，爽歪歪，而且现在新能源的车也越来越多。ID.6CROZZ无论是价格还是外观，都在我的购车需求内。,javascript:;
"
    发表于  2021-08    

      
        
    
    
",外观颜色女儿挑的，说再换车不要再买白色黑色的车了，所以她给我挑了红色的，开起来人都年轻不少，再配上别致的外观造型，确实是年轻时尚多了。,https://image1.xcarimg.com/attachments/my/1/91/06/662_120.jpg,xuser1920666,三星会员,4.5,外观,4,内饰,4,续航,5,空间,5,舒适,5,动力,4,操控,4,性价比,5,购入信息,爱车车型,https://newcar.xcar.com.cn/m60048/,2021款ID.6 CROZZ 标准续航PURE版,购入时间,2021/1/1,购车地点,北京海联力通经贸有限公司 [北京市],裸车价格,23.11万  (厂商指导价 23.98万),续航里程,341km,购入用途,购物,爱车简评,最满意的地方就是它的外观和内饰了。这台车子我等了很久才等到的，当时就是冲着这台车的外观去的，因为我觉得它的外观改动在大众车系里面是比较大的。而且纯电车型外观都比较显高端科技化。特别是前脸。,,爱车评价,,,,,[最满意],比较满意的就是内饰设计，内饰设计给我的第一个感觉就是挺有科技感，语音控制的中控显示屏，尺寸大，又自带倒车影像，还有中控台配备的无线充电功能区，再加上内外同色的内饰装饰面板，在满足科技感的同时又让整体审美上升一个档次。,[不满意],不太满意的就是操控性方面，说起来有点丢人，第一次去店里试驾的时候坐上ID.6CROZZ车子我都不知道怎么启动和起步，跟传统车子设计的不一样，它的档把位置换到了方向盘的右边，我这不是开习惯了之前的车子了嘛，刚开始开ID..6CROZZ的时候经第一上车忙着找档把挂挡，也是适应了好久才习惯档把的位置。,[外观],[内饰],内饰设计给我的第一个感觉就是挺有科技感，语音控制的中控显示屏，尺寸大，又自带倒车影像，还有中控台配备的无线充电功能区，再加上内外同色的内饰装饰面板，在满足科技感的同时又让整体审美上升一个档次。,[续航],说实话对于电耗方面，我现在还没有一个完整的概念。只是知道它的一个大致的续航里程。因为现在的话还没有经常开，也没有开多少路，针对于西航里程的话，还是挺满意的。标记着500左右的续航里程。,,[空间],,空间方面好歹也是一个小型越野车，所以整体乘坐进去空间还算是大的。后排基本上都是女儿一个人乘坐，老婆每次习惯坐在副驾驶，五座的车子对于我们三囗之家来说属于随便怎么坐都有空余。,[舒适],舒适性方面我觉得噪音方面还是蛮明显的，大部分开车时间都是一边听歌一边开车，有次上车没开音乐然后开了几分钟感觉一直有哒哒哒的声音传到耳朵里，胎噪声听着还是蛮明显。,[动力],动力提速丝毫不会让人觉得它是一款电动车，油门一踩就瞳出去，差不多是我还没反应过来它已经开出去好几米了，所以我基本上都不太敢深踩油门。,[操控],说起来有点丢人，第一次去店里试驾的时候坐上ID.6CROZZ车子我都不知道怎么启动和起步，跟传统车子设计的不一样，它的档把位置换到了方向盘的右边，我这不是开习惯了之前的车子了嘛，刚开始开ID.6CROZZ的时候经常一上车忙着找档把挂挡，也是适应了好久才习惯档把的位置。,[性价比],性价比方面还行吧，新车刚上市的，也没指望它能有优惠，不过整个购车过程倒是蛮有仪式感的，全都是线上操作，配了专属的销售顾问解说。,javascript:;
