publish,标题,图片,名称,名称1,评分,评分2,评分3,评分4,评分5,评分6,评分7,评分8,评分9,评分10,评分11,评分12,评分13,评分14,评分15,评分16,评分17,标题18,信息,信息_链接,信息19,信息20,信息21,信息22,信息23,信息24,信息25,信息26,信息27,标题28,purpose,purpose29,标题30,jia_text,信息31,dw_22,dw_2232,dw_23,dw_2333,dw_1,dw_2,dw_134,dw_235,dw_5,dw_536,dw_11,dw_1137,dw_3,dw_338,dw_4,dw_6,dw_639,dw_8,dw_840,dw_7,dw_741,openall
"
    发表于  2023-07    

      
        
    
    
",车的内饰给我留下了很深的印象，看起来很精致，座椅的包裹性很好，长时间的驾驶也不会很累。,https://image1.xcarimg.com/attachments/my/1/94/89/238_120.jpg,xuser1958923,三星会员,4.13,外观,4,内饰,4,续航,4,空间,4,舒适,4,动力,4,操控,4,性价比,5,购入信息,爱车车型,https://newcar.xcar.com.cn/m67874/,2023款ID.4 X纯净智享版,购入时间,2023/5/1,购车地点, [浙江省],裸车价格,24.1万  (厂商指导价 19.59万),续航里程,440km,购入用途,上班,购物,爱车简评,座椅的包裹性和支撑力度很好，整体非常的前卫时尚，潮流人士必选。,爱车评价,[最满意],这款车别的不说，内饰设计给我留下了深刻的印象。座椅的包裹性和支撑力度很好，我跑长途的时候也不会感到疲劳。这款车的车内的噪音隔绝效果出色，有的车，在高速路上会呼呼的声音，路况不好的时候车内有时候也会出现噪音，这辆车我开了一个多月了，也没有发现这种情况，噪音隔绝这方面，这辆车做的也是超级棒。,[不满意],这车也是有点缺陷的，让我不太满意的是后排乘坐空间相对较小，虽然说它是一个SUV但是我也不知道为啥，总感觉后排空间有点小，我做在后排感觉腿都有点伸不开，有时候我带着同事跑长途，我同事需要长时间的坐在后排，和我说后排有点小，感到不够宽敞。,[外观],[内饰],吸晴前卫的外观， ID.4X的外观设计前卫时尚，车水滴状大灯设计感比较强，日行灯融入其中，辨识度比较高。车身侧面的设计亮点在于隐藏式门把手，提升外观设计的科技感。轮毂造型设计独特，辨识度比较高。贯穿式腰线在C柱之后有一个上扬的角度，营造出比较强烈的视觉效果。,座椅的包裹性和支撑力度很好，我跑长途的时候也不会感到疲劳。,[续航],长续航版本我以为它的续航会比普通版本的续航好很多，但是其实不少这样的，续航里程和普通的差不太多，但是其实大众系列的新能源汽车的电池已经很不错了，完全可以满足正常的用车需求，也不需要频繁的充电。,[充电],电池已经很不错了，完全可以满足正常的用车需求，也不需要频繁的充电。,[空间],后排空间相对较小，体型大一点的坐在后排感觉还是有点伸展不开来的感觉，不是特别的舒服。,[舒适],[动力],开着开着我就在也不想碰燃油车了，电动动力系统的车开起来是真舒服，油门很给力，给予了我强劲的加速和灵敏的响应，让每一次起步都充满激情。这车在低速行驶时非常安静，开起来真的是很安静。,[性价比],平时这辆车的使用频率很高，大部分是在市区行驶，有时候会堵车，电车就帮我省了不少费用，而且买新能源车免购置税，我觉得性价比很高。,[操控],中控台布局也是很直观，操作方便。,展开全部
"
    发表于  2023-07    

      
        
    
    
",前排支持无钥匙进入，多功能方向盘带加热功能，主副驾驶座椅支持电动调节和加热，这些配置感觉挺舒适的。12英寸的中控屏看起来也很大气，带蓝牙、手机互联和语音识别控制系统，用起来感受也不错。,https://image1.xcarimg.com/attachments/my/1/94/89/236_120.jpg,xuser1958923,三星会员,4.13,外观,4,内饰,4,续航,4,空间,4,舒适,4,动力,4,操控,4,性价比,5,购入信息,爱车车型,https://newcar.xcar.com.cn/m67874/,2023款ID.4 X纯净智享版,购入时间,2023/5/1,购车地点, [广东省],裸车价格,19.59万  (厂商指导价 19.59万),续航里程,500km,购入用途,上班,购物,爱车简评,外观设计得挺不错的，整个外观给人感觉动感时尚，特别是车头的设计我觉得看起来比较年轻。,爱车评价,[最满意],ID.4X的外观设计得挺不错的，整个外观给人感觉动感时尚，特别是车头的设计我觉得看起来比较年轻。家族风格的中网造型简约大方，中间的大众车标看起来也格外的精致。,[不满意],它各方面做得还算可以，没有什么特别明显的不足。但是也有一点点小小的瑕疵。比如它的座椅坐垫我感觉就设计得稍微有一点点偏硬，长时间乘坐下来难免会容易产生一些疲劳感。如果是短途代步，比如开上个一两个小时倒是完全没有什么不适感。最怕一连跑四五个小时的高速，这个时候在下高速或者到达服务区的时候，屁股就会感觉特别的累。,[外观],[内饰],车灯酷似一双有神的眼睛，打开以后寒气逼人。保险杆下面的网格状设计看上去也非常的通透，具有不错的运动属性。机盖上面的造型立体饱满，肌肉感很强。从侧面看上去，它的车身线条很立体饱满，非常的稳重大气。轮毂的纹路设计得很不错，至少给我觉得还挺高级的。尾部的设计是它全车外观的一大亮点，看上去极为尊贵，尾灯面积超大，贯穿整个尾门，看起来非常的有气势。,它的内饰设计得也很年轻，第一眼看到这个内饰的时候就喜欢上了它，不像个别车型设计偏老气。它给我的最大感觉就是前卫和时尚，整个内饰具有浓重的未来感。,[续航],续航方面没有让我失望，它还是比较省电的，差不多每百公里电耗在16.2千瓦时的样子。充满电以后跑个四百公里是没有问题的。,[充电],支持快充功能，一晚肯定是能充满，不影响第二天使用。,[空间],ID.4X的内部空间看起来挺大的，实际乘坐感受也比较好。得益于它一米八多的宽度，使得内部座椅的横向距离也比较大，乘坐起来还算挺惬意的。它在车门上设计的储物格看起来也非常大，平时可以放一瓶大瓶的饮料，偶尔用来放一些随身物品或者杂物也很轻松。后排座椅的腿部空间十分优秀，膝盖完全不会顶到前排靠背，我测量了一下距离前排靠背还有两拳多的空余，非常的惬意。后备厢的容积不错，从484升一直可以扩展到1546升。,[舒适],[动力],日常开着它在道路上行驶我感觉还挺好开的，方向盘转动起来非常的顺手，打方向也不费力。指向方面也没有问题，开起来有一种随心而动的感觉。电机也具有很强的驱动力，并且加速踏板调校得非常好用，使用起来得到的加速反馈很线性。,[性价比],它的价格其实并不高，各种优惠活动还是挺多的。我提车的时候就正好赶上了当时店里面在做活动，不仅价格方面有打折，而且还送了我一堆赠品。上汽大众这个厂商的口碑也挺不错的，造车的质量很好，保值率也是数一数二的，未来如果考虑换车的话也能比其他车型多卖一点钱。,[操控],车里很多配置都是全系标配，比如车道偏离预警系统、主动刹车、前后驻车雷达、全速自适应巡航等等。,展开全部
"
    发表于  2023-07    

      
        
    
    
",在实际行驶过程中，确实听不到噪音，完全不影响听歌。整体还是非常不错的。,https://image1.xcarimg.com/attachments/my/1/94/89/230_120.jpg,xuser1958923,三星会员,4.13,外观,4,内饰,4,续航,4,空间,4,舒适,4,动力,4,操控,4,性价比,5,购入信息,爱车车型,https://newcar.xcar.com.cn/m67878/,2023款ID.4 X劲能四驱版,购入时间,2023/5/1,购车地点, [广东省],裸车价格,24.15万  (厂商指导价 29.29万),续航里程,530km,爱车简评,,,爱车简评,轮毂造型设计独特，辨识度比较高。贯穿式腰线在C柱之后有一个上扬的角度，营造出比较强烈的视觉效果。整体非常的前卫时尚，潮流必选。,爱车评价,[最满意],这个月才买的车子，公里数也不多，但是不用再为高油价而烦恼，是真的很香，这也是目前最满意的地方，省钱。,[不满意],不太满意车子没有备胎，有时候会跑短途的高速，怕爆胎，没备胎还是不太安全。,[外观],[内饰],外观挺年轻的，颜值也高，最喜欢车子的大灯，犀利有神，前后都带贯穿发光灯带和发光标志。,车内还会蛮简单的，车内的所有按键也都是触控的，左右包裹性好，不过仪表盘的尺寸太小了，现在还有点不习惯。,[续航],500多公里的续航里程，对于我家用上下班，接送小孩子来说是完全够用的。,[充电],基本充一次电上下班跑7-8天还是没有问题的。,[空间],车子的轴距挺长的，后排的空间也宽敞，关键还没有特别高的后排凸起，车内也随处可见储物的地方。,[舒适],[动力],电车提速给我的第一感觉，那就是快，反应迅速，没有迟钝，而且提速又快，轻踩电门，也可以感受到推背感。,[性价比],车内还会蛮简单的，车内的所有按键也都是触控的，左右包裹性好，不过仪表盘的尺寸太小了，现在还有点不习惯。,[操控],首先是起步响应没有那么快速，然后是智能化总是比的大脑反应要先行一步，但整体上路还是非常不错的，方向盘很稳，而且虽然车很大，但是转弯半径却不太大。,展开全部
"
    发表于  2023-07    

      
        
    
    
",整体座椅都是皮质，非常扎实，方向盘非常轻打方向时候轻松，手感非常软，座椅也是皮质的，相当舒服。,https://image1.xcarimg.com/attachments/my/1/94/89/216_120.jpg,xuser1958921,三星会员,4,外观,4,内饰,4,续航,4,空间,4,舒适,4,动力,4,操控,4,性价比,4,购入信息,爱车车型,https://newcar.xcar.com.cn/m67878/,2023款ID.4 X劲能四驱版,购入时间,2023/6/1,购车地点, [湖南省],裸车价格,25.7万  (厂商指导价 29.29万),续航里程,600km,购入用途,上班,购物,爱车简评,方向盘特别轻，打方向轻松。基本都是点刹，没踩过急刹，刹车反应快基本点刹就马刹住。跑城市高速度，动力没的说，隔音效果在电车里面算处理特别好。,爱车评价,[最满意],我们两个人觉得这个车最满意的还是这个外观，属于是颜值党的^_^简约紧凑的外形在加上青绿色的颜色非常好看，内饰非常干净富有科技感，一说到科技感就不得不说这个车机了，中控上方轻轻一划车窗就打开了，车机的反应速度也非常。,[不满意],其实这个车最想吐槽的就是这个仪表盘了，真的比我另外一部雅迪电动车还要小啊，除了给你显示个实数完全是没啥用，小的可怜完全是不能理解电动车仪表盘要设计这么小。前面挡风玻璃下面不知道为什么有一个地方异响，自己根本就找不出，然后下个休息日准备把车开去4S店售后看一看吧，其余的就没啥问题了。,[充电],[内饰],新能源车就插根充电器给它自己充就可以了，一个月充电最多几十块钱好嘛,毕竟台25万左右车，整体座椅都是皮质，非常扎实，方向盘非常轻打方向时候轻松，手感非常软，座椅也是皮质，新车味道还是特别重，我弄点香氛放车里感觉味道能接受。,[续航],车没买几天，车非常兴奋，到处瞎逛感觉买菜都想车过去，像个大玩具，言归正传，实测直用D档话周电就干没，可能空调情况还没一周，用B档可以一周多，跑高速话可以干到12kwh/100km，具体每天电耗没去统计。,[充电],新能源车就插根充电器给它自己充就可以了，一个月充电最多几十块钱好嘛,[空间],看起来这台非常紧凑非常，其实里面空间还是比较宽敞，而且后排可以百分百放倒，放长假话可以去自驾游，铺点东西直接可以睡车里面，想想还是挺激动，后备箱空间是大吧，稍微大点物件放进去就点勉强。,[舒适],[动力],动力是随踩随给非常充实，60-70码速度就来。,[性价比],看是拿来干嘛吧，家用话还是非常不错，比较经济，外观也不错适合小姐姐。,[操控],基础配置都一应俱全列如：电动座椅、一键升窗、辅助驾驶和前后雷达、电尾门等基本上还是生活中用的到的配置，空调开AC后特别舒服不像是其他新能源说的空调制冷不了，然后最酷的还是LOGO大灯，晚上在路上走回头率很高。,展开全部
"
    发表于  2023-06    

      
        
    
    
",车子的内部空间还是挺大的，宽宽敞敞的，不会觉得拥挤，无论是驾驶座还是二排空间，坐上去都挺舒服的。孩子坐在车上可以随便转动身体，大人也可以跷二郎腿，,https://image1.xcarimg.com/attachments/my/1/94/84/242_120.jpg,xuser1958424,三星会员,4.88,外观,5,内饰,5,续航,4,空间,5,舒适,5,动力,5,操控,5,性价比,5,购入信息,爱车车型,https://newcar.xcar.com.cn/m67877/,2023款ID.4 X极智长续航版,购入时间,2023/5/1,购车地点,巴中御驰汽车销售服务有限公司 [四川省],裸车价格,24万  (厂商指导价 25.79万),续航里程,510km,爱车简评,,,爱车简评,外观：车子的外观是选择它的主要原因，因为是颜值控，所以对外观比较在意，后来也更加喜欢的它的内在了，车子车身线条流畅，车头设计独特，有点呆萌的感觉，车灯像一双大眼睛，比较犀利，晚上车灯一亮，很好看。,爱车评价,[最满意],刚开始我不太信任电车，我觉得电车各个方面都不如燃油车做的好，再开了一段时间后，我发现，我之前就是没开过电车不懂得它的好，这辆车我开了一段时间，我最满意的点是这辆车的驾驶体验。它的驾驶非常安静，没有了传统汽车的那种噪音和震动，它的降噪效果真的很好，开着它很舒服，不是说它比较安静，它的动力就不太好了，相反它的加速响应迅捷，油门很灵敏，一踩就可以感觉到推背感，我开着它在城市道路上轻松穿梭，这些点我都很满意。,[不满意],这么长时间的驾驶，我也是发现了一个小问题，这辆车的自重还是挺高的，我发现在急转弯时，车身的侧倾感有点明显。有时候后排东西能乱跑，这个有点不太满意，但是这种急转弯也很少，很少遇到这种情况，这情况也不是很严重，其实这也还好，这问题应该是SUV的通病。,[外观],[内饰],这辆车的前脸的设计的非常犀利，车身看起来也很流畅，整车显得更加动感。尾部的设计也挺犀利的，尾灯是连接起来的，到了晚上氛围很好。,这款车的内饰，我感觉很年轻，青春气息，应该大家都会喜欢这款车的内饰，新车买回来的时候车内空气也很好，闻不到新车内饰气味。,[续航],续航方面这车很给力，和燃油车相比续航可能差点，但是这车充电也是非常的快，我基本上是一星期充一次电，完全够我使用了。,[充电],现在都有公共充电桩，比较方便，就是冬天的电池肯定没有夏天耐用，充电时间也还好，充一晚上就行，不耽误第二天使用。,[空间],这款车的空间还可以能放不少东西，虽然说它是一款紧凑型SUV，但是他也是SUV相对于轿车来说这个车的空间还是大了很多的。它的后排空间非常宽敞，能够放下三名成人，而且腿部空间也还可以，能伸展开来。后备厢的面积也不小，可以轻松放下大件行李和购物物品。这让我们全家人出行更加舒适和便捷。,[舒适],[动力],驾驶感受方面我很满意，驾驶起来很安静平稳，方向盘用起来也是非常的顺手，打方向也不费力，动力也不错，就是速度快了过弯的时候侧倾力稍微有点儿大了,[性价比],车子的整体性价比还是不错的，虽然买的时候没啥优惠，但是没有购置税，以后还不限行，长远来看，还是挺好的。而且还送的有保养，挺实惠的，遇到任何问题。售后都会及时解答。,[操控],车子的驾驶感受挺不错的，方向盘灵活，很好操控，开了这几个月，越开越习惯，换挡跟之前开的车也不一样，挺上档次的，也挺方便的，方向盘是多功能的，科技感十足。车子的起步比较快，没有顿挫感，即使满员的情况下加速也挺快的，刹车也十分灵敏，还是挺有安全感的。拐弯或者在盘旋路上行驶，车子的稳定性也很好，没有轻飘飘的感觉。,展开全部
"
    发表于  2023-06    

      
        
    
    
",动力上起步轻快动力介入及时，平时驾车时踩下加速踏板便可以感受到动力的提升，深踩加速踏板后背会有被车推着的感受，很舒服。,https://image1.xcarimg.com/attachments/my/1/94/84/239_120.jpg,xuser1958423,三星会员,4.88,外观,4,内饰,5,续航,5,空间,5,舒适,5,动力,5,操控,5,性价比,5,购入信息,爱车车型,https://newcar.xcar.com.cn/m67877/,2023款ID.4 X极智长续航版,购入时间,2023/5/1,购车地点, [青海省],裸车价格,24万  (厂商指导价 25.79万),续航里程,510km,爱车简评,,,爱车简评,使用方面对于担负老婆专职司机这个责任，ID.4X在动力、配置、空间上都可以满足我们的需求。,爱车评价,[最满意],今年是我结婚的第三年也是对我意义非凡的一年，年初的时候老婆检查出怀孕了，对我而言内心无法言表的喜悦，因为之前老婆都是骑电动车上下班为此专门召开了家庭会议，一致决定在老婆怀孕期间让我担任她的专职司机，所以再迎接新生命到来的同时，家里又新添一台出行代步好帮手ID.4X。经过这几个月的驾驶磨合ID.4X在操控上最让我满意，ID.4X的座椅对身体有着不错的包裹性，同时中央扶手对手臂可以起到支撑的作用带来了不错的驾控感，电动助力的方向盘低速时轻盈高速时沉稳，配置了HUD抬头显示功能，通过前挡就可以查看时速和导航信息。,[不满意],在满载加速较快的情况下后排乘客会感觉头晕，前排乘客相对好一些，至今也不知道这是什么原因引起的。还有车辆在怠速或者低速行驶的时候电机噪音明显，以及外出跑高速时坐在车内可以明显听到窗外呼呼的风噪声。其次就是液晶仪表和中控屏幕长时间运行屏幕发热有些严重，担心时间久了会不会损坏。,[外观],[内饰],外观上浅蓝色的车身就像静谧的蓝天充满了希望，两侧大灯由中间的灯带连接在了一起，夜间开启后灯光是贯穿式的效果，下方前保险杠有些凸起轮廓感分明，让整体神韵看着多了些霸气，侧方线条圆润门把手采用了半隐藏式的设计。夜间靠近车辆时会自动解锁同时开启灯光带有渐变的效果比较有仪式感。,悬浮式的液晶仪表搭配上悬浮式的中控屏幕，加上蓝黑相间配色让内饰整体具有年轻的气息和科技范，中央扶手箱带有手机无线供电功能，电动座椅带有按摩功能长途驾车可以减少一些疲劳感，还有些需要提升地方车辆在怠速或者低速行驶的时候电机噪音明显，以及外出跑高速时坐在车内可以明显听到窗外呼呼的风噪声。,[续航],续航上ID.4X是用的宁德时代的三元锂电池官方续航里程607km，结合着我这几个月的使用感受电池充满到100%后续航在530km左右，在80km/s状态下最省电，跑高速120km/s比较费电。,[充电],因为刚提车不久没怎么开过空调对于夏季续航后续我会进行补充，充电方面直流快充需要一个半小时，交流的话我一般都是冲一夜第二天早上刚好充满。,[空间],身为专职司机的我固定的坐在主驾驶位置，就空间而言腿部和脚踏板之间距离刚好上半身空间宽敞，对于怀孕4个月的老婆坐在副驾驶活动身体也不受限，后排有时会载家人朋友一起出行，多数是用来给老婆放包包和衣服，对于我们这个准三口之家来说ID.4X的空间够用了。,[舒适],[动力],ID.4X的座椅对身体有着不错的包裹性，同时中央扶手对手臂可以起到支撑的作用带来了不错的驾控感，电动助力的方向盘低速时轻盈高速时沉稳，配置了HUD抬头显示功能，通过前挡就可以查看时速和导航信息。,[性价比],购车方面当时选择新能源主要是看重它的使用经济性，免去了购置税和后续燃油费用我算一下按照我的出行所需一年大概可以省下5000元左右。售后服务前几天路过4S店因为车快没电了就去充了会电顺便休息会，工作人员表现的还是挺热情的。,[操控],动力上起步轻快动力介入及时，平时驾车时踩下加速踏板便可以感受到动力的提升，深踩加速踏板后背会有被车推着的感受。,展开全部
"
    发表于  2023-06    

      
        
    
    
",乘坐比较舒适。,https://image1.xcarimg.com/attachments/my/1/94/84/214_120.jpg,xuser1958421,三星会员,4.88,外观,5,内饰,5,续航,5,空间,5,舒适,5,动力,5,操控,5,性价比,4,购入信息,爱车车型,https://newcar.xcar.com.cn/m67876/,2023款ID.4 X智享长续航版,购入时间,2023/5/1,购车地点, [吉林省],裸车价格,20万  (厂商指导价 25.54万),续航里程,480km,爱车简评,,,爱车简评,内饰就相对的活泼很多，风格有春天般的恣意，设计和布局非常的简练，中控部分非常干净利落。座椅芽黄色的掐边，更是点睛之笔，让内饰充满生机。,爱车评价,[最满意],最满意的当然是我这款车它的操控手感了，车身小巧所以操控起来就感觉特别的灵活，而且它内置的一些功能感觉都挺实用的，日常在用车的时候感觉都是很轻松的。,[不满意],最不满意它的地方是它的内饰，内饰看起来的视觉效果是相对比较一般的。,[外观],[内饰],外观很容易让人接受，可能感觉不那么激进，这恰恰是我看上它的原因，审美是需要递进式的演化的，太另类让周围群体不容易接受，就失去了稳重感。这车的外观设计充满时尚因子，在整体轮廓上还是以方正沉稳为住。,内饰的设计效果是不怎么样的，呈现出来的东西自然也要略差一些。在我眼里我这款车它就是售价低但配置齐全，包括它在性能这方面的表现上也挺突出的，反正我对它是感到相当满意的。,[续航],续航能力绝对第一梯队，而且实际续航能力很瓷实，完全可以和燃油车相媲美。只是充电耗时的问题，仍值得进一步优化提升。,[充电],对充电的体验还是不够好，实际上为保护电池寿命，我会尽量使用慢充，但慢充十几个小时的充电时长，有点耽误用车，很多时候不可能有连续十多小时的充电时间，都是有意等着充满。,[空间],车内的空间本身是一个中规中矩的表现，但是我这个人呢体型有点发福，所以坐在驾驶位的扣上安全带的时候依旧会觉得稍微有一些束缚。别看我这款车它的售价并不是特别的高，但是它内置的一些配置还是相对比较齐全一些的，所以舒适性这方面大可不必去担心。,[舒适],[动力],车身小巧开起来感觉也挺灵活的，完全不会有什么耗费心力的地方。要知道这是一款纯电类型的新能源车，在动力输出这方面比起发动机来肯定是有所不如的。但它也有自身的优点所以要理性的看待。动力方面，说实话，动力表现的可以，但我觉得还是挺够用的。驾驶起来非常流畅，有些坑洼什么的也处理的很好，对女司机非常友好。,[性价比],这款的配置非常丰富，重点是安全配置、操控配置、多媒体配置，这三个方面最为扎实。品质性能：装配质量很棒，全车找不到瑕疵，车机系统整合很流畅。性价比横向比较：和最热们的几个品牌相比，价位都差不多，但市场意外要少很多，这就说明了其质量稳定性。,[操控],绝对有着不一样的起步和提速效果，流畅性体验，提速过程推背感简直炸裂。操控感受：因为变速箱样式和驾驶辅助系统等原因，让驾车变得非常简单和从容。行车体验：这车特别的沉重，行驶沉稳，但操作上很顺手，掉头或转弯等操作，都很到位。,展开全部
"
    发表于  2023-06    

      
        
    
    
",空间特别满意，非常宽敞，再具体说，就是非常宽！,https://image1.xcarimg.com/attachments/my/1/94/84/210_120.jpg,xuser1958421,三星会员,4.88,外观,5,内饰,5,续航,5,空间,5,舒适,4,动力,5,操控,5,性价比,5,购入信息,爱车车型,https://newcar.xcar.com.cn/m67876/,2023款ID.4 X智享长续航版,购入时间,2023/5/1,购车地点, [新疆省],裸车价格,25万  (厂商指导价 25.54万),续航里程,480km,爱车简评,,,爱车简评,有点反向虚标的意味！日常能耗的话，开空调在18左右，不开空调在12左右，开到的最低能耗是10.9。,爱车评价,[最满意],最满意一定是他的颜值，老婆选这个车就冲样子去的，我是看中了他的空间还有巡航。买ID.4这款车子主要是觉得它有大众的IQ技术，在科技感上比较靠前的，而且前脸是矩阵式的大灯，看起来够美艳，夜间打开的时候，也很容易吸引小姐姐的注意。,[不满意],很不喜欢它车里头的卫星导航，使用的时候会有延迟，导致有的时候会错过路口。还有它的主动刹车太灵敏了，轻轻踩一下，整个就给杀停了，被迫点头的节奏。一是无线充电简直是噩梦，功率太小了，同时用CarPlay的话手机发热严重，导致明明是个放手机的地方，却放不了手机！如果后期有改进的话就太好了，哪怕自己出钱升级都行！二是天窗的控制器是一个凹槽，经常会触碰旁边的小灯。后排没有氛围灯，有点尴尬。,[外观],[内饰],外观是主要买它的一点，本来就是给老婆开的，我们是才买了商务车，但现在经常跑外地接送孩子不方便，新添一台车，她觉得好看而且外观是很是科技。我当时看到它中间的大众标识是可以发光的，我就很惊喜。然后上手去摸了它的车漆，感觉很均匀，品质感很强，就心动了。气、稳重，相比于4c，似乎流线型更突出一些，尤其是开的眼角更加有神，当然这个东西是萝卜青菜各有所爱的！颜色选的离子灰，很商务！很高级！,整体是采用皮质的包裹，座椅用的Napa皮拼接，更加时尚一点，个人选的蓝色，感觉更显年轻！这里有一点想吐槽的，就是氛围灯居然只有前排而没有后排…差强人意！,[续航],续航是有570公里，挺让我挺惊喜的，加上现在的社区公用充电桩很多，基本没有什么焦虑。,[充电],充电目前都是快充，20%-80%用时30min左右。,[空间],的空间是我很喜欢的点，因为实在是太宽敞了，感觉坐在后排，靠背的角度都很合适，头部能获得的活动空间也很足，而且它很懂得得进行空间利用率的打造，各种储蓄格的设计都很有精致度。,[舒适],[动力],驾驶感受还可以，老婆是拿驾照很久但很少开车，上手还是比较轻松，转弯半径也小，开的比较轻松。,,,[操控],我目前车子有开过市区，也有开过高速，我觉得因为车子的车重比较合理，走起来那种线性感是很足的，超车也会特简单。同时别看车子挺大的，其实它转弯的时候还挺轻巧的，半径并不大。,展开全部
"
    发表于  2023-03    

      
        
    
    
",,https://image1.xcarimg.com/attachments/my/1/94/56/808_120.jpg,xuser1955680,三星会员,4.38,外观,5,内饰,4,续航,5,空间,4,舒适,4,动力,4,操控,4,性价比,5,购入信息,爱车车型,https://newcar.xcar.com.cn/m67875/,2023款ID.4 X纯净长续航版,购入时间,2023/2/1,购车地点,新乡上众汽车销售服务有限责任公司 [河南省],裸车价格,24万  (厂商指导价 24.19万),续航里程,520km,购入用途,上班,,爱车简评,新能源有这样的内饰真的是很新颖，像一些显示屏，中控屏，档把等等这些设计非常与时俱进，审计感满满的，其实内饰感觉越简单越显得车内立整好看。,爱车评价,[最满意],我对ID.4X最满意的是空间，只能说大，大，大，特别宽敞，我坐主驾驶位开很舒服，家人坐在后面，头部、腿部都没有一点拥挤的意思，而且后排完全放倒，以后自驾游想想都美滋滋～～,[不满意],不过，ID.4X让我感觉还是有一个地方不是特别得好，就是这一款车子要是在跑高速的时候，它的这个车速一旦过快，车内的这个电流声音就会比较明显，我自己坐在这个车子里面的话还是能够听到这个噪音的。,[外观],[内饰],外观这个东西，前面辨识度很强，但是我最喜欢的还是这个灯带，晚上开起来很炫酷，像我就是一个理性大于感性的一个人，所以verygood！,座椅的设计也是比较合理的，坐在这一款车子座椅上面的话感觉也比较柔软，包括它的这个座椅还是可以电动调节的，我也很喜欢它这一方面的表现。它的这个车子里面的内饰颜色搭配也比较好，主要就是以这个灰色为主，还有点黄色的点缀，看起来的话更加有这种运动的感觉。,[续航],这么大的一个车身，2.1吨多，想带动车身并不难，纯EV电动车，电耗基本在15.5KWH，有时会高一点，有时会低一点，但整体下来，肯定要比燃油车更省。,,,[空间],这个空间的话还是比较大的，虽然是紧凑型SUV，所以它的这个前排和后排设计的还是比较宽敞，坐在里面的话感觉空间挺宽敞的，我的头部距离车顶还有不少空间，还有就是它的这个后排座椅设计的还是非常大的，坐在后排的话这个腿部也可以自由活动，而且就是它的后备箱的空间设计也不错。,,[动力],动力不算很强劲，毕竟是纯电动车，但是考虑基本都是上下班代步，很少会激烈驾驶，一般我都是佛系开车，以防遇到路怒的人，还是佛系一点开更安全。,[性价比],想着自己毕业出来工作，得有一辆代步车，专注新能源，也就看了几款，小鹏，比亚迪，大众，这几个比较大的品牌自己也都看，真的是乱花迷人眼，但买车始于颜值，忠于品质，最后综合了一下，选择了大众的ID.4X，以目前开了半年多的时间，性价比可以的，主要省去每个月的油费开支。,,,展开全部
"
    发表于  2023-03    

      
        
    
    
",舒适性很不错，座椅靠背的弧度非常合适，靠背也是可以调节，软硬也是比较适中的，悬架很有一点偏硬，一些坑洼路面时候会有一点颠簸感，车厢里的灯光也很柔和，在车厢里感觉给人的感觉很舒服。,https://image1.xcarimg.com/attachments/my/1/94/56/806_120.jpg,xuser1955680,三星会员,4.38,外观,5,内饰,5,续航,4,空间,4,舒适,5,动力,4,操控,4,性价比,4,购入信息,爱车车型,https://newcar.xcar.com.cn/m67875/,2023款ID.4 X纯净长续航版,购入时间,2023/2/1,购车地点,新乡上众汽车销售服务有限责任公司 [河南省],裸车价格,23万  (厂商指导价 24.19万),续航里程,520km,购入用途,上班,,爱车简评,外观还是很在线的，纯电的平台也用了最新的大众前沿科技，电动化程度非常高。给我的感觉就是科技智能时尚，很适合年轻人的定位。,爱车评价,[最满意],现在新能源车子开的越来越多了路上，还是对技术等各方面存在顾虑，后来经过朋友介绍去了解了这款车，感觉还是非常不错。车子的外观很可爱，憨厚的前脸，很年轻根由朝气，有其实在大灯的点缀下，侧身的线条尤为的漂亮，搭配着20存的轮毂显得大气而又稳重，车子静音也是非常棒，现在充电桩也很方便，也省去了油钱真是省事省钱。,[不满意],车子的互联网不太稳定，有时候会断网，登录不上，导航还黑屏过。喇叭的声音不是很大，自我感觉。这个车子气味实在是太大了，做里面就是闻着就各种不舒服，这是所有新车的硬伤呀,[外观],[内饰],给人感觉很个性，比较另类的那种，时尚帅气，大灯设计的很漂亮，看起来就想两个伶俐的大眼睛，车身的线条也是非常流畅，看起来整个车子也是气场十足，不得不说现在车子的外观都是越来越漂亮了。,新能源有这样的内饰真的是很新颖，像一些显示屏，中控屏，档把等等这些设计非常与时俱进，审计感满满的，其实内饰感觉越简单越显得车内立整好看。,[续航],大部分时间都是在市区开的，偶尔去外边，续航也是挺高的，满够用的，夏季开空调时候耗电明显的费电，正常比平时上下班开还是完全没有问题的，用电怎么也比油便宜呀，使用成本还是比较低的，电耗和官网数据也是基本相符合的，上下浮动不是很大。,,,[空间],前排空间可以调整，后排空间的话也还可以，做三个人 也不会很拥挤，比较宽大地板设计是纯平的，坐在座椅上也是非常舒服的，后备箱空间也很充足。带着家人出去时候也可以放很多东西。,[舒适],,,[性价比],综合各个方便吧，相对比性价比还是挺划算的，车子的内饰外观呀颜值都是非常高的，抓住大家的审美，纯电的车子后期也省去了保养的成本，新能源现在也是发展的趋势，节能省钱又环保。,,,展开全部
"
    发表于  2023-03    

      
        
    
    
",,https://image1.xcarimg.com/attachments/my/1/94/56/802_120.jpg,xuser1955680,三星会员,4.63,外观,4,内饰,5,续航,5,空间,5,舒适,5,动力,5,操控,4,性价比,4,购入信息,爱车车型,https://newcar.xcar.com.cn/m67874/,2023款ID.4 X纯净智享版,购入时间,2023/2/1,购车地点,青岛顺驰汽车销售有限公司 [山东省],裸车价格,19万  (厂商指导价 19.59万),续航里程,430km,购入用途,上班,,爱车简评,座椅是双拼色，颜色和车身颜色接近，相辅相成，软硬适中，坐着挺舒服的，材质像是磨皮的，夏天不闷热，冬天也不冷。夏天的时候空调制冷效果也是杠杠的，无论外面多热，上车打开空调立马凉飕飕的。,爱车评价,[最满意],这是一个刚入手的纯电车，作为我接触的第一个纯电车，自己感觉还不错，而且大众的品质确实也是让我比较放心的，车子开了一个多月了，满意的是车子的安静舒适空间和经济环保，我本来也是冲着这样的舒适性和环保才考虑的买纯电车，没想到也收获了不一样的小欢喜，车子的静音效果好，不仅没有发动机的声音，连隔音都做得还不错，坐在车里就仿佛拥有了属于自己的巴适空间，能在喧嚣的生活中有让自己静下来的一隅之地，这种感觉真不错，而新能源车的环保就不用多说，至少没有了尾气，空气都清新多了。用车成本也低，让人满意的地方还真的不少呢、,[不满意],不满意的地方也有一二，毕竟车子刚开始用，磨合期还是会碰到一些问题，对于这个车子觉得有些不到位的是车子的续航，没有600多，充满电还不能跑高速，也才505公里，跑了高速就连这个续航都没有了，我第一次开纯电车子，还真不知道这个续航是这样的，跑过两三躺高速，那续航更是降了一个level,[外观],[内饰],ID4X的外观造型也是打破了大众的传统，简约的灯带线条，发光的大众标，还有犀利上扬的车大灯，修长的车身设计，半隐藏式的门把手，还有贯穿的尾灯和后凸的尾部，新潮时尚的同时还带有运动感，看一眼都会喜欢，更不用说现在看了这么久，真的是越看越觉得好看，比较难看型的,这个车内饰让我觉得还不错的就在于座椅，买的配置是翻毛皮座椅，皮质更为柔软和细腻，而且座椅垫也高，包裹性好，平时坐车里不仅觉得舒适，档次感也有了，腰部支撑好，背部也能感觉到腰拖的舒适度，坐久了不会难受。中控来说，科技感也挺明显，液晶仪表盘和悬浮中控屏，还有多功能方向盘和旋钮的挡把，高品质音响，这些都让内饰既有科技感，又新潮时尚高颜值,[续航],虽然都是城市里用车，但是偶尔也会回老家，ID4X的续航有个505km，表现还可以，但也算不上优秀，这个续航还是市区里跑出来的，上高速还要再掉一点，所以续航也是一个让人略微有点不满意的地方，尤其跑高速，一下子就有了续航焦虑，感觉开车都不安稳了,,,[空间],说空间不错吧，但也是一个紧凑型SUV，就是家用够用，平时跟朋友们出去自驾游表现也还可以，但就是细细来说的话，也就是一个普通的SUV，个头高大的，体型稍微胖一些的，坐着还真的会觉得有些拥挤，我这种176的身高，偏瘦的体型，就是头部空间感觉略有不足，腿部空间倒是不错。车子后备箱是平整而宽敞的那种，尤其第二排也能放倒了，放下来车子后备箱就大起来，两个大家电都能不费吹灰之力就放进去，宽敞得连露营都可以拿来当休憩地 ☆ 空间设计亮点：前排空间的设计亮点在于中控的挡把有所创新，是小个的旋钮挡把，再多功能方向盘下，不占位置，也好用，这可为大大小小的储物格腾出了不少地方，平时随身包包都可以放扶手箱的储物格了，从中控到车门四周，储物格不在多，但是都挺简约，储物空间也就更大更实用了,,[动力],第一次开纯电车，但是架控却觉得简单，自动挡的车就让我觉得毫无鸭梨了，纯电车的操控竟然还更简易，平时也就踩个刹车，挂个挡，再踩下油门就能走，而且感触比较深的是方向盘的反应灵敏，油门的传动也都能跟得上方向盘的节奏，所以过弯道挺平稳，大大小小的弯道也都能轻松通过。车里头挺安静的，一来没有发动机的声音，二来车子的隔音效果也挺到位，所以整体来说驾驶感受还不错,[性价比],ID4X这个车用起来还不错，再经济实用和舒适静音方面确实都挺优秀，也为我和家人们带来了不错的驾乘体验，从空间，动力，实用性和品质来说，我觉得作为家用，这个车的性价比还可以！,,,展开全部
"
    发表于  2023-03    

      
        
    
    
",,https://image1.xcarimg.com/attachments/my/1/94/47/009_120.jpg,一阵风w吹过,三星会员,4.25,外观,5,内饰,4,续航,4,空间,5,舒适,4,动力,4,操控,4,性价比,4,购入信息,爱车车型,https://newcar.xcar.com.cn/m67874/,2023款ID.4 X纯净智享版,购入时间,2023/2/1,购车地点,北京北亚德众汽车销售服务有限公司 [北京市],裸车价格,19万  (厂商指导价 19.59万),续航里程,450km,购入用途,上班,,爱车简评,第一眼看行就喜欢的不得了，最近终于是买下了，家里人都很喜欢的一款车子，老婆上下班一直都在开，操控和视野感觉都很不错。继承了大众一贯的品质。,爱车评价,[最满意],对于这台车满意的当然是因为它的外观颜值了，一眼看上去就觉得比较与众不同，外观比较呆萌可爱，但又非常简单大气的一款SUV，开了一段时间后，对它的驾驶感也挺满意的，操控灵活，因为是高配的，所以功能比较齐全，开着挺顺手的，底盘特别扎实，没有轻飘飘的感觉，很有安全感，还有就是纯电出行比较环保，用车成本也不高。,[不满意],不满意的可能就是觉得坐车的时候稍微有点晕车，开的时候还好，如果是坐车时间久了，可能是密闭性比较好吧，会有一点晕晕的感觉,[外观],[内饰],车子的外观是选择它的主要原因，因为是颜值控，所以对外观比较在意，后来也更加喜欢的它的内在了，车子车身线条流畅，给人感觉简洁大方，车头设计独特，有点呆萌的感觉，车灯像一双大眼睛，比较犀利，晚上车灯一亮，很好看。尾部的灯设计的也让人眼前一亮。还有logo的设计，好看，轮毂也是扎扎实实，感觉比燃油车的轮毂要大，看着就安全感十足。,车子的内饰比较简单，座椅是双拼色，颜色和车身颜色接近，相辅相成，软硬适中，坐着挺舒服的，材质像是磨皮的，夏天不闷热，冬天也不冷。夏天的时候空调制冷效果也是杠杠的，无论外面多热，上车打开空调立马凉飕飕的。冬天的时候把座椅加热打开，一会儿可就不冷了,,,,,[空间],车子的内部空间还是挺大的，宽宽敞敞的，不会觉得拥挤，无论是驾驶座还是二排空间，坐上去都挺舒服的。孩子坐在车上可以随便转动身体，大人也可以跷二郎腿，跟燃油车一比，二排中间也没有凸起的一块，大人坐中间也不难受，还有就是后备箱空间也挺大的，出门放行李也足够用。,,[动力],车子的驾驶感受挺不错的，方向盘灵活，很好操控，开了这几个月，越开越习惯，换挡跟之前开的车也不一样，挺上档次的，也挺方便的，方向盘是多功能的，科技感十足。车子的起步比较快，没有顿挫感，即使满员的情况下加速也挺快的，刹车也十分灵敏，还是挺有安全感的。拐弯或者在盘旋路上行驶，车子的稳定性也很好，没有轻飘飘的感觉。,[性价比],车子的整体性价比还是不错的，虽然买的时候没啥优惠，但是没有购置税，以后还不限行，长远来看，还是挺好的。而且还送的有保养，挺实惠的，遇到任何问题。售后都会及时解答。,,,展开全部
"
    发表于  2022-08    

      
        
    
    
",电动车开起来的时候，因为没有发动机来运作，所以在静音方面是非常OK的，开起来的时候基本是没发动机噪音的，只是20寸的胎，胎噪还是有点点的。座椅的舒适性很好，包裹性也非常不错，特别是主副驾驶位置都有电动按摩的功能，非常喜欢这个功能的，经常在用。还有一个值得说的地方是，新车买来的时候没有什么异味的，这一点的话是比较意外的，一般来说的话新车的多多少少都会有异味的，这个车的话基本上是没有什么难闻的味道。,https://image1.xcarimg.com/attachments/my/1/93/88/632_120.jpg,xuser1948863,三星会员,4.88,外观,5,内饰,4,续航,5,空间,5,舒适,5,动力,5,操控,5,性价比,5,购入信息,爱车车型,https://newcar.xcar.com.cn/m64479/,2022款ID.4 X劲能四驱版,购入时间,2022/4/1,购车地点, [黑龙江省],裸车价格,23万  (厂商指导价 29.29万),续航里程,300km,爱车简评,,,爱车简评,"觉得电车通勤还是蛮好的，电费也不贵，平时上下班路程比较远，觉得这个车子的话颜值比较在线,配置方面比较齐全，车子的价位在我预算的范围之内的。所以在各方面综合比较以后选择了这个车子，感觉是比较适合我的。",爱车评价,[最满意],"看到这款车的时候，感觉这个新能源车的话跟其他大众的车型相比是完全不一样的。比较满意ID.4X的外观设计,整体感觉是比较时尚的，非常有辨识度，这一点是比较打动我的。特别是这个骚气的颜色，比6的话小了一圈，在外观上看来还是比较相似。车子的整体价位还算可以的，车子上该有的配置都比较齐全。在整体的细节方面做得不错。这个车的外观设计看起来时尚又不失沉稳，整个车身的话看起来比较有力量感。开起来的时候比较容易上手，总体的稳定性不错。",[不满意],不满意的是操控性方面，操控方面不太喜欢它的语音识别，它的语音识别度太低，需要一字一句的慢慢说，而且不能带方言，不得不说大众的车机系统真的是需要提升,[外观],[内饰],外观造型炫酷可爱，车身线条棱角分明，很有层次感，瓣识度比较强，前脸大灯很有圆润感，前后发光的贯穿灯组，萌萌的越看越喜欢,"内饰方面的话，我看了ID系列的三款车型，都跟别的大众的车型的话是完全不一样的设计。中控屏幕的话是12寸的悬浮式大屏幕，感觉现在好多品牌的车型都是用的这个设计，比较主流了。在需要用到比较私密的智能功能的时候,是 需要登录账号才能使用的。这一点的设计比较人性化的， 可以很好地保护到个人的隐私，毕竟有的时候车子会有借用的时候，一不小心就会把重要的信息都暴露出去了。",[续航],电耗这块的话，只能自己跟自己比了，没有用过其他的电动车，感觉开高速的时候电耗比较稳定，一般都是上下班开一开比较多的，要是开空调的话，这个电耗就会高点点，整体的续航就下来了。不过用电动车真的是比较省钱的，特别的现在油价天天涨，看看都感觉肉疼。,,,[空间],对比同级别的车型的话，在空间方面来看还是比较有优势的。毕竟在选车的时候看过别的不少车型的，就是上面也有说到，后备箱的话个人感觉是略小了点。在使用这个车的时候，感觉前排的驾驶位置:是比较宽敞的，视野不错，后排的乘坐空间也很OK。车子内部的储物空间比较丰富的。,[舒适],[动力],以前的时候感觉电动车的动力会比燃油车的话会差点，其实这种想法是不对的，真正用过电动车以后才发现，电动车的起步非常快，油门一踩，速度就来了。红灯起步的时候就感觉比其他的车出去的速度要快一点，推背感就出来了。,[性价比],"德系车的话在做工方面比较严谨,大众系的车型的品质比较有保障。在买车的时候附带的一些后续保障也比较好的，这也是我比较认可的一点，保不保值不要考虑，自己用的开心就好了。",[操控],"这个车的操控比较简单的，大多数的配置可以用语音来操控,使用起来相对来说是比较方便的，就是一开始的时候可能会不大习惯。这个车子的仪表盘跟燃油车的是完全不一样的，换挡的话是在方向盘的右边，选装了一个抬头显示，这个功能还是很不错的；这个设计让中央扶手位置这块区域显得比较干净利索,储物空间也增加了不少。",展开全部
"
    发表于  2022-08    

      
        
    
    
",新能源车型没有发动机，都非常的安静，我也喜欢听音乐，所以开车已经变成了一种享受了，座椅的包裹性和支撑性刚刚好，座椅中间是翻绒的设计，夏天不烫，冬天不冰，我很喜欢。,https://image1.xcarimg.com/attachments/my/1/93/88/631_120.jpg,xuser1948863,三星会员,4.88,外观,5,内饰,4,续航,5,空间,5,舒适,5,动力,5,操控,5,性价比,5,购入信息,爱车车型,https://newcar.xcar.com.cn/m64661/,2022款ID.4 X极智长续航版,购入时间,2022/2/1,购车地点, [福建省],裸车价格,25万  (厂商指导价 25.79万),续航里程,300km,爱车简评,,,爱车简评,之前家里也有一辆大众桑塔纳，10年了一点毛病没有，发动机变速器都还好好的，使得我们全家对大众品牌非常信任，换车前也是优先考虑的ID4X，果然就喜欢上了。,爱车评价,[最满意],最让我满意的是它的动力，起步加速都非常快速，淡蓝色的外观奶呼呼的，加上有点圆润的车身，十分吸睛！,[不满意],刹车给我的感觉很软，制动时间变长了，总是适应不过来，开在路上总觉得不太安全。还有它的智能语音系统，一点都不灵敏，有些话他识别不出来，只能自己去操作，开车时候使用就会分心，有时候还会卡顿，这几点也是把车开回家一段时间之后才感受到的。,[外观],[内饰],外观：我很喜欢他的外观，淡蓝色的车身，看起来很清新，奶呼呼的也很可爱，他的大灯是有一点犀利的，整体车型看起来是园润的，整个车身都是很可爱的感觉，前后都是贯穿式的灯，而且还可以点亮标志，晚上开出去也非常的亮眼，他的轮毂尺寸是20寸的，足够大，开着感觉也稳当，而且搭配在车上十分大气，而且他的车灯是可以动的，这让我觉得很高科技！,内饰：座椅是那种磨毛的感觉，应该也是皮的一种吧，但是坐上去不会觉得烫了，之前的车皮座椅，坐上去就是一种煎熬，这个就不会很烫，特别舒适座椅的颜色也是拼接的十分好看，晚上的时候可以打开车里的氛围灯，可以选择自己喜欢的颜色，很好看，满满的氛围感。我觉得它内饰唯一的不好就是屏幕有点小，不大气。天窗是全景的，晚上打开幕布就可以看到外面，白天晒的时候可以关上，就不会晒到，很贴心。,[续航],我的车是夏天买的，还没有经历冬天不知道冬季的怎么样，不过夏季开空调，再带上家人出行跑个500多公里是完全没问题的，这样看的话应该是没有什么虚标，还是很不错的。,,,[空间],他应该算是一个SUV车型吧，所以空间方面还是挺不错的，我们一家四口人平时开车出行的空间是完全够用的，一点都不会觉得拥挤，我自己身高175 坐在前排或者副驾驶调到舒适的位置再去到后排坐也是挺宽敞的，在驾驶位置视野是比较开阔的，后备箱的空间也足够我们家庭的使用，出去野餐，旅行，需要带的东西都是可以装的下的，可以装三个行李箱。,[舒适],[动力],它开起来的推背感很强，等红绿灯的时候起步速度很快，加速超车的时候速度一下子就上来了，开起来的时候，车子内很安静，不会觉得吵闹，方向盘指向准确，打起来也很轻巧灵敏，刹车不太好，比较软，不知道是不是所有的电车都这样。,[性价比],性价比：这车没什么优惠，但是好在免去了一部分的税，整体来说性价比还是可以的，不论是品牌，还是质量，都是让一下比较安心的，不然我也就不买它了，品质还是不错的。,[操控],起步非常的强劲，等红绿灯起步总是能把别人远远甩在后面，开起来非常的灵巧，指哪打哪，ID4X的辅助功能也非常多，车道保持，车道偏离，360全景，自动泊车等等，不管是新手还是老司机都是非常实用的功能，连老婆连一直夸。,展开全部
"
    发表于  2022-08    

      
        
    
    
",舒适性比较一般，虽然因为新能源车的关系，车子的静谧性很好，起步啥的都没什么声音，但是大众车的通病，或者说SUV车型的通病：避震偏硬，坐久了腰不是很舒服。不过比普通的SUV好很多，我媳妇说还是能接受的。,https://image1.xcarimg.com/attachments/my/1/93/88/628_120.jpg,xuser1948862,三星会员,4.88,外观,5,内饰,4,续航,5,空间,5,舒适,5,动力,5,操控,5,性价比,5,购入信息,爱车车型,https://newcar.xcar.com.cn/m64478/,2022款ID.4 X智享长续航版,购入时间,2022/2/1,购车地点, [河南省],裸车价格,25万  (厂商指导价 25.54万),续航里程,300km,爱车简评,,,爱车简评,必须是外观，特别是这个赛博黄的颜色，我跟我媳妇第一眼看到就喜欢了。结果去4S店看车的时候被告知这个颜色要预定，最后等了两个月才提到这个车。,爱车评价,[最满意],之所以选择这部ID.4X，回头想想，主要在两方面很有底气。一个是里里外外的设计感，大气而不霸道，时尚而不另类，正适合性格成熟的我。另一方面是出自大众，对其品质的信任，事实也证明我的信任很明智，成熟的驾驶性能和动力系统，在当今市场依旧是引领性质的。,[不满意],对充电的体验还是不够好，实际上为保护电池寿命，我会尽量使用慢充，但慢充十几个小时的充电时长，有点耽误用车，很多时候不可能有连续十多小时的充电时间，都是有意等着充满。,[外观],[内饰],外观很容易让人接受，可能感觉不那么激进，这恰恰是我看上它的原因，审美是需要递进式的演化的，太另类让周围群体不容易接受，就失去了稳重感。这车的外观设计充满时尚因子，在整体轮廓上还是以方正沉稳为住。,内饰就相对的活泼很多，风格有春天般的恣意，设计和布局非常的简练，中控部分非常干净利落。座椅芽黄色的掐边，更是点睛之笔，让内饰充满生机。,[续航],续航能力绝对第一梯队，而且实际续航能力很瓷实，完全可以和燃油车相媲美。只是充电耗时的问题，仍值得进一步优化提升。,,,[空间],空间让我很满意，乘坐空间非常的宽敞，头顶间隙大，前后座椅间隔大。在空间布局上，除了让乘坐舒服外，物品收纳也都很方面，各种储物格和收纳箱，放手机、卡片、证件、杯子等，都有各自合适的位置。,[舒适],[动力],动力方面：绝对有着不一样的起步和提速效果，流畅性体验，提速过程推背感简直炸裂。操控感受：因为变速箱样式和驾驶辅助系统等原因，让驾车变得非常简单和从容。行车体验：这车特别的沉重，行驶沉稳，但操作上很顺手，掉头或转弯等操作，都很到位。,[性价比],配置方面：这款的配置非常丰富，重点是安全配置、操控配置、多媒体配置，这三个方面最为扎实。品质性能：装配质量很棒，全车找不到瑕疵，车机系统整合很流畅。性价比横向比较：和最热们的几个品牌相比，价位都差不多，但市场意外要少很多，这就说明了其质量稳定性。,[操控],虽然是SUV，但是这辆车的方向盘是真的轻便，我媳妇也说这方向盘可能比她之前那辆小轿车都要轻，打方向很轻便，这点还是要夸一下大众的。刹车没什么问题，底盘很稳定，也是大众车的优点吧，哪怕是做急转弯掉头动作也不会太飘。,展开全部
"
    发表于  2022-08    

      
        
    
    
",最开始就感受到座椅的包裹性很强，对腰部和背部的支撑都很到位，比驾校的车子舒服多了。底盘的高级感确实是比起同价位的油车要逊色一些，过路况不好的路段会有一些颠簸感，不过一般路况还是很平顺的，驾驶ID.4X是很安静的。还有音响的配置我也是比较喜欢的额，驾驶出去玩的话也很有氛围，莫名感觉就心情很好。,https://image1.xcarimg.com/attachments/my/1/93/88/627_120.jpg,xuser1948862,三星会员,4.88,外观,5,内饰,5,续航,5,空间,4,舒适,5,动力,5,操控,5,性价比,5,购入信息,爱车车型,https://newcar.xcar.com.cn/m64477/,2022款ID.4 X纯净长续航版,购入时间,2022/2/1,购车地点, [山西省],裸车价格,23万  (厂商指导价 24.19万),续航里程,300km,爱车简评,,,爱车简评,因为比亚迪的车我认为国产的，再加上续航没有大众ID4X的续航长，并且价位方面也不便宜，比亚迪的车也卖到小20万左右了，比亚迪汉都卖到20多万，所以性价比不是特别高，直接认准了大众这个品牌，毕竟售后还是有保障.,爱车评价,[最满意],大众ID4X这款车的续航里程真的是非常满意的，这款车续航里程和官方没有什么差距，整体的续航还是很不错的，长途行驶的话一点不用担心官方续航实际续航相差二三十公里基本上也能达到600公里左右，在出差的时候也不用担心各种预防不够用的情况，并且现在高速上都有充电桩，再加上长达600公里的续航，其实不用担心充电的问题。这款车他的座椅也都挺舒服的，乘坐起来非常的稳，并且这款车在长途行驶的时候不会感觉到累，动力各方面的表现还是非常足的，提速也都挺快的。,[不满意],最不满意的是这款车现在有一个小缺点，就是它的隔音的效果不是很好，车子目前的资金多少有点大，除了这些小问题以外，款车别的就没有什么毛病的，性价比还是比较高的一台车型。,[外观],[内饰],外观：外观的设计比较好看，车子的颜值也特别高外观的做工还是比较大气的，运动感非常强，比较上档次的一台车，整体的设计还是非常豪华的。,内饰：内饰的设计都比较好看，内饰的做工也都挺大气的，运动感非常强，设计的挺时尚高端的。,[续航],电耗：续航还算可以，接受的和官方的续航时间是没有什么特别大的区别，这款车的续航里程还是非常非常好的。,,,[空间],空间：空间的表现非常好，整体的使用空间都挺宽敞的，头部和腿部的空间都比较大，整车的使用空间还算是比较宽敞的，因为它头部的空间也比较大一点，都不会感觉到有拥挤或者不满意。,[舒适],[动力],动力：这款车的动力表现还是很足的，提速的时候非常快，动力上面也没有什么延迟，性价比非常高，品质也很好，这两个方面还是比较优秀的，性能也都非常棒。,[性价比],性价比：大众的车相比较它的保值率还是比较高的，因为性能也比较靠谱一点。,[操控],操控：整车的操控性还是蛮不错的，转向的时候也没有盲区，车子开起来很灵敏，灵敏度还是比较高的，长途行驶也不会感觉到有累或者不满意的。,展开全部
"
    发表于  2022-08    

      
        
    
    
",车内的座椅设计的宽大柔软，而且符合人体工程学靠背也能很好的支撑，长时间开车也不会觉得腰痛，主驾驶位可以电动调节，使用起来更加方便，车上还配备了自动空调，并且有车载空气净化器，空气质量也特别好，不过这款车在隔音方面不是很理想。,https://image1.xcarimg.com/attachments/my/1/93/88/626_120.jpg,xuser1948862,三星会员,4.88,外观,5,内饰,4,续航,5,空间,5,舒适,5,动力,5,操控,5,性价比,5,购入信息,爱车车型,https://newcar.xcar.com.cn/m64476/,2022款ID.4 X纯净版,购入时间,2022/2/1,购车地点, [山西省],裸车价格,21万  (厂商指导价 21.03万),续航里程,250km,爱车简评,,,爱车简评,选择这款车主要是为了上下班，现在很多人都换上了纯电动汽车，我也想节约自己的用车成本，虽然很多品牌都推出了纯电动汽车，我觉得还是大众的技术比较靠谱，毕竟在国内也有那么多年了，一直都得到大家的认可。,爱车评价,[最满意],作为一款纯电动汽车，这款车的最大优势自然是放心，而大众汽车有着靠谱的技术，即便是纯电动汽车，也能够为我节约下很多用车成本，让我更加肯定了自己的选择，相比燃油车来说，这车的用车成本顶多能占到油车的20%，所以平时也可以随心所欲的开车。,[不满意],不知道是不是用车时间短的原因，感觉刹车踏板的轻重度不太合理，而且在隔音效果上也不是很理想。,[外观],[内饰],外观上设计的非常时尚，虽然前脸没有太大的装饰，不过给人的感觉也非常大气，尤其是两侧上扬式的大灯，显得特别有精神，车身的线条很流畅，并且采用了双色设计，还有非常个性的轮圈，跑起来之后更加有运动感。,整个车内采用的是简洁的设计风格，而且紧跟现在潮流，12英寸的液晶大屏是悬浮式的设计，包括的功能很多，语音识别的也精准，方向盘是真皮材质的，可以提升车内的档次，使用起来也很有手感，另外音响效果也很好，坐在车内感觉特别舒服。,[续航],我这款车的最大续航里程为425公里，完全能够满足日常使用，而且车子支持快充慢充，续航方面完全不用担心，充电的速度也很快，何况电费的价格要比油价便宜很多，所以用车成本上也特别低。,,,[空间],2765毫米的轴距在紧凑型SUV中很给力，再加上车内合理的布局，所以前后排的空间都非常富裕，即便是满载的情况下，也没有任何压力，后备箱宽大平整，要是全家一起出去玩，也能装很多东西，超市购物也能够轻松应对，空间上我很满意。,[舒适],[动力],动力方面挺强悍的，虽然用的是一台永磁同步电机，可最大的马力能达到170，驱动这辆紧凑型SUV完全不是问题，310牛米的扭矩也非常出色，而且动力响应的很迅速，一般的道路都不是问题，车子开起来还有很多的乐趣，推背感也很明显。,[性价比],我觉得以这样的价格能够买到一辆出色的大众新能源，还是非常给力的，这款车在各方面都表现的很出色，技术方面也令人放心，能够入手也是值得的。,[操控],感觉这款车的刹车踏板轻重度不太合理，可能是没有适应的原因。不过平时开起来挺顺手的，方向盘在转向时没有任何虚位，坐在驾驶位上的视线也很好，另外车上配备了倒车影像，画面很清晰，能够辨别出车后方的情况，倒车停车都很方便。,展开全部
"
    发表于  2022-08    

      
        
    
    
",翻毛材质座椅的填充物较为柔软，坐上去时是比较舒服的，日常出行车内的静谧性不错，就是经过坑洼烂路的时候，车内的晃动感明显，感觉悬架调校的偏硬，减震效果不佳。这多多少少都有点影响驾驶的舒适性的，我觉得这一点还有待提高！,https://image1.xcarimg.com/attachments/my/1/93/88/622_120.jpg,xuser1948862,三星会员,4.88,外观,5,内饰,5,续航,4,空间,5,舒适,5,动力,5,操控,5,性价比,5,购入信息,爱车车型,https://newcar.xcar.com.cn/m65648/,2022款ID.4 X纯净智享版,购入时间,2022/2/1,购车地点, [北京市],裸车价格,23万  (厂商指导价 19.59万),续航里程,300km,爱车简评,,,爱车简评,因为我们家是做生意的嘛，所以经常要外出载货，所以我们家就决定买一台适合载货的家用车子，这样的话就比较方便，而我后面就了解到ID.4 X这款车子就挺不错的，而且空间够大，前后排宽敞不说，后备箱也够大。,爱车评价,[最满意],最让我惊喜的是它的空间，真的够大，我一家五口人坐进去之后，妥妥的够用，而且后备箱的空间也够大，我们家是做生意的，我爸也快退休了，基本就是我在打理生意了，但因为经常要外出载货，所以这车子的后备箱就很实用了，能放很多货，真的方便多了。另外就是它的操控性也是我比较惊喜的，这么大台的车子，操控起来都是顺手的，倒车入库什么的都不难，因为它的方向盘轻盈，转向精准，即使没有倒车影像，对我来说也不影响，看准了位点，倒车就容易很多。,[不满意],最让我失望的是它的减震效果不佳，我之前开车有经过一段比较坑洼的烂路时，车子的晃动感还是比较明显的，而那段路比较长，所以在车内就晃得有一点点难受，这一点还是有点影响舒适性的。,[外观],[内饰],整体外观造型大气，家族式的前脸识别度高，而且也足够亮眼，车身比较长，所以看着更加的稳重、大气、时尚。时尚的前脸再加一个会发光的LOGO，在夜晚行驶上回头率还是很高的，这满足了我一点点的虚荣心哈哈！,车内就是一贯的简洁居家风，中控台的布局简单规整，各个部件之间的做工还是不错的，车内也没有异味，厂家的用料良心。新车也没有什么新车的异味还是很不错的，中控的屏幕语音功能还是很灵敏准确的，基本上什么功能只要语音就能够完成！非常的智能。,[续航],我这边的路况还可以，除了上下班高峰期会塞车以外，其他时候都是比较通畅的，所以每百公里15.1的电耗表现我觉得挺经济的。电耗这方面还是很实惠的，至少比燃油车要实惠！这样的电耗基本不会给我带来很大的经济压力，和很大的用车的成本！这一点我还是很满意的！,,,[空间],座五个人之后，车内的空间也是宽敞的，不会有压迫感，后备箱的空间也够大，能放很多箱货，必要时刻还可以把后排的座椅比例放倒，扩充出空间放更多的货，很满意它的空间表现。而且车内很多储物空间，像平时一些小物品就可以放到里面，再也不会到处放，弄的车子里面会很乱！整体的空间设计方面还是很合理不错的！,[舒适],[动力],车子的动力充沛，起步平稳顺畅，不会有肉感，提速的时候表现平顺，车子跑起来平顺而又有力，即使我载着很多货，动力也是.充沛的。在等红绿灯的时候，加速起步时动力的输出是非常迅速的，而且推背感也是非常的强的！超车爬坡丝毫压力都没有的，非常的轻松！,[性价比],因为我这款还不算最低配的，所以相比高配版的来说，配置没那么齐全，但是我觉得它本身的配置足够实用可靠了，而且价格合适，优惠的幅度也很不错，4s店也赠送了很多的东西，而且保养销售也说了是终身免费保养，这样的话我又省下了一大笔的开支，再一个就是这款车的保值率是很不错的，所以我个人觉得这款车的性价比还是可以的，我相当满意！,[操控],操控起来更加有驾驶的感觉，没那么呆板，多功能方向盘转向轻盈，而且指向性精准，刹车灵敏，油门响应也不错，开两三天车子就能够上手了，再加上360度全景影像，在倒车入库也是轻松的，不难。再加上许多的驾驶辅助功能，即便是新手也可以很快的上手驾驭这款车子！,展开全部
"
    发表于  2022-06    

      
        
    
    
",新能源车要比油车相对噪音要小一些，没有发动机的噪音，安静。座椅我自己感觉有点偏硬，开车时间稍长就会觉得腰有点困。总之所谓的舒适性，这个是给坐车的人的评价，开车的人时间长了咋都累。,https://image1.xcarimg.com/attachments/my/1/93/68/918_120.jpg,xuser1946891,三星会员,4.88,外观,5,内饰,4,续航,5,空间,5,舒适,5,动力,5,操控,5,性价比,5,购入信息,爱车车型,https://newcar.xcar.com.cn/m64479/,2022款ID.4 X劲能四驱版,购入时间,2022/4/1,购车地点, [上海市],裸车价格,24万  (厂商指导价 29.29万),续航里程,500km,爱车简评,,,爱车简评,一是服务，二是车辆售后，用ID.豆兑换的终身免费保养还有三电质保让我对使用此车有了底气。三是颜值高，属于耐看型。,爱车评价,[最满意],"说起买ID.4X，还是有点意外的。因为我本身只是单纯的想买个电动，还没具体想好选哪款车型，朋友知道后就直接推荐我上汽大众的ID，于是就去店里试驾看车。可能是这系列车现在是上汽大众新能源主打的原因吧，感觉整体服务都很好，讲解的可谓事无巨细。所以最让我满意的是提ID车,有一种尊贵感。",[不满意],除了价格，没什么太多可以挑剔的地方，可能是车刚买了没多长时间，目前还没发现其它不足。,[外观],[内饰],看车的时候，外观是最吸引我的，尤其是侧身，线条很有层次感，车窗设计的还稍有弧度，整体很动感。另外就是前后灯组都是和大众标连在一起的，到了夜间大众标也是亮的，特别漂亮，辨识度也高。,内饰配色协调，简单大方，整体显得宽敞明亮，视野辽阔。,[续航],当初买车的时候，销售跟我说这辆车的电池容量很大，续航公里数能达到500多公里，我自己实际跑下来的话，感觉达不到这个里程数。但是总体用起来的话要比油车省钱的多，而且最近油价又上涨了，还是电车经济更实惠吧。,,,[空间],虽然它的定位是紧凑型的SUV，但是空间表现力还是可以的，首先是第二排中间的地方没有凸起部分，把一个大人放到中间的位置，腿放的舒服，也就不觉得拥挤了。其次是后备厢，打开后空间很大。,[舒适],[动力],在同一起跑线上，起步要快，没有什么延迟性，响应速度是极快的。,[性价比],虽然不是我最开始预计要买的，但最终靠颜值赢得我的芳心。所谓萝卜青菜各有所爱，只要自己觉得买的值，那它的性价比就高。,[操控],转向灵活，尤其是在盘山路上，弯度特别大，而且连续转弯，过弯的时候，感觉车身是完整的一整块，坐在后排没有一种被甩出去的感觉。,展开全部
"
    发表于  2022-06    

      
        
    
    
",舒适性一般吧，它的隔音效果确实没有我预期的那么好，但是也不算很差，它的内部的座椅设计比较好一些，坐着柔软度什么的都很贴合实际，坐着挺舒适。,https://image1.xcarimg.com/attachments/my/1/93/68/915_120.jpg,xuser1946891,三星会员,4.75,外观,5,内饰,4,续航,5,空间,5,舒适,5,动力,5,操控,4,性价比,5,购入信息,爱车车型,https://newcar.xcar.com.cn/m64661/,2022款ID.4 X极智长续航版,购入时间,2022/4/1,购车地点, [上海市],裸车价格,22万  (厂商指导价 25.79万),续航里程,500km,爱车简评,,,爱车简评,我买车的时候我已经是看了很多车了，做了很多的参考，在同级车中我认为它的表现确实还是很出色的，比较突出，比如说空间方面吧，我觉得一般情况下它都能满足我的需要，它的空间还是很宽敞。,爱车评价,[最满意],我满意的其实还是比较多的，整体来说的表现都还是很不错的，我最满意的话也确实在性价比上更加倾向。我觉得它的整体的综合性能以及车的一些个配置都是比较有看点的，在同级车中也算是比较拔尖了，它的动力的话也很跟脚，空间上也不赖，作为家用的话非常省心，开车的时候感觉很简单也很轻松，比较舒适。所以不管怎么说，我个人认为在这个价位中我已经算是捡到宝了吧，所以还是很满意的。,[不满意],我不太满意的方面是有两个的，其中一个就是它的内饰的设计了，我感觉它的内饰的整体设计并不是很精致吧，看着不是很好看，只是简单的耐看而已，并没有很突出的个性化设计感，一般吧，还有一个方面就是它的隔音了，车子的隔音效果并不是很好，在高速上我能听到它的风噪和胎噪。,[外观],[内饰],外观颜值是比较高的了，我看着它的外观造型，总觉得有一种高冷高贵的形象，前脸的设计也比较亮眼，看着很精美，时尚，车身的线条走向很顺眼，非常漂亮，整体辨识度也是很高的。,内饰的设计没有外观颜值那么高，但是也算是比较耐看了，它的内饰的功能配置比较齐全，所以使用过程还是很顺心的，非常好，挺实用。,[续航],它的电耗还是很稳定的，毕竟就是新能源汽车，在养车成本方面跟燃油车比还是很有优势的。,,,[空间],它的空间整体来讲都是比较大的，内部的空间乘坐和储物的占比很科学，比较合适，所以说坐着也不拥挤，放东西也有的是空间，它的后备箱的储物空间也是比较大的，我平时出差的话带两个行李箱，轻松装下，还有空余。,[舒适],[动力],它的动力的话我认为是很跟脚的，基本到现在的话一些比较常见的路况我都是走过了，它的动力呢也是完全跟的上脚的。油门踩下去，动力的响应就能很及时的输出出来，发动机的爆发也比较高，很实用。,[性价比],性价比还可以，价格的话也符合我的预算，它的保养啊什么的费用也不是很高，所以性价比还不错。,[操控],操控感受比较好，车子整体开着就比较轻松，简单一些，车子内部的按键啊什么的都比较顺手，尤其是踏板的脚感还是很不错的，非常精准，操控起来挺安逸。,展开全部
"
    发表于  2022-06    

      
        
    
    
",舒适性比较一般，虽然因为新能源车的关系，车子的静谧性很好，起步啥的都没什么声音，但是大众车的通病，或者说SUV车型的通病：避震偏硬，坐久了腰不是很舒服。不过比普通的SUV好很多，我媳妇说还是能接受的。,https://image1.xcarimg.com/attachments/my/1/93/68/900_120.jpg,xuser1946890,三星会员,4.88,外观,5,内饰,5,续航,5,空间,4,舒适,5,动力,5,操控,5,性价比,5,购入信息,爱车车型,https://newcar.xcar.com.cn/m64478/,2022款ID.4 X智享长续航版,购入时间,2022/5/1,购车地点, [上海市],裸车价格,21万  (厂商指导价 25.54万),续航里程,400km,爱车简评,,,爱车简评,试驾了一下，媳妇说车子的驾驶感受还不错，特别是方向盘出乎意料的轻便，底盘也很稳定，觉得车子不错，最终当天就订下了，没想到最后是等了两个月才提到车子，不过看到实车后媳妇还是很满意的。,爱车评价,[最满意],必须是外观，特别是这个赛博黄的颜色，我跟我媳妇第一眼看到就喜欢了。结果去4S店看车的时候被告知这个颜色要预定，最后等了两个月才提到这个车。不过等看到实车的时候发现所有的等待都是值得的。我跟媳妇都是典型的视觉动物，总感觉车子要是都是白色或者黑色的话太单调，红色的话太张扬，就这个颜色是我们两都觉得惊艳耐看的。,[不满意],目前暂时没有发现特别不满意的地方，就是这个车窗按钮还不是很适应，毕竟跟以前的车不一样，适应了之后应该会好点。对了，还有座椅有点偏硬，本来以为纯电是新的平台，避震啥的会比大众的油车好点，结果感觉也是半斤八两，起码是没有让我感到太舒适的感受。,[外观],[内饰],外观就没的说了，当初买车的时候看中的就是车子的外观，特别是这个赛博黄的颜色，我媳妇特别中意。毕竟是等了两个月才提的车子，到手之后发现等待都是值得的！,内饰方面比较简单，现在的新能源车好像都是遵循简单至上的道理，按钮也少了，基本都靠中控的一块屏幕来操作了。这样也挺好的，就是一开始的时候一些按钮，比如车窗按钮有点别扭，跟以前的油车都不太一样，不过适应了之后还行。,[续航],每公里小几毛钱真没啥好挑剔的，新能源车的优势就是省钱，去年自己换SUV还是因为觉得油价便宜了才买的，结果今年都已经上9元了，现在一般出门近的话就都开媳妇的车了，省钱才是王道。,,,[空间],空间没的说，老婆就是冲着SUV空间大去买的，不管是前后排空间，高度，还是后备箱用来装东西的空间，都是非常充足的，这点我们当初去试驾的时候就感觉很满意。,[舒适],[动力],电动车的动力普遍都不错，至少我们平常都是市区开开，动力感受还是挺好的，老婆说偶尔等红绿灯起步的时候踩个油门，推背感受还是挺强的。我自己也开过几次，发现确实比我那辆SUV还猛。搞的我都有点心动了，以后换车了也买新能源车？,[性价比],总的来说性价比还是不错的，就是当初买车的时候没啥优惠。问了好几家店都这样。新能源毕竟是大趋势，我自己去年买车的时候本来也考虑过，但是出于对电车技术成熟度的担忧还是放弃了。不过我媳妇对电车接受度还是挺高的，加上今年路上的新能源车也确实越来越多了，毕竟动力更好，养成成本更低这些优点在，电车还是很有吸引力的。反正家里已经有辆油车了，加一辆电车也没啥，最重要的是车子颜值高，老婆喜欢最重要。现在要是跟媳妇一起出门的话，我们基本也就开id4了，这个车只要不是出远门，代步用用还是不错的。,[操控],虽然是SUV，但是这辆车的方向盘是真的轻便，我媳妇也说这方向盘可能比她之前那辆小轿车都要轻，打方向很轻便，这点还是要夸一下大众的。刹车没什么问题，底盘很稳定，也是大众车的优点吧，哪怕是做急转弯掉头动作也不会太飘。,展开全部
"
    发表于  2022-06    

      
        
    
    
",减震的调校稍微有些欠缺舒适性，开着它通过坑洼路面时，车内是能够感受到一定的震感的。隔音方面做得倒是比较不错，整个车门的密封效果非常好，外面的噪音很难渗透到车内。座椅设计得比较柔软舒适，乘坐在上面感觉包裹效果十分明显。车内配备的一些功能按键实际使用起来手感也比较舒适，没有任何的突兀感。,https://image1.xcarimg.com/attachments/my/1/93/68/899_120.jpg,xuser1946889,三星会员,5,外观,5,内饰,5,续航,5,空间,5,舒适,5,动力,5,操控,5,性价比,5,购入信息,爱车车型,https://newcar.xcar.com.cn/m64477/,2022款ID.4 X纯净长续航版,购入时间,2022/3/1,购车地点, [广东省],裸车价格,21万  (厂商指导价 24.19万),续航里程,400km,爱车简评,,,爱车简评,因为当初我就觉得它的外观设计得比较帅，整个前脸看上去相当的酷炫，大灯感觉设计得真的是非常的抢眼。中网的造型也很别致，看上去感觉气势十足。,爱车评价,[最满意],它的空间表现让我感到满意，整部车乘坐起来表现还是比较出色的。平时周末的时候我也比较喜欢开着它载着几个朋友一起出去聚聚，感觉满载的时候车里面没有丝毫的拥挤感。储物空间也比较突出，车门板上设计的储物格比较宽大实用。后备厢里面也不小，平时可以轻松拉很多东西。,[不满意],减震设计得稍微有些欠缺舒适性，我觉得它的调校风格稍微有些偏硬，以至于当开着它通过一些坑洼不平的路面时，车里面会有一丝明显的颠簸感。价格优惠的幅度也不是很大，其他一些同级别车型有的优惠可能是它的优惠力度的两到三倍，这一点我觉得如果不是很着急入手的朋友可以再稍微等一等，毕竟省下来的可都是真金白银啊。,[外观],[内饰],外观方面我觉得它设计得比较不错，看上去给人一种很强烈的视觉冲击力，特别是进气格栅的造型设计很用心，与两旁的大灯看起来十分的协调。车身上的线条运用也比较到位，为整车外观增添了不少的运动感。轮毂的大小也挺合适的，看起来感觉比较耐看。,内饰选用的材质基本上都是比较不错的，摸起来手感相当舒适。中控台上包裹的部分感觉也挺上档次的，上面的一些纹路细节都能够展现得很清晰。空调出风口的设计也很经典耐看。车内还运用了一下质感不错的饰板进行点缀，感觉整体的质感得到了很大的提升。车里面的空气质量也还算不错，闻不出任何明显的异味。,[续航],在电耗的控制方面我觉得它做得比较不错，平时也不必为加油而发愁，因为选择它作为代步工具，真的挺省钱的。我平时上下班的行驶路线也比较固定，路况也还算比较良好，红绿灯不是很多。在这样的用车环境下，这样的ID4我比较知足，代步成本一点也不高。,,,[空间],空间水平在这个级别里面算是数一数二的了，我比较喜欢周末有时间的时候开着它载着家人到郊区去自驾游，一路上赏花观景好不惬意。后备厢拉上一些行李，随时可以来一场说走就走的旅行。前后排的乘坐空间水平都不算太差，头部以及腿部的活动空间很大。储物格设计得也足够多，收纳一些细小的物品很轻松。,[舒适],[动力],它的动力整体水平我认为还是挺不错的，踩下油门的时候加速感会随之而来，并且这种加速的效果来得并不突兀，是一种比较线性的感觉。匹配的这台变速箱也很不错，整体的平顺性值得称赞，平时在市区行驶遇到堵车的情况跟车的时候也不会有明显的顿挫感。绿灯起步的时候，如果我是排在头车位一般也是最先把速度提升起来的，不会压到后面车辆正常提速。,[性价比],我觉得它的价格优惠稍微有些小，不如同级别一些其他品牌的车型优惠力度大。如果在价格方面它能够稍微再多一些优惠就更好了。不过话说回来，它的配置倒是还算挺丰富的，常用的配置基本上都有。平时开着它出门十分的顺手，我曾把车子借给我朋友开过几次，还车的时候每次都赞不绝口，最近他也正考虑换车呢。,[操控],操控方面我觉得它做得也比较不错，方向盘掌控起来十分的轻松舒适，转动力度不沉不重刚刚好。油门踩踏力度也比较合适，稍微轻踩一脚油门就能够获得不错的加速效果，整体开起来还是十分轻快的。刹车的距离不长，开着它出门感觉非常的有安全感。底盘的做工也很不错，整体比较紧凑，没有任何的松散感。,展开全部
"
    发表于  2022-06    

      
        
    
    
",支撑性很棒很棒，空间宽敞，车内真安静，非一般的隔音个静谧。,https://image1.xcarimg.com/attachments/my/1/93/68/895_120.jpg,xuser1946889,三星会员,4.88,外观,5,内饰,5,续航,5,空间,5,舒适,4,动力,5,操控,5,性价比,5,购入信息,爱车车型,https://newcar.xcar.com.cn/m64476/,2022款ID.4 X纯净版,购入时间,2022/4/1,购车地点,山西新大洋汽车销售有限公司 [山西省],裸车价格,19万  (厂商指导价 21.03万),续航里程,18km,爱车简评,,,爱车简评,空间宽敞的纯电SUV，是我改善日常出行的第一选择。购买后真的没有让人失望。,爱车评价,[最满意],简便舒适的驾驶效果，全面的辅助功能，让操控没有一点难度。,[不满意],我之所以选择纯净款，是因为完全满足需求，没必要选择更高版本。在续航方面肯定越持久越好，但相差至少两万，感觉没必要，但我仍希望在现有付出的基础上能拥有更进一步的动力。,[外观],[内饰],外形很阳光，时尚属性很明显，没有大中网，车脸更圆润好看。,设计很流畅，到处很新颖的感觉，年轻气息浓厚，这是我很喜欢的，大液晶屏非常时尚。,[续航],这两日初步体验下来，能耗相当节省，快充效果好，这也是选择它的原因。,,,[空间],车的尺寸比较优秀，轴距2765也很突出，排间距很充分，膝盖间隙较大。,[舒适],[动力],电动的起步是最流畅的，提速效果也很优秀。此车主要承担我的日常代步，所以续航完全足够。出远门我会换用燃油车，说明其续航还不能让我完全信任。,[性价比],综合性假比比较好，纯电车是趋势，汽油越来越贵，目前都8块多了，纯电的用车成本相比优势就太明显了。,[操控],单速变速箱操控起来非常简单，几乎坐上去就能开走。前后雷达和影像辅助让操作完全在视线范围内实现。全部的独立悬架使行使效果相当柔韧。,展开全部
"
    发表于  2022-06    

      
        
    
    
",车内的座椅设计的宽大柔软，而且符合人体工程学靠背也能很好的支撑，长时间开车也不会觉得腰痛，主驾驶位可以电动调节，使用起来更加方便，车上还配备了自动空调，并且有车载空气净化器，空气质量也特别好，不过这款车在隔音方面不是很理想。,https://image1.xcarimg.com/attachments/my/1/93/68/892_120.jpg,xuser1946889,三星会员,4.88,外观,4,内饰,5,续航,5,空间,5,舒适,5,动力,5,操控,5,性价比,5,购入信息,爱车车型,https://newcar.xcar.com.cn/m65648/,2022款ID.4 X纯净智享版,购入时间,2022/4/1,购车地点, [北京市],裸车价格,19万  (厂商指导价 19.59万),续航里程,400km,爱车简评,,,爱车简评,选择这款车主要是为了上下班，现在很多人都换上了纯电动汽车，我也想节约自己的用车成本，虽然很多品牌都推出了纯电动汽车，但考虑了很久，我觉得还是大众的技术比较靠谱。,爱车评价,[最满意],作为一款纯电动汽车，这款车的最大优势自然是放心，而大众汽车有着靠谱的技术，即便是纯电动汽车，也能够为我节约下很多用车成本，让我更加肯定了自己的选择，相比燃油车来说，这车的用车成本顶多能占到油车的20%，所以平时也可以随心所欲的开车。,[不满意],不知道是不是用车时间短的原因，感觉刹车踏板的轻重度不太合理，而且在隔音效果上也不是很理想。,[外观],[内饰],外观上设计的非常时尚，虽然前脸没有太大的装饰，不过给人的感觉也非常大气，尤其是两侧上扬式的大灯，显得特别有精神，车身的线条很流畅，并且采用了双色设计，还有非常个性的轮圈，跑起来之后更加有运动感。,整个车内采用的是简洁的设计风格，而且紧跟现在潮流，12英寸的液晶大屏是悬浮式的设计，包括的功能很多，语音识别的也精准，方向盘是真皮材质的，可以提升车内的档次，使用起来也很有手感，另外音响效果也很好，坐在车内感觉特别舒服。,[续航],我这款车的最大续航里程为425公里，完全能够满足日常使用，而且车子支持快充慢充，续航方面完全不用担心，充电的速度也很快，何况电费的价格要比油价便宜很多，所以用车成本上也特别低。,,,[空间],2765毫米的轴距在紧凑型SUV中很给力，再加上车内合理的布局，所以前后排的空间都非常富裕，即便是满载的情况下，也没有任何压力，后备箱宽大平整，要是全家一起出去玩，也能装很多东西，超市购物也能够轻松应对，空间上我很满意。,[舒适],[动力],动力方面挺强悍的，虽然用的是一台永磁同步电机，可最大的马力能达到170，驱动这辆紧凑型SUV完全不是问题，310牛米的扭矩也非常出色，而且动力响应的很迅速，一般的道路都不是问题，车子开起来还有很多的乐趣，推背感也很明显。,[性价比],我觉得以这样的价格能够买到一辆出色的大众新能源，还是非常给力的，这款车在各方面都表现的很出色，技术方面也令人放心，能够入手也是值得的。,[操控],感觉这款车的刹车踏板轻重度不太合理，可能是没有适应的原因。不过平时开起来挺顺手的，方向盘在转向时没有任何虚位，坐在驾驶位上的视线也很好，另外车上配备了倒车影像，画面很清晰，能够辨别出车后方的情况，倒车停车都很方便。,展开全部
"
    发表于  2021-06    

      
        
    
    
",适度方面还是不错的，尤其是那个座椅不仅设计的柔软度刚刚好，而且饱满度也不错，我坐在车上驾驶的时候感觉非常舒服。,https://image1.xcarimg.com/attachments/my/0/31/05/933_120.jpg,Artwavejvy01,新手上路,4.88,外观,5,内饰,5,续航,5,空间,5,舒适,5,动力,4,操控,5,性价比,5,购入信息,爱车车型,https://newcar.xcar.com.cn/m59431/,2021款ID.4 X劲能四驱抢鲜版,购入时间,2021/4/1,购车地点, [云南省],裸车价格,23.99万  (厂商指导价 26.89万),续航里程,550km,购入用途,上班,购物,爱车简评,整个车我感觉它性价比还是蛮高的，这也是当时我选择这个车的一个原因，因为他的耗能各方面都在我的预期范围里面，也会给之后的使用减轻很大的经济压力。,爱车评价,[最满意],最满意的是他的空间在这个级别里的SUV，应该没有比这辆车的空间更大的了。像我身高是比较高的185CM。我进去的话，头顶的距离还能留出来拳，腿部的空间也比较宽裕，如果像我一样个子比较高的话，选择这款车肯定是没有错的。而且后备箱的空间也很大。能放下好几个大的行李箱。后排的座椅也可以平放，将空间使用率达到最高。而且整个车子是比较省油的。性价比还是比较高的，这个车子家用来说还是很舒服的。,[不满意],不满意的地方，其实使用起来到现在为止还是比较好的，一些细节的处理也比较到位，但是说唯一有点不太满意的就是他的防震效果不是那么好，开的快了可以听到胎噪的声音。,[外观],[内饰],这辆车的外观还是有很多时尚的元素，然后在细节方面方面处理的也比较好。自带高级感。,内饰的色彩搭配也比较好，非常的有档次。一些细节的设计也比较细心。,,,,,[空间],空间基本上是挑不出什么毛病的，后排是比较癃的，后背箱也比较快，因为本身车身的尺寸就比较大，日常出行放一些东西来说还是很方便的，人坐进去的话，也不会觉得压抑和拥挤，是很宽敞,[舒适],,,,,[操控],操纵这个方面来说，其实跟燃油的汽车操作的感受是差不多的。驾驶的时候不会觉得很吃力，而且还有各种安全配置。,展开全部
"
    发表于  2021-06    

      
        
    
    
",,https://image1.xcarimg.com/attachments/my/0/31/05/929_120.jpg,车迷buw,新手上路,4.88,外观,5,内饰,5,续航,5,空间,5,舒适,4,动力,5,操控,5,性价比,5,购入信息,爱车车型,https://newcar.xcar.com.cn/m58890/,2021款ID.4 XPro 极智长续航版,购入时间,2021/5/1,购车地点, [广东省],裸车价格,24.5万  (厂商指导价 23.59万),续航里程,550km,购入用途,上班,接送小孩,爱车简评,车联网不稳定，经常断网，前后车窗控制非常麻烦，需要切换。开细碎道路无限carplay会闪断。,爱车评价,[最满意],我相信看中这款车应该都是看重颜值吧。,[不满意],内饰功能太多搞不清楚。,[外观],[内饰],"外观造型是大众最新的MEB设计风格,打破常规",中控全部使用触控设计，触控反馈很细腻，满满的高级感，氛围灯30色，晚上特别漂亮。,,,,,[空间],"作为纯电平台LEB,空间做到了极致,不是油改电能比拟的。同级别乘坐空间非常优秀，车门储物空间跟标准的车型一致，中控的储物空间偏小后备箱空间大。",,[动力],动力是纯电汽车的强项，电机开始工作既可达到最大扭距，市区起步不是第一-也是第二，0~60加速特别快。,[性价比],"那就预算300,000左右的车，然后花250,000买了个电车，还不错",[操控],底盘非常扎实，悬架支撑到位，方向盘手感适中是一款非常好驾驶的车,
"
    发表于  2021-06    

      
        
    
    
",开车的还是很舒服的，后排坐1到2人，舒适度也是不错，视野特别的好,https://image1.xcarimg.com/attachments/my/0/31/05/932_120.jpg,松鼠z1,新手上路,4.88,外观,5,内饰,5,续航,5,空间,4,舒适,5,动力,5,操控,5,性价比,5,购入信息,爱车车型,https://newcar.xcar.com.cn/m58892/,2021款ID.4 XPure 纯净版,购入时间,2021/4/1,购车地点, [江苏省],裸车价格,24万  (厂商指导价 19.99万),续航里程,550km,购入用途,上班,接送小孩,爱车简评,说下车内的储物空间，目测一下有个十多处把，有排多点，后排乘坐空间小了点,爱车评价,[最满意],对于车子我最满意是大众的外形，还有动力，内饰也很好看时尚,[不满意],后排空间还是局促点，坐几个大人的话还是挤了点，其他方面我目前觉得还行，新车开着也顺手,[外观],[内饰],大众的外观很时尚年轻，我就特别的喜欢这种有流线的车子,精致内饰，天窗，大大的屏幕，我都好喜欢,,,,,,,[舒适],[动力],动力十足，开着特别的强劲,[性价比],性价比可观，还是很不错。,[操控],方向盘的转向很精准，开起来也很顺手不累!,
"
    发表于  2021-05    

      
        
    
    
",,https://image1.xcarimg.com/attachments/my/0/31/05/930_120.jpg,红玫瑰dv,新手上路,4.75,外观,5,内饰,4,续航,5,空间,5,舒适,4,动力,5,操控,5,性价比,5,购入信息,爱车车型,https://newcar.xcar.com.cn/m58891/,2021款ID.4 XPure+ 纯净长续航版,购入时间,2021/3/1,购车地点, [天津市],裸车价格,23.99万  (厂商指导价 21.99万),续航里程,550km,购入用途,上班,购物,爱车简评,这个价格拿下的车，配置表现也不错，至少我想要的配置它都有了这样的价格能入手这样一台车，我得性价比挺高的,爱车评价,,,[不满意],对它内饰的气味不太满意，有时候在车上坐的时间长了，鼻子会有点不舒服的感觉。还有就是内饰的设计不是很满意。其他地方倒是还没有发现有什么槽点,[外观],,颜值非常的高，从正面看是属于犀利霸气的那种类型，大灯造型有点小凶悍，侧面线条简洁干练，比较有精致感，个人很喜欢,,,,,,[空间],尽管Id4从外表上看起来没有很大的样子，但内部的乘坐空间挺大的还是，身高177的我坐在主驾驶位置上，腿脚能够活动得开，头顶距离车顶也有一定的空间，坐直了之后也不至于顶到头；车内的储物格二多的。,,[动力],这个车的加速感很好，起步的时候很轻快，没有迟钝的感觉，加速效果不错，舍得给油的话也能体验到源源不断的动力输出感，超车轻松无压力,,,[操控],感觉id4的操控挺灵活的，方向盘转向力度是十分轻盈的，操作的时候特轻松，而且底盘的调校扎实建，在过弯的时候也能保持稳稳当当的姿态。刹车于比较线性的那种，随踩随有，容易掌控,展开全部
"
    发表于  2021-05    

            
    
    
",这台车舒适性最好的就是两个点，第一个是这台车的音响效果挺好，第二个是这台车的隔音效果不错，这两点综合起来，对我们居家用车来说还是很美好的。,https://image1.xcarimg.com/attachments/my/1/89/93/781_120.jpg,xuser1909378,支柱会员,4.63,外观,5,内饰,5,续航,4,空间,4,舒适,4,动力,5,操控,5,性价比,5,购入信息,爱车车型,https://newcar.xcar.com.cn/m57615/,2021款ID.4 XPrime 劲能四驱版,购入时间,2021/2/1,购车地点,杭州旅行者汽车销售服务有限公司 [浙江省],裸车价格,26.2万  (厂商指导价 27.29万),续航里程,330km,购入用途,上班,购物,爱车简评,性价比也是满分，ID4的用料做工非常优秀，续航里程也达到了550公里，快充时间也只有40分钟，另外配置方面也达到了主流水平。在大众优秀的做工和技术的加持下，这款车的性价比达到了优秀的水平，是一款值得入手的车。,爱车评价,[最满意],上海大众品牌口碑都不错，车子配置齐全，外观设计充满科技感，很吸引我，让我眼前一亮。,[不满意],不满意的就是这台车的车头部分设计的比较丑陋，作为外观这一点来说，我个人是看不上的，车头整体的流畅度稍微低一点，看起来有一种新的高科技感觉，但是整体比例不怎么协调，看起来有点怪怪的，在这个价位感觉台车看起来不够高档，更多的是一种针对年. 用的一种时尚的那种感觉，对于我们这种30几年的成年人来说，还是不怎么合适，在颜色上面也是比较花里胡哨的白色又太过于简单了。,[外观],[内饰],颜值这块都不需要多说，时尚、运动、个性都能在大众ID.4X身上看到，属于年轻人的车子，就选这个准没错，好几个朋友看到我的新车以后都羡慕的不行呢，这辨识度很高了。,内饰的质感比较精致，规规矩矩的看着不腻，不太喜欢那种花里胡哨的内涵，讲究简洁大方最得体，中控的触摸屏比较棒，充满智能化，座椅的颜色搭配很有层次感，中间缝合线都那么的规矩。,[续航],这台车的官方续航里程是500多公里，目前我才开了300多公里，也没有充电，按目前的电量来看，续航450公里是稳稳的，整体来说还是非常满意的。,,,[空间],这车子空间挺大的，前排不用多说了，就那后排坐我这个178的大个子还能翘个二郎腿呢，头顶有十多公分的距离，后备箱的容积很宽敞，远行不用担心装不下行李。,[舒适],[动力],纯电车的动力比燃油车起步要快很多，给人的感觉非常好，有些事那种加速的推背感能让你感受到一种非常良好的驾驶感受，这台车的动力很迅猛，就是平常爬坡的时候或者路段不好的时候，这台车给你的动力感受都是非常充沛的。,[性价比],这大众ID.4X的价格还可以接受，毕竟配置在这摆着呢，性能不差，质保期也长，商用或者日常代步使用都很合适。,[操控],纯电车的操控还是很不错的，方向盘特别轻盈灵活，开起来十分紧致，操作上手十分快，就是是纯电车，也是十分容易上手，对于我们文种老手来说，算是很轻松自在，就是我姚，那样的新手来说也很容易上手。,
"
    发表于  2021-05    

            
    
    
",纯电动底盘设计的优点，整体稳重，颠簸小，重心低，车厢安静。车内空气净化，车厢里灯光柔和，在车厢里很舒服的感觉。,https://image1.xcarimg.com/attachments/my/1/89/93/773_120.jpg,xuser1909377,三星会员,4.63,外观,4,内饰,4,续航,5,空间,5,舒适,5,动力,5,操控,5,性价比,4,购入信息,爱车车型,https://newcar.xcar.com.cn/m57615/,2021款ID.4 XPrime 劲能四驱版,购入时间,2021/2/1,购车地点,西安唐都燕华汽车销售服务有限公司 [陕西省],裸车价格,26.19万  (厂商指导价 27.29万),续航里程,329km,购入用途,接送小孩,自驾游,爱车简评,20多万的价格，买一台电动车500多公里的续航，整体还是不错的，但是在同级车型中，比亚迪汉也是一个非常有竞争力的对手，如果说我年纪稍微小点，我可能会去选择比亚迪汉,爱车评价,[最满意],空间宽敞，定义在紧凑级，实际很舒服，比某些号称中型的还舒服。不论前排还是后排，空间都宽敞。适合一家人的车，接送小孩，上下班开车都合适。整体感觉不错，车厢内做工很好，灯光柔和，空气净化，不好说有什么特殊的点，但就是总体很舒适。车子操控灵活，转弯半径不算大。动力很实在，310牛米非常靠谱，超车轻松。足够秒汽油车的动力。开在路上挺稳的，减震不错，重心低过弯稳定。有车道保持和主动刹车，灯语系统。 车的一个亮点吧，挺好玩的，提示效果很好。光语系统也和导航配合，提示转弯等信息。倒库有足够多的探头保护，看来不用操心撞到东西了。太靠近危险会主动刹车。前排座椅有按摩功能，腰部调节，座椅材质舒服。电池容量实在，电车一大优点就是等人的时候不用纠结要不要熄火，空调开着舒服就是了。开车接送孩子每天等人开空调时间较多，功耗平均到20度电百公里，还是很满意的。燃油车没法这样舒适安静的开空调等人。后备箱空间不小，目前还没用到。,[不满意],车机软件不可靠，导航时黑屏重启。车联网不可靠，几天掉线两次，还有说法是大众的服务器端出了问题。手机端软件功能较弱，功能比特斯拉的软件差。老牌车企能做好车，软件水品看来和新能源车行业老大还有差距.开机登录语音提示太难听，就不能换个志玲姐姐声音？后排座椅角度好像不可调，或者我还没找到调节方法？大众的配置有些抠门，入后视镜倒车下翻，这种没成本的功能都舍，1寻送。车上usb充电口都是typec，还不送usb线。手机无线充电器只有5W。还有从之家参数表看没配下坡辅助，实际倒车上坡时油门踩的轻了会往前溜。,[外观],[内饰],其实本人不是外观控，这车看着不错吧，车漆挺亮的。如果一定要问本人喜欢的的外观，那得是奔驰大G的四四方方。总的来说，这车如果更高一点我会更喜欢。,仪表台手感不错，座椅也舒服，具体啥材质不懂。略有点担心这舒适的座椅是不是好清洁？毕竟本人是要管俩娃的司机兼保姆兼清洁工。,[续航],城市开约16度电每百公里，我经常接送孩子，开着空调等人平均到20度电每百公里，这是电车的优点，油车等人时就要考虑要不要熄火。电车可以舒适的开着空调等人。在一六电，3毛的电费太划算了。,,,[空间],我身高不是特别高，但是一米八没有一米六五还是有的，我在这台车里面感觉空间非常的宽敞，操作一点都不受限制，坐在后排也是非常的舒服，空间对于一个小家庭来说是完全足够的后备箱空间也够大，平常放一些行李什么的小东西很方便，适合居家旅行。,[舒适],[动力],310扭矩推2.1吨车身看上去不是很高的参数，实际上推力远高于汽油车，电动机的参数A在，也没有变档，实实在在的推力输出，超车很轻松。虽然不能和那些双电机野兽比，但是在路上超汽油车太轻松了。,[性价比],很值了，不给满星是不知道后面会不会出一与强的竞争者。价格不错，后面维护保养成口要只是轮胎了。,[操控],转弯半径不算大，操控灵活，主动刹车和车道保持增加了高速上的安全性。,
"
    发表于  2021-05    

            
    
    
",座椅按摩很爽。如果有座椅通风就好了。座椅也够软。双拼搭配。不知道超级纤维耐不耐脏。不是四门无钥匙进入，只有前门两个。,https://image1.xcarimg.com/attachments/my/1/88/29/372_120.jpg,gh1613355165,三星会员,4.63,外观,5,内饰,5,续航,5,空间,4,舒适,4,动力,4,操控,5,性价比,5,购入信息,爱车车型,https://newcar.xcar.com.cn/m57615/,2021款ID.4 XPrime 劲能四驱版,购入时间,2021/2/1,购车地点,内蒙古泰裕汽车服务有限公司 [内蒙古],裸车价格,26.18万  (厂商指导价 27.29万),续航里程,328km,购入用途,接送小孩,自驾游,爱车简评,各项科技配置非常齐全，驾驶辅助功能也基本满足了安全需要。续航里程达到了主流的550公里，40分钟可以充到80%的电量，一改人们对于纯电汽车的传统认知。,爱车评价,[最满意],安静。堪比50万以上级别，噪音抑制不错行驶质感很好，操纵感很强。舒适。上下班每天120公里座椅按摩很好用。大小适中。动力平顺。,[不满意],1车机系统有待完善。基本上每周有24小时不能联网。不能登录账户。上汽大众后台问题。 2导航感觉没有手机上的高德规划路线智能。 3储物空间略少。最传统的obd接口上方一1储物空间取消了。行驶证没有地方放。大一统的卡槽也取消了。,[外观],[内饰],外观设计一改传统大众车的硬朗保守形象，变的圆润时尚，特别是细节部分处理的非常到位。是一台有着精致美感的车。鲜亮的颜色和简洁的造型非常符合纯电汽车的科技感。,没有传统的物理按键。触摸加力回馈系统。谈不上好或者不好。操作音量时容易误触双闪按键。空调，音量按键没有悲背光灯！！,[续航],个正常的电耗水平。个人充电很方便。不太关心电耗。开了1000多公里百公里耗电不到15。充满肯定能跑超过500（包含250公速，1/3时间开空调）.,,,[空间],95%的时间是自己开车。考虑过7座。看了很多车。q7xt6理想塞纳m8等等。认真考虑过后还是觉得自己开一个7坐车过于突兀。二胎家庭。全家出动也没太大问题。空间设计还算合理。乘坐空间 中规中矩。后排坐三个180150斤的大老爷们略显局促。总体符合出行需求。中间杯架丁可的出库空间很尴尬，不知道该放什么口,[舒适],[动力],不飙车。对速度没要求。能开到120上高速就好。 动力平顺性 D档很平顺。不像电动车。B档就比较像传统电车开起来的感觉A跑高速 天天通过高速通勤。动力没有压力。120巡航没有压力,[性价比],不算便宜。也不算贵。并不想买特斯拉。所以选择了这个。早买早享受晚买有折扣。车及系统改善后就很好了，总体来说瑕不掩瑜。,[操控],方向盘比较沉。很大众车道偏离辅助做的不错。比宝马的柔和。操纵感很强。,
"
    发表于  2021-05    

            
    
    
",座垫很软，前排加热按摩都有，还带腰托很舒服啊，后排地板中间没有凸起，所以后排坐三个人舒服性也是没有问题的！,https://image1.xcarimg.com/attachments/my/1/89/93/760_120.jpg,xuser1909376,三星会员,4.38,外观,4,内饰,4,续航,4,空间,5,舒适,4,动力,5,操控,4,性价比,5,购入信息,爱车车型,https://newcar.xcar.com.cn/m57615/,2021款ID.4 XPrime 劲能四驱版,购入时间,2021/2/1,购车地点,郑州聚龙实业发展有限公司 [河南省],裸车价格,26.17万  (厂商指导价 27.29万),续航里程,327km,购入用途,购物,接送小孩,爱车简评,我们一直所纠结的是囚禁自己思维方式并非担忧技术的问题和市场反馈的口碑这是新的一次汽车工业大变革比起之前的涡轮时代这次的新能源时代来的悄无声息更让我们措手不及,爱车评价,[最满意],最满意当然是费用节省啦，现在充电桩很普及，一周左右才充一次电，公共充电桩也就几十块，太省心省钱了，我是夏天全程开空调基本也能续航450+km，原来开的油车，因为续航里程和充电问题一直不敢尝试新能源！买了id4x以后，感觉完全没有这方面烦恼，而且选择大众就是看中了大众的品牌及售后，现在来了500多公里，真的太舒服了，提速迅猛，但是又不像别的电车那种加速一突一突的感觉，动能回收也很好用，太容易上手了，行驶质感也很好，悬挂调教和底盘真的是棒棒的,[不满意],整体很满意，非要鸡蛋里挑骨头的话，那就是没有后视镜电动折叠，上了机械车位以后，还要手动收耳朵，但是跟优点比起来，这个小小的缺点当然可以忽略不计啦！,[外观],[内饰],外观绝对满分，经常有人盯着车看半天，晚上，当灯点亮的时候，你就是城市中最靓的仔！,简约而不简单，中央扶手很舒服，里面能装很多东西，储物的地方我觉得很多，仪表盘和中控屏看起来也很舒服，我反正一见钟情！,[续航],我这表显是15.5百公里，唉，电费比起汽u邮便宜那么多了，我才管不了每百公里耗多少电呢！,,,[空间],我身高180，开车的时候习惯把驾驶位拖的老后，后排空间也没问题啊，再坐个我这身高的，也是富裕的。 后备箱够大，因为用的已修复轮胎没有备胎，后备箱很大，反正我把孩子的玩具，风筝，滑板车等等全放后备箱也是没问题的，毕竟这是台适合家用的电动车,[舒适],[动力],提速很快，但是不像特斯拉那种受不了的快，毕竟是家用车，开那么快干嘛，对吧。路上超个车啥的还是妥妥的！,[性价比],大众20多万的电动车，配置这么高，续航这么好，售后这么好，你还想怎样哦，太满足了！,[操控],操控我觉得很好，虽然是电车，但是毕竟是老牌车企了，开起来行驶质感是真的不错，转弯半径很小，调头很方便，悬挂软硬适中，我觉得很舒服！,
"
    发表于  2021-05    

      
        
    
    
",首先大众ID.4X的座椅很舒服，填充物比较饱满，然后就是悬架的设计够舒服的，在高速的减速带上都没有什么颠簸的感觉，加上没有发动机的轰鸣声，这车子用起来简直就是一种享受了。,https://image1.xcarimg.com/attachments/my/1/89/93/749_120.jpg,xuser1909374,三星会员,4.63,外观,5,内饰,5,续航,4,空间,4,舒适,5,动力,5,操控,5,性价比,4,购入信息,爱车车型,https://newcar.xcar.com.cn/m57615/,2021款ID.4 XPrime 劲能四驱版,购入时间,2021/2/1,购车地点,福建福申汽车销售服务有限公司 [福建省],裸车价格,26.16万  (厂商指导价 27.29万),续航里程,326km,购入用途,购物,接送小孩,爱车简评,最满意的就是大众ID.4X的品牌和造型了，我承认我就是一个外貌协会的人，比较注重颜值造型，车子用来陪衬自己的，更得需要很时尚的个性，大众的品牌无需多虑,爱车评价,[最满意],1.转向调头半径小。在山路上，十字路口，林荫小道调头毫无压力，三个车道一把过，堪比小车高尔夫，挥一挥衣袖轻轻调头如此丝滑。2.车内空间大。小块头有大容量，实际乘坐空间与途观L、CRV相近，身高178后排膝部余量两拳。地面全平，空间不压抑。3. 车身坚固安全感强。meb平台专线打造，全车热成型钢比例高，AB柱强度给力，同时注重电池防燃爆技术。安全是一票否决的购车底线。4.驾驶感受稳健。加速灵敏随踩随有。毛躁不窜车，超车无压力。底盘紧致，车转问惊重&#40；车是真重2120KG），加上座椅的厚实舒适，既能有效减震又将路感真实传递。方向盘也是一如既往的大众风格，力度适中可以单手驾车。5.续航真实。实测综合路况2人，不开空调电耗是15Kwh/100km，开空调是17，保守按照全车电池容量80Kwh计算，南方地区综合续航500Km左右。6.iq.light真香。 迎宾灯光，3Dled尾灯组，想低调都难。调整到Auto模式后就忘了它吧，因为它能在各种场景智能照亮你的前路，让id4X成为夜空中最亮的，你要相信光！7.更多惊喜。20寸白悠复轮胎、全景天幕、滑控天幕帘、超细纠的，面座椅等..8.福州大学城元泽4S的游总和小官服务各种热情，免费蹭电，初见版车主权益……四了买单！,[不满意],1.后排座椅角度太直，头枕有些突出，长途乘坐有些费腰。2.初见版无法加装L2驾驶辅助，希望以后能够改装。3.20多万的中配型号没有后视镜自动折叠？！4.内饰做工虽然精细，但塑料感较强。,[外观],[内饰],颜值这块都不需要多说，时尚、运动、个性都能在大众ID.4X身上看到，属于年轻人的车子，就选这个准没错，好几个朋友看到我的新车以后都羡慕的不行呢，这辨识度很高了。,内饰的质感比较精致，规规矩矩的看着不腻，不太喜欢那种花里胡哨的内涵，讲究简洁大方最得体，中控的触摸屏比较棒，充满智能化，座椅的颜色搭配很有层次感，中间缝合线都那么的规矩。,[续航],我自己家安装了一套充电桩，用起来还是蛮方便的，毕竟我是感觉了这大众ID.4X耗电挺费了的，所以自己装一套还踏实，晚上不用的时候就冲上，不在外面跟别人排队抢电了。,,,[空间],这车子空间挺大的，前排不用多说了，就那后排坐我这个178的大个子还能翘个二郎腿呢，头顶有十多公分的距离，后备箱的容积很宽敞，远行不用担心装不下行李。,[舒适],[动力],大众ID.4X起步很快，速度响应比较积极，城区里面随便开了，反正堵车或者等红绿灯也不用着急了，高速上面试验过，一脚油门能有推背感，从起步到100多迈也就是八秒左右了，这行动力很利落啦。,[性价比],这大众ID.4X的价格还可以接受，毕竟配置在这摆着呢，性能不差，质保期也长，商用或者日常代步使用都很合适。,[操控],方向盘指向精准，力度适中，除了车身原一法单手倒车，其他使用无压力。底盘很稳口心略高，过弯和变道动作干脆平稳。离地间隙目测20多厘米，轮胎四角顶置，通过性应该不错。,展开全部
"
    发表于  2021-05    

            
    
    
",舒适性，这算是大众首款SUV纯电车了，电动按摩座椅，座椅加热，可惜就是没通风，有一次天气太热，屁股都闷了，有座椅通风就爽多了，还有超大的全景天幕，真的超大，看只具必备，座椅坐起来还是不错，好像是什么Q做的，耐脏耐磨好看。而且还有科技感满满的，玻璃还有指引功能，车速，车距等都能显示在玻璃上，不错。切换档位，前挡风还有灯光闪过，漂亮实用。,https://image1.xcarimg.com/attachments/my/1/89/93/742_120.jpg,xuser1909374,三星会员,4.5,外观,4,内饰,4,续航,4,空间,5,舒适,5,动力,4,操控,5,性价比,5,购入信息,爱车车型,https://newcar.xcar.com.cn/m57615/,2021款ID.4 XPrime 劲能四驱版,购入时间,2021/1/1,购车地点,山东银座天逸汽车有限公司 [山东省],裸车价格,26.15万  (厂商指导价 27.29万),续航里程,325km,购入用途,购物,接送小孩,爱车简评,空间宽敞，定义在紧凑级，实际很舒服，比某些号称中型的还舒服。不论前排还是后排，空间都宽敞。适合一家人的车，接送小孩，上下班开车都合适。,爱车评价,[最满意],最满意的一点之前开的是油车，虽然耗油量不大，但是对比下电车，满意的点还是比较多的，首先不用说的，肯定是加油问题，电车不用加油，对于我这种出得厨房，开得小车的人来说，简直是居家旅行必备，555的续航，以前加满一箱油跑几百公里都3、4百块钱了。现在只要充电，电费都不用1百块，想想都感觉爽，而且是大众品牌的，还是有保障的。不像其他车，什么刹车不行，等等，怕。品牌大还是有保证，其次外观也是不错的，符合年轻人的审美。,[不满意],最不喜欢有一点瑕疵的就是每次打开前盖都要开主驾驶门才行，这个好像也是很多大众车都有的问题，简直有点反人类设计。空间是节约了，感觉就是有点不方便。还有一点就是挂挡，在方向盘右边，有时候我掉头，掉了一半，想倒车，方向盘挡住了拧的倒车R图标，有点不方便。,[外观],[内饰],外观是除了看它是电动外，另一个重点，实在太好看了，它的好像不像特斯拉的太前卫科技，又不会像传统的一成不变的油车感，贯穿式车灯，而且大灯真的感觉像人的眼睛，超漂亮，功能强，车头侧身更流线，轮廓还是往下压了点，是一个高颜值选手，颜色多选，有 5.6种外色可以选，像我肯定是选最骚最红的了，其实黄色也是蛮喜欢的，后来还是选了红色，内饰也有3种可以选，可选性这个A错。我的小伙伴看到我的新车都惊呆了，入属得不要不要的。,选的也是红色内饰，不羁中带点狂野，狂野中略带点含蓄，中控的灯光调节，想车内什么灯光就是什么颜色，而且屏幕的按钮也会变色，这细节做的还是非常好，方向盘还一改传统大众车的按钮，用了触摸按钮来，科技感提高不小。还有全景大天幕，直击少女们内心那个小心心。,[续航],大众的车，说的是电耗了，我是自己家里装了充电包，公司附近又有充电桩，所以没有充电难恐惧症，现在天气一般都开空调，开了一个4天，还有3百多的里程，上下班开，爽。。,,,[空间],空间也是值得推荐的一点，前排还是第二和后备箱都是感觉挺大的，相比途岳大一，跟途观I又有它的优势，它主驾驶还有个小科技功能，还是挺智能的，你坐进去踩刹车，车自动启动了，座椅会自动往后调节，再看行李箱也大的出乎你的意料，放3、4个行李箱，再放一些土特产还游刃有余。,[舒适],[动力],动力的话，这个不用吹，电车跟油车完全没有可比性，一般红路灯我在第一，后面的车能看到我的尾灯都算他赢，你想下，动力有多强，推背感强大的让你不能相信。,[性价比],性价比来说，电车可以说只有更强，没有最强。省了至少10万元的保养费，又不用购置税，又不用加机油灯，轮胎还是有修复液的，妈妈再也不用担心我会扎钉了，扎了也没事。 还有绿牌不限行，到处去都没事。,[操控],操控操控的话就感觉方向盘还是挺轻的，但是有一点好像会跟其他车不一样，感觉掉头，会要打多半圈，不知道是方向盘小的问题还是设计问题，油门也是超级灵敏，反应相当快，刹车开习惯了油车，感觉ID的刹车会有缓冲，你点了刹车刹住了，感觉会有一个动能的力往前走一点。还有它的挂挡在仪表右手边，之前有个坏习惯，路上挂挡了，手就放在扶手箱，超不好的习惯（新手不要学），开了iD，感觉右手不能离开方向盘了，因为要挂挡要用干士,
"
    发表于  2021-05    

            
    
    
",座椅的材质很不错，用的翻毛皮和皮的混搭，摸起来的手感很好，看着也很有档次，当然坐着也很舒服，人体工程学做得很好，座椅有很强的包裹感。在隔音方面我觉得市区行驶还行，高速上风噪声还是大了点，好在开着这个车子跑高速的机会也不多。,https://image1.xcarimg.com/attachments/my/1/89/93/528_120.jpg,xuser1909352,三星会员,4.5,外观,4,内饰,4,续航,4,空间,5,舒适,4,动力,5,操控,5,性价比,5,购入信息,爱车车型,https://newcar.xcar.com.cn/m57615/,2021款ID.4 XPrime 劲能四驱版,购入时间,2021/1/1,购车地点,重庆博众汽车销售服务有限公司 [重庆市],裸车价格,26.14万  (厂商指导价 27.29万),续航里程,324km,购入用途,接送小孩,自驾游,爱车简评,对于这台车，其实我最满意的就是它的续航里程的平时是买电动车的时候特别担心的就是续航里程不足，而这台车的续航里程还是比较优秀的，刚开始选车的时候特别烦，这个事情需要内存太低了难得充电，而且很麻烦,爱车评价,[最满意],对这个外观我是很满意的，我觉得ID.4X的外观既有SUV的那种大气的感觉，毕竟定位本来也就是紧凑型的SUV，但是在外观上，我觉得线条也给我一种柔美的感觉，而现在很多SUV都是很硬朗的线条，所以给我的一种别样的感觉。,[不满意],在一些方面，我觉得这个车子还是有些地方做得不是很好。一个是这个车子的全景天窗看起来确实是很棒，但却是不可开启的那种，我说得实用性就不是很强，毕竟天窗用来通风Q，还是很不错，不能开启就只能起到一个采光的作用了。另外我觉得液晶仪表盘的尺寸确实是有些小了，特别是和中控的屏幕比起来，这么小的尺寸看着就很不舒服，我甚至觉得还不如一个传统的、尺寸更大的仪表盘好用。,[外观],[内饰],外观我是很满意的，我觉得ID.4X的外观元两了动感，一看就觉得这个车子十分的年轻，轮毂的设计也是一个小亮点，看起来挺漂亮的。,内饰看起来很简洁，这样的风格确实很舒服，而且配色也不错，红色贯穿整个中控台，看起挺有激情。但那个液晶仪表盘也是小得有些可怜了，完全可以做大一点，这样感觉也更协调。,[续航],提车的时候天气已经比较暖和了，所以实际的续航里程和标称的也没有太大的差距，加。充电也比较方便，所以到现在还真没有哪入但心过车子的续航。耗电量还算正常，但毕竟是电动车，所以怎么算都比油车划算。,,,[空间],我相信选择电动车的家庭肯定不会只有一台车，ID.4X就是我家的第二台车，所以我不是过于关注车子的空间，在看车的时候觉得还行。用了一段时间了，感觉这个空间也是足够的，后排坐上三个人也不算挤。车内的储物空间也不错，特别是中控台下面那个放手机的地方，让我拿取手机都很方便。,[舒适],[动力],电动车的起步推背感很强，我觉得这个价位也就只有电动车能给到这么好的动力了，等红绿灯经常能把很多车都甩在后面。而且后A加速也不慢，到了高速上，提速也比一般的家用车快很多，动力的响应很及时。,[性价比],我感觉ID.4X的性价比挺好的，主要是我自己确实挺喜欢这台车的，另外从各方面来看，品质也还算不错。,[操控],虽然这是一台SUV，但是操控感也是很好的，平时市区里面开不出什么太大的感觉来，到了郊区就不一样了。开过几次郊区以后，我觉得这个车子的操控极限比很多家用车都要高，可玩性还是挺强的。,
"
    发表于  2021-05    

            
    
    
",舒适性也不错，空间充足，座椅可以按摩和加热，方向盘手感好。,https://image1.xcarimg.com/attachments/my/1/89/91/220_120.jpg,xuser1909122,三星会员,4.63,外观,5,内饰,5,续航,4,空间,4,舒适,4,动力,5,操控,5,性价比,5,购入信息,爱车车型,https://newcar.xcar.com.cn/m57615/,2021款ID.4 XPrime 劲能四驱版,购入时间,2021/1/1,购车地点,天津市宝通汽车销售服务有限公司 [天津市],裸车价格,26.13万  (厂商指导价 27.29万),续航里程,323km,购入用途,购物,接送小孩,爱车简评,由于限号的原因一直想买一台新能源汽车，一来出行方便，二来比较节省,爱车评价,[最满意],整车各种配置都比较齐全，要说最满意的还是外观，过目不忘的视觉体验，让人第一眼就爱上它。,[不满意],最不满意的是续航，北方冬季续航会打折，长途用车的时候要提前充好电。,[外观],[内饰],外观是最满意的地方，贯穿式镀光前脸很有辨识度，双色轮毂很炫酷，全视野天窗带来好的视觉体验。,内饰很有特点，配色和座椅的纹理很独特，悬浮双屏营造智能的驾驶氛围。,[续航],续航方面，官方数据是555km，快充不到一小时，慢充时间要几个小时，冬天续航会降低一些。,,,[空间],空间非常宽敞，尤其是前排扶手那里设计的很平整，大大增加了前排的空间感，后排坐人之后距前排还有一拳多的距离，收缩自如，后备箱也相当大，可以放心很多东西，实用性非常高,[舒适],[动力],动力表现不俗，电机总功率150kW，配合1档变速箱，最高车速160km/h，起步很快。,[性价比],汽油车现行很不方便，所以选一款电动汽车，上汽大众值得信赖，对比下来ID.4.X最符合。,[操控],操控性很好，智慧导航、智享娱乐、智联控车等非常智能，金属律动踏板，带来全新的驾控体验。,
"
    发表于  2021-05    

            
    
    
",喜欢这款车的座椅，坐进去之后非常舒适，座椅的包裹性非常好，比一些豪华车也不追多让，舒适性还是蛮好的。,https://image1.xcarimg.com/attachments/my/1/89/91/185_120.jpg,xuser1909118,三星会员,4.5,外观,4,内饰,4,续航,5,空间,5,舒适,4,动力,4,操控,5,性价比,5,购入信息,爱车车型,https://newcar.xcar.com.cn/m57615/,2021款ID.4 XPrime 劲能四驱版,购入时间,2021/1/1,购车地点,上海申银汽车服务有限公司 [上海市],裸车价格,26.12万  (厂商指导价 27.29万),续航里程,322km,购入用途,接送小孩,自驾游,爱车简评,汽油车现行很不方便，所以选一款电动汽车，上汽大众值得信赖，对比下来ID.4.X最符合。,爱车评价,[最满意],最满意的是外形设计。低调沉稳大气，适合公务人员使用，不张扬。,[不满意],最不满意的是车子内饰，有些气味，需要开窗通风或者加竹炭包进行吸附，可能用一段时间会好一些。,[外观],[内饰],我比较喜欢这款车的外观，从侧面看上去线条非常优美，尤其喜欢它的轮毅，像一朵梅花一样，五瓣非常漂亮。,这款车的内饰不得不提的是它的颜色搭配，座椅采用了黑色和浅蓝色搭配，有一种小清新的感觉，做进去有一点淡淡恬静的味道。,[续航],续航里程555千米，在电动汽车里面算是非常高的。对于日常的使用来说足够，短距离的出差旅行也没有问题的。,,,[空间],虽然这是一款紧凑级别的SUV，但是它的轴距达到了2765，算是非常宽敞的了。坐进去之后，膝部、空间和头部空间都比较宽敞。另外还有后备箱，后备箱也非常大，不错的选择。,[舒适],[动力],动力方面，这款车也不错，150千瓦的功率还是蛮强大的，对于这样一款两吨一的汽车来说，动力是够用了。,[性价比],之所以选择上汽大众ID4X，首先是看中了他帅气的外表，还有125千瓦的动力也满足了我日常生活的需求。选车没有最好，只有适合自己的。,[操控],操控方面，这款车配备了前后雷达、倒车影像、倒车车侧预警系统，还可以选装全速自适应巡航，操控的体验还是不错的。,
"
    发表于  2021-05    

            
    
    
",座椅感觉设计的很好，看上去比较宽大，在紧凑型suv算是很有优势的，而且坐上去软硬适中，整体乘坐驾驶都是很舒适的，长时间乘坐也不会感觉累。,https://image1.xcarimg.com/attachments/my/1/89/91/046_120.jpg,xuser1909104,三星会员,4.5,外观,4,内饰,4,续航,5,空间,4,舒适,5,动力,5,操控,5,性价比,4,购入信息,爱车车型,https://newcar.xcar.com.cn/m57615/,2021款ID.4 XPrime 劲能四驱版,购入时间,2021/1/1,购车地点,北京上汽首创汽车销售有限责任公司 [北京市],裸车价格,26.11万  (厂商指导价 27.29万),续航里程,320km,购入用途,接送小孩,自驾游,爱车简评,外观设计时尚有科技感，内饰做工精致，车内空间充足，带家人外出旅行很方便，很符合我的需求，所以我选择把它带回家。,爱车评价,[最满意],第一眼对它钟情肯定是它的颜值，毕竟选车第一眼首先会看到它的外观然后内饰，再然后就是发动机啊，驾驶感受这类的。,[不满意],刹车有些失望，这车搭配了后轮鼓刹，看了其他新能源车都是现在主流的碟刹，鼓刹配置有些落伍，希望以后有所改进吧。,[外观],[内饰],车灯设计让我感觉依旧延续了大众家族式的矩阵式大灯，车头整体搭配也很和谐，大角度的D柱加上车顶的搭配，整体的溜背式轿跑suv的造型就出来了，车尾的是上窄下宽的设计，层次感分明，新鲜感十足。,内饰感觉没什么特别新奇的，大部分都是黑色布局，看上去用料一般，和其他大众车差不多硬塑料比较多一些，搭配的显示屏尺寸很一般，不是特别大的尺寸，对比我对这个要求我不是很高，电子手刹设计的很独特，超出了传统思维，居然在仪表盘屏幕旁边，这个设计很新颖。,[续航],续航里程表现我感觉还是不错的，用过一次快充，半小时就充了大概80%的点，慢充一般就在六到八小时就可以，冬天耗电量略有电大，不过不影响我居家代步使用。,,,[空间],空间说起来定义为紧凑型不为过，我1.75的身高，前后排乘坐空间都比较有余量，后排乘坐大概还有两拳距离，完全满足我的需求，毕竟我家人的身高和我都差不多。,[舒适],[动力],新能源车和汽油车相比较而言，虽然目前充电桩还不是那么广泛，到是确实动力速度反应很快，不管深踩还是轻点，都会积极响应到。,[性价比],一直纠结要不要买辆新能源车呢，现在新能源车的火爆程度，让我逐步动心，看了比亚迪唐，黑科技很火的小鹏汽车和哪吒汽车，最后还是选择了大众的1d4，毕竟在中国市场销量和售后网点居多，技术成熟，想必新推出来的ID4也不会让我失望。,[操控],大众车的底盘调教相当扎实稳重，当然新能源车也不例外，传承了大众的质感，对路面信息传递也很及时到位，我一般开车比较快，总能体验到很强的推背感，这也是我最满意的地方。,
"
    发表于  2021-05    

      
        
    
    
",座椅很舒服，就是高速上会有点风噪，还是挺明显的。,https://image1.xcarimg.com/attachments/my/0/31/05/928_120.jpg,wyzcfv8,新手上路,4.75,外观,5,内饰,4,续航,5,空间,5,舒适,4,动力,5,操控,5,性价比,5,购入信息,爱车车型,https://newcar.xcar.com.cn/m57615/,2021款ID.4 XPrime 劲能四驱版,购入时间,2021/3/1,购车地点, [上海市],裸车价格,23.99万  (厂商指导价 27.29万),续航里程,550km,购入用途,上班,购物,爱车简评,动力必须满分我跑了山路跟高速还有日常城市道路动力都非常可以毕竟配置在这放的。,爱车评价,[最满意],车子大气省钱加速棒满足复杂路段高速操控稳,[不满意],内饰有点过于简单，而且高速会有些风噪，还是很明显的。,[外观],[内饰],"当时一眼就相中了id4的外观外观必须满分,车灯够有料，科技感简单大气，黑色更是显出这车的霸气。",内饰的质量还是可以的，仔细看还是有科技感的，不过就是过于简单了。要是更加年轻一点就更好了。,,,,,[空间],空间很大，很符合我的要求。我老婆坐副驾感受也挺舒服。后备箱也是很大，拉货都不成问题。,[舒适],,,[性价比],新能源本来就是省钱的，相对于燃油车，而且国家还给补助，日常代步什么的就更经济了，就是充电桩能普及点就更好了。,[操控],操控比较满意吧现在各种的辅助驾驶该有的都有跑高速也不飘,
"
    发表于  2021-04    

      
        
    
    
",纯电动底盘设计的优点，整体稳重，颠簸小，重心低，车厢安静。车内空气净化，车厢里灯光柔和，在车厢里很舒服的感觉。,https://image1.xcarimg.com/attachments/my/0/30/71/328_120.jpg,EMEI8020b,新手上路,4.63,外观,4,内饰,5,续航,5,空间,5,舒适,5,动力,4,操控,5,性价比,4,购入信息,爱车车型,https://newcar.xcar.com.cn/m58891/,2021款ID.4 XPure+ 纯净长续航版,购入时间,2021/3/1,购车地点, [湖南省],裸车价格,23.58万  (厂商指导价 21.99万),续航里程,600km,购入用途,上班,接送小孩,爱车简评,很值了，不给满星是不知道后面会不会出来更强的竞争者。价格不错，后面维护保养成本主要只是轮胎了。,爱车评价,[最满意],空间宽敞，定义在紧凑级，实际很舒服，比某些号称中型的还舒服。不论前排还是后排，空间都宽敞。适合一家人的车，接送小孩，上下班开车都合适。整体感觉不错，车厢内做工很好，灯光柔和，空气净化，不好说有什么特殊的点，但就是总体很舒适。车子操控灵活，转弯半径不算大。动力很实在，310牛米非常靠谱，超车轻松。足够秒汽油车的动力。开在路上挺稳的，减震不错，重心低过弯稳定。有车道保持和主动刹车，灯语系统是这车的一个亮点吧，挺好玩的，提示效果很好。光语系统也和导航配合，提示转弯等信息。倒库有足够多的探头保护，看来不用操心撞到东西了。太靠近危险会主动刹车。前排座椅有按摩功能，腰部调节，座椅材质舒服。电池容量实在，电车一大优点就是等人的时候不用纠结要不要熄火，空调开着舒服就是了。开车接送孩子每天等人开空调时间较多，功耗平均到20度电百公里，还是很满意的。燃油车没法这样舒适安静的开空调等人。后备箱空间不小，目前还没用到。,[不满意],"车机软件不可靠，导航时黑屏重启。车联网不可靠，几天掉线两次，还有说法是大众的服务器端出了问题。手机端软件功能较弱，功能比特斯拉的软件差。老牌车企能做好车，软件水品看来和新能源车行业老大还有差距.开机登录语音提示太难听，就不能换个志玲姐姐声音？后排座椅角度好像不可调，或者我还没找到调节方法？大众的配置有些抠门，没配后视镜倒车下翻，这种没成本的功能都舍不得送。车上usb充电口都是typec,还不送usb线。手机无线充电器只有5W。还有从之家参数表看没配下坡辅助，实际倒车上坡时油门踩的轻了会往前溜。",[外观],[内饰],其实本人不是外观控，这车看着不错吧，车漆挺亮的。如果一定要问本人喜欢的的外观，那得是奔驰大G的四四方方。总的来说，这车如果更高一点我会更喜欢。,仪表台手感不错，座椅也舒服，具体啥材质不懂。略有点担心这舒适的座椅是不是好清洁？毕竟本人是要管俩娃的司机兼保姆兼清洁工。,,,,,[空间],空间宽敞，前后排高度差不多，1米8乘坐不挤。,[舒适],[动力],310扭矩推2.1吨车身看上去不是很高的参数，实际上推力远高于汽油车，电动机的参数很实在，也没有变档，实实在在的推力输出，路上超车很轻松。虽然不能和那些双电机野兽比，但是在路上超汽油车太轻松了。,,,[操控],转弯半径不算大，操控灵活，主动刹车和车道保持增加了高速上的安全性。,展开全部
"
    发表于  2021-04    

      
        
    
    
",挺好的，就是后排座椅靠背有点正。空调：夏天也可以在车里午休啦,https://image1.xcarimg.com/attachments/my/0/30/71/319_120.jpg,travellerdfi,新手上路,4.38,外观,5,内饰,4,续航,5,空间,4,舒适,4,动力,4,操控,4,性价比,5,购入信息,爱车车型,https://newcar.xcar.com.cn/m51651/,2021款ID.4 X1st Edition ID.初见版,购入时间,2021/4/1,购车地点, [福建省],裸车价格,23.59万  (厂商指导价 23.59万),续航里程,555km,购入用途,上班,,爱车简评,方向盘指向精准，力度适中，除了车身原因无法单手倒车，其他使用无压力。底盘很稳，重心略高，过弯和变道动作干脆平稳。离地间隙目测20多厘米，轮胎四角顶置，通过性应该不错。,爱车评价,[最满意],1.转向调头半径小。在山路上，十字路口，林荫小道调头毫无压力，三个车道一把过，堪比小车高尔夫，挥一挥衣袖轻轻调头如此丝滑。2.车内空间大。小块头有大容量，实际乘坐空间与途观L、CRV相近，身高178后排膝部余量两拳?。地面全平，空间不压抑。3.车身坚固安全感强。meb平台专线打造，全车热成型钢比例高，AB柱强度给力，同时注重电池防燃爆技术。安全是一票否决的购车底线。4.驾驶感受稳健。加速灵敏随踩随有，不毛躁不窜车，超车无压力。底盘紧致，转向稳重(车是真重2120KG），加上座椅的厚实舒适，既能有效减震又将路感真实传递。方向盘也是一如既往的大众风格，力度适中可以单手驾车。5.续航真实。实测综合路况2人，不开空调电耗是15Kwh/100km，开空调是17，保守按照全车电池容量80Kwh计算，南方地区综合续航500Km左右。6.iq.light真香。迎宾灯光，3Dled尾灯组，想低调都难。调整到Auto模式后就忘了它吧，因为它能在各种场景智能照亮你的前路，让id4X成为夜空中最亮的?，你要相信光！7.更多惊喜。20寸自修复轮胎、全景天幕、滑控天幕帘、超细纤维绒面座椅等……8.福州大学城元泽4S的游总和小官服务各种热情，免费蹭电，初见版车主权益……?????♂?买单！,[不满意],1.后排座椅角度太直，头枕有些突出，长途乘坐有些费腰。2.初见版无法加装L2驾驶辅助，希望以后能够改装。3.20多万的中配型号没有后视镜自动折叠？！4.内饰做工虽然精细，但塑料感较强。,[外观],[内饰],个人感觉是村里最靓的仔！车灯设计：炯炯有神的大电眼。,做工精细但用料一般，当然也没有异味。多媒体车机：语音交互挺人性化，但是基本告别智能辅助驾驶，希望以后能够升级！,,,,,[空间],乘坐空间：身高178cm，后排膝部空余两拳三指。空间与modelY、没有地面凸起的途观L相近。储物空间：全车储物空间丰富，但是小槽点是驾驶位左手边的证件箱储物空间没啦,[舒适],[动力],加速表现：山路爬坡和加速超车都比较稳健，动力充足，加减速无不适感，超车无压力。动力平顺性：B档动能回收能很快适应，刹车有信心。D档位刹车有点软。,[性价比],自我感觉挺值，但保不齐是不是韭菜呢,,,展开全部
"
    发表于  2021-04    

      
        
    
    
",首先大众ID.4X的座椅很舒服，填充物比较饱满，然后就是悬架的设计够舒服的，在高速的减速带上都没有什么颠簸的感觉，加上没有发动机的轰鸣声，这车子用起来简直就是一种享受了。,https://image1.xcarimg.com/attachments/my/0/30/71/325_120.jpg,chenxucx5,新手上路,5,外观,5,内饰,5,续航,5,空间,5,舒适,5,动力,5,操控,5,性价比,5,购入信息,爱车车型,https://newcar.xcar.com.cn/m58890/,2021款ID.4 XPro 极智长续航版,购入时间,2021/3/1,购车地点, [浙江省],裸车价格,23.59万  (厂商指导价 23.59万),续航里程,600km,购入用途,上班,购物,爱车简评,这大众ID.4X的价格还可以接受，毕竟配置在这摆着呢，性能不差，质保期也长，商用或者日常代步使用都很合适。,爱车评价,[最满意],最满意的就是大众ID.4X的品牌和造型了，我承认我就是一个外貌协会的人，比较注重颜值造型，车子用来陪衬自己的，更得需要很时尚的个性，大众的品牌无需多虑，只要考察一下车子的配置和颜值对不对自己的胃口就行了，这车子入手了，那就肯定是很符合我的用车标准了，个性的前脸，秀气的后尾，双摇的线条都那么的流畅，爱不释手的每一天，有车子的日子就是很骄傲。,[不满意],这车子的耗电水准有点偏高啊，一直以为电车子不用油耗肯定就是省钱了，但是这充电还是挺麻烦的，而且大众ID.4X的电耗是百公里都快18个千瓦时了，虽然也是花不了多少钱，但是在同等的充电车子里面算是比较费电的车子了，最好自己在家安装个充电桩。,[外观],[内饰],颜值这块都不需要多说，时尚、运动、个性都能在大众ID.4X身上看到，属于年轻人的车子，就选这个准没错，好几个朋友看到我的新车以后都羡慕的不行呢，这辨识度很高了。,内饰的质感比较精致，规规矩矩的看着不腻，不太喜欢那种花里胡哨的内涵，讲究简洁大方最得体，中控的触摸屏比较棒，充满智能化，座椅的颜色搭配很有层次感，中间缝合线都那么的规矩。,,,,,[空间],这车子空间挺大的，前排不用多说了，就那后排坐我这个178的大个子还能翘个二郎腿呢，头顶有十多公分的距离，后备箱的容积很宽敞，远行不用担心装不下行李。,[舒适],[动力],大众ID.4X起步很快，速度响应比较积极，城区里面随便开了，反正堵车或者等红绿灯也不用着急了，高速上面试验过，一脚油门能有推背感，从起步到100多迈也就是八秒左右了，这行动力很利落啦。,,,[操控],多功能的方向盘没有虚位，指向还很精准，按键码放整齐，开车的时候比较容易操控，电子辅助上坡，还有底盘够稳当的，档位切换没有丝毫顿挫，轮胎的抓地感也好，碰到下雨天，速度不减一样不会让车子发飘。,展开全部
"
    发表于  2021-04    

      
        
    
    
",德系地盘的感觉很明显不算太硬但也没有很强的舒适表现,https://image1.xcarimg.com/attachments/my/0/30/71/329_120.jpg,九个太阳bqr,新手上路,4.75,外观,5,内饰,5,续航,5,空间,5,舒适,4,动力,5,操控,5,性价比,4,购入信息,爱车车型,https://newcar.xcar.com.cn/m58892/,2021款ID.4 XPure 纯净版,购入时间,2021/3/1,购车地点, [湖北省],裸车价格,23.58万  (厂商指导价 19.99万),续航里程,600km,购入用途,自驾游,,爱车简评,方向表现很精准无空位横向对比：后驱操控很有信心底盘及悬架：支撑不算柔和但整体性强得益于电池组,爱车评价,[最满意],我们一直所纠结的是囚禁自己思维方式并非担忧技术的问题和市场反馈的口碑这是新的一次汽车工业大变革比起之前的涡轮时代这次的新能源时代来的悄无声息更让我们措手不及科技领先程度也比我们想象中的更强大本以为会像选择前那样纠结充电方式担忧续驶里程但真正选择了后才会发现之前的无知静谧的驾驶感受优雅从容的路况应对终于感觉把人、车、生活紧密的联系在一起只有脱离了石油和空气才会觉得现代生活的先进之处打破常规的传统驾驶流程和科技的碰撞从此驾驶成为一种新型的乐趣,[不满意],要说到不满意的地方吧可能还是现在我们所有人的一个传统思想观念还没有达到就是去直接接受那个科技的产品，所以好多地方的细节配置还是依然沿用了燃油车的固有的设置,[外观],[内饰],很科幻的设计风格回头率超高车灯设计：矩阵大灯矩阵大灯矩阵大灯,简单的搭调多处悬浮设计不错主要还是30色氛围灯性感,,,,,[空间],乘坐空间：我身高180后排腿部一圈电池缘故吧没有底板梁比较平整,[舒适],[动力],起步特别猛比常规车型响应更快动力平顺性：丝滑的感觉加速表现：不是地板油开法但反应相当快,[性价比],预算B级主流车型的价格倒不是性价比的比较主要是要适应一个新的时代,,,展开全部
"
    发表于  2021-04    

      
        
    
    
",座椅按摩很爽。如果有座椅通风就好了。座椅也够软。双拼搭配。不知道超级纤维耐不耐脏。不是四门无钥匙进入，只有前门两个。,https://image1.xcarimg.com/attachments/my/0/30/71/324_120.jpg,babyzzao04,新手上路,3.88,外观,4,内饰,3,续航,5,空间,4,舒适,4,动力,4,操控,4,性价比,3,购入信息,爱车车型,https://newcar.xcar.com.cn/m57615/,2021款ID.4 XPrime 劲能四驱版,购入时间,2021/3/1,购车地点, [河南省],裸车价格,23.5万  (厂商指导价 27.29万),续航里程,600km,购入用途,上班,购物,爱车简评,不算便宜。也不算贵。并不想买特斯拉。所以选择了这个。早买早享受晚买有折扣。车及系统改善后就很好了，总体来说瑕不掩瑜。,爱车评价,[最满意],安静。堪比50万以上级别，噪音抑制不错行驶质感很好，操纵感很强。舒适。上下班每天120公里座椅按摩很好用。大小适中。动力平顺。,[不满意],1车机系统有待完善。基本上每周有24小时不能联网。不能登录账户。上汽大众后台问题。2导航感觉没有手机上的高德规划路线智能。3储物空间略少。最传统的obd接口上方手扣储物空间取消了。行驶证没有地方放。大众传统的卡槽也取消了。,[外观],[内饰],比较不传统的一台大众。很有新意。晚上灯光很酷炫。大小适中。,没有传统的物理按键。触摸加力回馈系统。谈不上好或者不好。操作音量时容易误触双闪按键。空调，音量按键没有悲背光灯！！多媒体车机：最要吐槽的一点1每周总会断网一次2充满电后有一次显示故障，半小时10公里后好了3屏幕行驶一小时后发热严重,,,,,[空间],95%的时间是自己开车。考虑过7座。看了很多车。q7xt6理想塞纳m8等等。认真考虑过后还是觉得自己开一个7坐车过于突兀。二胎家庭。全家出动也没太大问题。空间设计还算合理。乘坐空间：中规中矩。后排坐三个180150斤的大老爷们略显局促。总体符合出行需求。中间杯架下面的出库空间很尴尬，不知道该放什么储物空间：缺少小杂物的储藏空间。行驶证洗车卡等没地方放。后备箱很规整。空间合理,[舒适],[动力],不飙车。对速度没要求。能开到120上高速就好。动力平顺性：D档很平顺。不像电动车。B档就比较像传统电车开起来的感觉跑高速：天天通过高速通勤。动力没有压力。120巡航没有压力,,,[操控],方向盘比较沉。很大众车道偏离辅助做的不错。比宝马的柔和。操纵感很强。,展开全部
