publish,标题,图片,名称,名称1,评分,评分2,评分3,评分4,评分5,评分6,评分7,评分8,评分9,评分10,评分11,评分12,评分13,评分14,评分15,评分16,评分17,标题18,信息,信息19,信息20,信息21,信息22,信息23,信息24,信息25,信息26,标题27,purpose,purpose28,标题29,jia_text,信息30,dw_22,dw_2231,dw_23,dw_2332,dw_1,dw_133,dw_2,dw_234,dw_5,dw_3,dw_335,dw_4,dw_436,dw_6,dw_637,dw_7,dw_738,dw_8,dw_839,openall
"
    发表于  2021-06    

      
        
    
    
",目前的综合能耗是25.0每百公里一次冲电20块钱 左右真的很节能,https://image1.xcarimg.com/attachments/my/1/90/32/854_120.jpg,xuser1913285,三星会员,4.63,外观,4,内饰,5,续航,5,空间,4,舒适,4,动力,5,操控,5,性价比,5,购入信息,爱车车型,购入时间,2021/4/1,购车地点, [辽宁省],裸车价格,20.3万  (厂商指导价 22.98万),续航里程,330km,购入用途,购物,接送小孩,爱车简评,之前主要开奥德赛和Q50L，家里也有BBA。MARVELR是用奥德赛置换的。我购车的时候就明确我一定要买一台智能电动车。最早关注的是Model3，后面也有考虑ES6，都试驾过。,爱车评价,[最满意],我满意的当然是这款车环保，行驶质感好，安静舒适，用上了就不想开油车了，但是电车还不能解决快充问题，现在只有MARVELR最香了,[不满意],最不满意的是起步有点肉，要深踩油门，还有就是减震有些太硬，但还是能够接受,[外观],这款车的外观设计十分漂亮，整车看起来大气稳重，特别是前脸的设计很独特，很有个性符合我的个人审美。,[内饰],内饰非常不错，个人坐进去，就像坐着船舱-样，给人一种安全感。能摸到的地方都是软性材料，很细腻，方向盘握着手感也不错。新车也基本没什么味道，尤其是家里有孩子的，这-点做的很不错。,[续航],[空间],这么大的车，间不用说，不论哪一排坐着都非常宽敞，座椅的角度还可以调节，储物空间也够用。,[舒适],隔音效果一般，但座椅的舒适性非常好，包裹性也很强，减震效果挺好，车内空调制冷迅速。,[动力],动力一般，毕竞车很大，起步的时候推背感没有那么强，在市区开足够了，超车提速都很顺手,[操控],未试驾过MARVELR之前，我是有点担忧的，毕竟是一台5米长，2.3吨的车。但是如果你驾驶的话会发现MARVELR很容易开，方向盘很轻，油门反应也很快。我选动力运动，转向舒适。这个请你去亲身试驾。,[性价比],自从有了二胎以后，家里的需求突然增多，我就想买个7座的大空间大车，看了很多款车；最后选择了MARVELR，个人我觉得这款车是二孩家庭必备的，而且价格比较便宜，全系高配，做工用料都很实在，空间油耗更是没的说,展开全部
"
    发表于  2021-06    

      
        
    
    
",我目前开到现在，就加了一箱油，长途油耗8.8表显，市区-直用纯电，电耗在17-20之间徘徊。,https://image1.xcarimg.com/attachments/my/1/90/32/842_120.jpg,xuser1913284,三星会员,4.63,外观,4,内饰,5,续航,5,空间,5,舒适,4,动力,4,操控,5,性价比,5,购入信息,爱车车型,购入时间,2021/4/1,购车地点, [西藏省],裸车价格,20.29万  (厂商指导价 22.98万),续航里程,329km,购入用途,接送小孩,自驾游,爱车简评,理由可能比较独特：为降低家人健康安全隐患选了MARVELR-没有使用沥青阻尼垫，车内其它材料也很环保，和沃尔沃有得比，但沃尔沃的价格变动幅度太大，销售给人一种不靠谱的感觉,爱车评价,[最满意],1、空间大，乘坐和驾驶都非常舒服。2、驱动模式，纯电动车的驾驶感受，又不像纯电那样有突兀的一冲一冲的感觉，家里人坐我的eu260都有晕车感觉，MARVELR对于乘客乘坐感受很友好。3、突出一个“新”，新造车，新能源，新科技。4、配置不低，用料实在。虽不是同行业里面最好的，相对于这个车价配这个配置已经很好了。5、性价比。看过很多车，byd唐dm，荣威漫威，蔚来es6。从各方面对比后，个人觉得MARVELR性价比还是不错。,[不满意],在用车中还是会碰到一些bug，是软件上的，不影响车子使用，比如MARVELR同学有时罢工不能唤醒，信号网络在有些地方连接不畅。,[外观],中庸，但不平凡，大进气格栅很霸气，独有的星环灯，很有B格。车大气却不张扬。外观感受：最最最吸弓的就是星环灯设计，尤其是在夜晚，去露天停车场拿车，这一解锁，所有的目光都会被吸引过来,[内饰],内饰用料很足，很多人说国产车就是堆配置，那我想说，进口车和合资车为什么不堆？说明国产车还是良心车，没有国产车，桑塔纳还是20万。,[续航],[空间],驾驶座有小憩功能，二排可以各种葛优躺，三排座椅放下就是孩子的活动天地后备厢容积：即使三排坐人，后备箱也是足够用，放两个18时的箱子是足够的。车内储物能力：这是唯一不够的，是减分项，不过可以留给自己更多DIY空间家人乘坐评价：开车垢，这是家人入睡最快的一辆车，哈哈哈。,[舒适],舒适性还是不错的，前面说了，因为车子大，空间好，所以乘坐的舒适性不言而喻。,[动力],只要不是在赛道上，动力足够。起步线性，高速上100-120也是杠杠滴。日常加速动力：不肉，深踩就有，有时往往已经超速了自己却还知道。动力平顺性：起步平顺，没有电车起步的眩晕感，对乘客体感很友好。,[操控],2吨多的车子，开起来却不笨重，停车时候有点略感冒汗，不怪车，实在是现在停车环境不好。自动泊车入位：这个自动泊车我还未试出来，听说后期OTA会解决车位识别率，很期待。车道保持辅助系统：adas非常好用，对于驾驶员长途驾车很大帮助，会轻松不少，减少司机疲劳驾驶的概率。,[性价比],此车为增购车，家里已经有一台续航260km的纯电车。MARVELR符合个人家庭用车的需求，六座又是新能源，且可以短途用电，长途可以用油。,展开全部
"
    发表于  2021-06    

      
        
    
    
",能耗说实在的，这么大这么重的车，这能耗挺可以的了，但是可能是冬天的缘故，与之前宣传的有些差别，内心还是有落差的,https://image1.xcarimg.com/attachments/my/1/90/32/836_120.jpg,xuser1913283,三星会员,4.63,外观,5,内饰,4,续航,4,空间,4,舒适,5,动力,5,操控,5,性价比,5,购入信息,爱车车型,购入时间,2021/4/1,购车地点, [青海省],裸车价格,20.28万  (厂商指导价 22.98万),续航里程,328km,购入用途,接送小孩,自驾游,爱车简评,外观够帅、空间够大、内饰够靓、功能够强、动力够用、声够静、价格够低、服务够好。平日上下班，家充用电，每公里成本六七分钱；偶尔跑长途高速，也不用有里程焦虑；,爱车评价,[最满意],之前没长时间开过电动车，发现电动车加速真的快，胆超安静，超车就是迅雷不及掩耳，的。且辅助驾驶很香，重新定义了驾驶的感觉，不再是枯燥乏味的踩油门门，给朋友演示的时候也从不掉链子，装b与实用共存！,[不满意],没有HUD，选装都不行，为啥不能有呢，我觉得用习惯了还是挺喜欢的。理想同学有的时候总抽风，感觉需要优化！尤其车刚启动的时候，基本上就是爱搭不理。给坐上车的朋友演示的时候，提心吊胆生怕它掉链子，赶紧优化优化吧！,[外观],四个大屏、科技感强；皮包裹，有豪华感；智能车，可OTA，可成长的车；新车没有任何异味，没有任何异响。,[内饰],内饰还是有提升空间的，全镀包裹，但我还是喜欢一些缟层次的设计感，营造车内豪华氛围，这内饰只能算中规中矩。,[续航],[空间],空间很好，尤其是第二排如果第三排不坐人，第二排简直豪华商务座椅。同时第三排如果坐成年人都是可以的。这点很优秀,[舒适],舒适性完全满足，看app里有吐槽，座椅太硬的，我倒没那么强烈的感觉，可能和我总开车坐的少有关系。,[动力],寻求强劲动力的朋友最好家里能装充电桩，电篇与电量低时，动动差距挺明显的。,[操控],操控没问题，就是自动泊车入位不知道为啥识别率不是太高，可能我还没研究明白。,[性价比],OTA是吸引我的一大原因，子远在升级在进化，我就觉得特别棒，哪里不满意的地方或者是缺陷，只要不是硬件方面的，基本都可以解决。外形大气，内部空间也不小，开了它就不愿意开别的了！,展开全部
"
    发表于  2021-06    

      
        
    
    
",到现在没超过十个油，驾驶习惯都在国外练出来的。一晚上三十块不到的电费开个百来公里，真便宜,https://image1.xcarimg.com/attachments/my/1/90/32/829_120.jpg,xuser1913282,三星会员,4.75,外观,5,内饰,5,续航,4,空间,5,舒适,5,动力,4,操控,5,性价比,5,购入信息,爱车车型,购入时间,2021/4/1,购车地点, [湖南省],裸车价格,20.27万  (厂商指导价 22.98万),续航里程,327km,购入用途,购物,接送小孩,爱车简评,那太多了，这款车出来1年了首次看到实车，试驾半小时当场拿下。主要吸引人的地方就是空间大，三胎六座的需求简直了。动力和续航方面足够用，可油可电非常完美。还有娱乐和音质方面不敢说有多好,爱车评价,[最满意],之前都在网上看看，国庆假期终于在宁波店见到实车了！！贼激动！车子的空间和智能感是我最满意的，四块大屏幕！六座！出去玩正好坐一群兄弟哈哈哈,[不满意],开了二十来天，天天开，省内到处跑，跑山、过弯、超车.…基本没啥不满意的，网评座椅硬，年轻的我腰好！！,[外观],星环灯很挑眼，开着我的babyblue，经常会有女孩子过来问我。。看中副驾驶能放电影呗，20寸的黑轮毂运动感很强，配起来是真的帅,[内饰],氛围灯忽略不计，屏幕很香，一个按键都没有，阅读灯都是触摸的，之前的车白内饰能把我洗吐，黑内饰灰尘一多就很明显，内饰颜色选择有点少，棕色无奈之选。。。昔响昔质一般般，要是还能送爱奇艺会员就美滋滋。门板需要装电吸门，又怕拆不好会有异响。。不敢动,[续航],[空间],我的体型就适合大车，做为一款中大型SUVMARVELR的身材我是很满意的，我一个单身狗本来就没啥东西，储物空间对我来说刚好够用，最后一排放倒能装好几个行李箱，一家三口出门也是我开车,[舒适],新车味道不大，胎噪也能接受的，米其林的轮胎还是可以的，毕竟贵啊。。玻璃隔音性不错，很满意，头枕舒服的，标配三个。。主驾空调调节可以做到盲操，人性化加分。家里有老人的话建议装踏板，车还是挺高的,[动力],百公里加速6.5S，电动车提速就是快，超车没毛病，油门一踩很快就破百了，作为SUV咱们不讲提速，应该说越野性，还没尝试过越野脱困，有机会试试，我的小黄基本都不开了，要烂在家里了,[操控],方向盘轻重可以调，市区轻一点开着舒服，自动泊车挺鸡肋，还经常识别不出来，还不如自己打几把方向来的快。。辅助驾驶好用，360度过弯亲身实测完全OK,[性价比],我的购车需求就是六座，SUV，四驱，因在用车君越旗舰配置很高，所以对各方面配置也有很高的要求，原本一直中意凯迪拉克XT6四驱高配，从刚上市就开始关注，无奈深知此车降价幅度大，一直等待合适的机会出手，或者干脆买辆公里数不多的二手XT6，直到发现身边有人买了这辆车，看遍了所有网上的评论和各种评测视频，最终决定出手，不得不说是真香，也许它并不完美，但是请你告诉我这个价位，我的需求还有哪个车能满足，恐怕差距也不是一般的大吧？特斯拉真的好，蔚来ES8也不差，但哪怕它电池先进到1000公里我也还是有里程焦虑，长途在外充电桩的普及度还需要时间发晨，我也总不能跑长途总是去充电桩一蹲个把点吧，而MARVELR在这种不多的长途跋涉中加油就跑！,展开全部
"
    发表于  2021-06    

      
        
    
    
",我跑了3000多公里的长途油耗表现，油耗是8.4升，就算一加医生9.4升，我也非常满意，如果在市区全部用电的话，基本上就很省钱了,https://image1.xcarimg.com/attachments/my/1/86/11/724_120.jpg,gh1601261958,用户被禁止发言,4.38,外观,4,内饰,4,续航,4,空间,4,舒适,5,动力,4,操控,5,性价比,5,购入信息,爱车车型,购入时间,2021/4/1,购车地点, [湖北省],裸车价格,20.26万  (厂商指导价 22.98万),续航里程,326km,购入用途,接送小孩,跑长途,爱车简评,喜欢带着家人一起去浪装的东西多，媳妇喜欢坐着安静舒服，没味道，深圳科技男喜欢3C电子对车也要求必须符合现代智能系统好用，能不断升级优化的特点,爱车评价,[最满意],最让我满意的地方就是在于他的空间设计方面了，真的让人眼前一亮，设计师的大胆创新也使得这辆车能够在同价位之中立于不败之地，我也是真的特别的喜欢。还有就是他的外观设计了，科技感满满，充满了未来风格。,[不满意],这辆车让我觉得最大的诟病的话，就是在于它的操作模式并不是特别的简明，对于一些新手来说的话上手是比较难的，没有一定的理解或者操纵经验的话，对新手来说确实是不太友好的。,[外观],外观设计科技感满满在搭配低调的车漆是真的特别的帅气。,[内饰],内饰我也是真的特别的喜欢，没有一点的塑料感，我感觉对得起这个价格。,[续航],[空间],空间构造方面绝对是他的点睛之笔，让整辆车的空间配置在同价位中绝对是顶尖的存在。,[舒适],车开起来是真的特别的舒服，发动机的噪音非常的小，电机噪音也是很小的，驾驶体验极佳。,[动力],动力方面绝对是充足的，我一家人出行完全没有任何压力，超车和爬坡都很轻松。,[操控],多种的操纵模式确实会让新手摸不着头脑，需要一定的技巧和熟练度才能去开好这辆车。,[性价比],讲真，当初我是想买沃尔沃系列的SUV，作为我的家用车的，因为我对空间方面的要求还是比较高的，所以选了很多都是不太满意，后面朋友给我介绍这辆MARVELR，说这辆车的空间设计配置绝对满足我的要求，我当初也是就着半信半疑的态度去4S店试驾了这辆车，果真他的空间是真的特别的宽敬，相较于同价位的SUV来说，这辆车的空间配置绝对是顶尖的存在，乘坐空间和储物空间都是非常充足的，再加上外观设计我也特别的喜欢，价格也是比较满意的，就拿下这辆车。,展开全部
"
    发表于  2021-06    

      
        
    
    
",暂时只跑了不到1000公里，我平时上下班纯电开得多，差不多开120公里就得充电。,https://image1.xcarimg.com/attachments/my/1/90/32/819_120.jpg,xuser1913281,三星会员,4.38,外观,4,内饰,4,续航,4,空间,5,舒适,4,动力,5,操控,4,性价比,5,购入信息,爱车车型,购入时间,2021/3/1,购车地点, [江西省],裸车价格,20.25万  (厂商指导价 22.98万),续航里程,325km,购入用途,购物,接送小孩,爱车简评,MARVELR是我买的第5台车，开过很多百万级豪华车，我对车的体验敏感性是很强的，所以我讲的可能比较详细。前面买过福克斯，蒙迪欧，名爵6，英菲尼迪Q50L，买MARVELR这个车的时候已经定了XC90。,爱车评价,[最满意],电车的加速性能和油车的动力从容和谐统一，真是驾驶和乘坐都满意的一台车；空间、车内配置也都符合甚至超越预期；赠送的充电桩装好之后，使用成本相对油车真是约等于不要钱，同时又没有纯电车的续航焦虑，哪儿都能去；作为奶爸车真的很均衡，几乎可以算没有缺点。,[不满意],悬挂很颠，甚至不如h6，有时候下马路牙子时底盘有异响，不知道是刹车还是悬挂的问题。高速各种提示音和警示音让人不爽尤其是娃娃在车上睡觉的时候，这个还不能关（个人比较喜欢凯迪拉克的震腰。电耗高，正常开显示180续航，高速能跑个90公里就不错了。综合120公里是极限不接受任何反驳。然后就是油箱太小，每次加满油满电显示800实际上600不到，出差跑高速要经常进加油站。,[外观],做工挺好的，这个可能是运气。听说有人提车的时候充电盖合得不是很服帖。,[内饰],除了设计感稍微欠缺，用料和实用性真的很满意。整体内饰配色也不错，高级感很足，前排的大屏很有科技感，事实用下来也不错。,[续航],[空间],空间足够，第三排坐170以下的成人毫无局促感，后备箱空间同级别里也算占优势的，很能装。,[舒适],市内通行，关上窗很安静，底盘在快速路上质感很好，坑洼的就没那么舒服了，我全部调成舒适，没开运动模式。高速上符合预期，基本上就是风噪。,[动力],MARVELR最大的优势在于，加速不会突兀，动力回收也不像其他电车那种踩刹车的感觉，很平滑的减速。,[操控],我一直用的运动手感，操控很好。转向很舒服，不输×3更不输XC90。,[性价比],本来想买皓影，结果碰撞成绩大家懂的，后面还想看下CR-V插混，可仔细一想CR-V和皓影不是一回事嘛，再说CR-V插混的配置参数一出来，和MARVELR差得实在有点多，就冒险吃螃蟹了。,展开全部
"
    发表于  2021-06    

      
        
    
    
",这款车续航大概180公里左右吧，没有具体的计算吧，感觉还是非常不错的。,https://image1.xcarimg.com/attachments/my/1/86/08/340_120.jpg,gh1600993949,用户被禁止发言,4.5,外观,5,内饰,4,续航,4,空间,5,舒适,4,动力,5,操控,5,性价比,4,购入信息,爱车车型,购入时间,2021/3/1,购车地点, [安徽省],裸车价格,20.24万  (厂商指导价 22.98万),续航里程,324km,购入用途,接送小孩,自驾游,爱车简评,偶然遥弯到MARVELR汽车的晨厅进去看看，第一印象是就是车还蛮大的，内饰蛮奢华的，只是..它是个电动车，有顾虑，试驾后发现还不错有些种草心痒痒，考虑到5坐车满载真的有些挤，冲动之下换了台新车，俗称奶霸神车。,爱车评价,[最满意],最满意的就是这款车的舒适享受了，内部的空间以及座椅的舒适性都是非常不错的，而且这款车的动力表现的也是非常充沛的。,[不满意],这款车的整体表现还是非常不错的，就是最后排的座椅空间表现的比较一般，而且储物空间设计的比较少。,[外观],外观的造型设计的确实非常的沉稳大气，整个车身的线条比例看上去还是非常协调的，前脸的造型辨识度还是非常高的。,[内饰],中控内饰的整体设计风格我还是比较满意的，做工和用料都不错，而且功能性也特别丰富，就是储物空间设计的不是特别合理。,[续航],[空间],这种类型的车前两排的空间都是非常宽敞的，只不过最后排的空间稍微有一些紧凑，后备箱个储物能力还是不错的。,[舒适],座椅的舒适性我还是很满意的，柔软度和包裹感都特别好，乘坐起来还是非常舒服的，而且这款车的隔音效果做的也是很出色的。,[动力],动力对于我来说是完全能够满足的，这款车的提速表现还是非常强劲的，即使是满载的情况下，动力表现的也是非常充沛的。,[操控],驾驶直管车还是非常轻松的，方向盘的手感还好，指向也特别精准，而且底盘的做工特别扎实，高速驾驶的时候车身的稳定性还是非常不错的。,[性价比],买这款车主要也是因为这款车的颜值不错，外观的造型设计的我特别喜欢，而且作为新能源的车型，这款车算是最令我满意的。,展开全部
"
    发表于  2021-06    

      
        
    
    
",刚提两局，正好赶上冬季，电耗肯定要打折了， 150公里续航，空调加热全开的话，打对折吧，这也在意料之中。,https://image1.xcarimg.com/attachments/my/1/84/88/207_120.jpg,gh1592529053,三星会员,4.38,外观,4,内饰,5,续航,4,空间,5,舒适,4,动力,5,操控,4,性价比,4,购入信息,爱车车型,购入时间,2021/3/1,购车地点, [江苏省],裸车价格,20.23万  (厂商指导价 22.98万),续航里程,323km,购入用途,接送小孩,自驾游,爱车简评,本人的购车意向就是电动汽车，之间也考虑过Model3和ES6，但前者进口价贵且品控差，而后者则预算偏高，所以最终权衡之下选择了MARVELR。,爱车评价,[最满意],颜值十分在线，我觉得开出去的话非常的拉风，而且说实话，之前有开出去，还有贝贝路人问这是什么车子？被别人夸我的车子特别的漂亮，我还是心里很高兴的，回头率非常高,[不满意],就是钢琴烤漆特别容易划伤，虽然说贴了膜就可以解决，但是贴了膜之后，手感又不太好，还有就是这个车门，如果没有点力气的话，就完全关不好，每次都要用力关,[外观],外观就不用谈了，很符合理工男审美，方方正正的，颜色也是没选错，很大气年轻。,[内饰],能摸到的地方基本都NAPA皮，手感一流，T字中控也中规中矩，很唬人哈，用料这块，理想没让人失望。,[续航],[空间],我觉得这个还是挺不错的，不会拥挤，坐在车里感觉很宽松,[舒适],座椅嘛，有些小硬，但坐习惯了还好，据说后排坐着舒服，我只是司机，并没体验过。,[动力],提速很线性，随给随有，并不突兀，动力回收也不错。,[操控],目前来说还算及格，感觉没有大众那种调较舒服，但也并不别扭，可能电子助力不同，有时候有些生硬，并无大碍。,[性价比],当时买车子的时候我也看了很多车子，对比了一下，我觉得非常符合我条件的，就是这款MARVELR，当时虽然没有，马上定下来，但是回去考虑了一下，我觉得买车要买个自己适合的，最后还是决定买它,展开全部
"
    发表于  2021-06    

      
        
    
    
",我目前的能耗是比较低的，是完全可以养得起的，现在就差不多每公里0.3元左右吧，这还是我没有在家里安装充电桩的情况下，如果在家里自己安了充电桩以后，我感觉会更便宜一些，养车成本非常低。,https://image1.xcarimg.com/attachments/my/1/87/31/282_120.jpg,gh1608622865,三星会员,4.5,外观,4,内饰,5,续航,4,空间,5,舒适,4,动力,4,操控,5,性价比,5,购入信息,爱车车型,购入时间,2021/3/1,购车地点, [浙江省],裸车价格,20.22万  (厂商指导价 22.98万),续航里程,322km,购入用途,购物,接送小孩,爱车简评,我满意的当然是这款车环保，行驶质感好，安静舒适，用上了就不想开油车了，但是电车还不能解决快充问题，现在只有MARVELR最香了,爱车评价,[最满意],满意的地方有很多，首先我感觉这款车看起来非常的舒服，他的动力非常的好加速感觉非常平滑，行驶起来也是很稳定的，然后操控这款车的感觉就非常好，然后就是他的空间比较大，三排的空间布局设计都非常的合理，还有最满意的肯定少不了颜值，可以这样说，关注这款车有很大一部分的原因都是因为这一款车比较帅气和时尚的颜值，毕竟你接触到一件新事物，最早就是接触到他的外观，他的前脸给了我眼前一亮的感觉，车身的线条又给我一种比较美的享受，然后他车的烤漆也是恰到好处，感觉就有一种不一样的气质就在吸引着我。,[不满意],目前这一款车的智能系统还不算特别的完善，这一点我在刚使用他的智能系统的时候，我都已经比较明显的感觉到了，尤其是它的自动步车，因为是比较常用的，所以很早就感受到了，总是那么不舒服，还有就是语音助手和软件也都没有那么好用他的智能系统感觉做的还是有一点问题的，并没有跟得上时代的步伐，所以我还是希望他能够在这一方面做到更好一点吧，其实在这一方面可能也是比较容易被忽略的一部分，但是我还是希望智能系统做的好一点，也方便了每一位车主。,[外观],外观是很帅气的，感觉外观很有辨识度，是我喜欢的那一种类型，其实萝卜青菜各有所爱，自己喜欢的就是最好的。,[内饰],车子的内饰是看起来比较有科技感的，主要体现在总共才那一篇，前面总共4个屏幕，看起来真的是很有科技感，整体的内饰风格看起来真的很不错。,[续航],[空间],空间是非常大，而且车内的利用率非常的高，感觉他的这个布局真的是太舒服了，感觉非常合理，没有任何不满意的，本身的空间又大，空间的布局也很合理，就非常舒服了。,[舒适],舒适星座的很棒，就算是在一些细碎和刻画的层面，也不会感觉到颠簸，感觉他的悬挂表现很好，还有它的空调温度分区控制，给我的感觉就非常的实用，而且可以在一定程度上提高车内的舒适度。,[动力],动力给我的体验是非常好的，因为他是混动的，在起步加速的时候用纯电动都感觉起步非常的快别看这一款车体型挺大，但是它的动力很强劲，开起来不会有很肉的感觉，动力输出很好。,[操控],我本来还是挺担心这一款车的操控的，因为这一款车的体型确实是比较大，我最近还没有开过这么大体型的一款车，但是最后发现这一款车还是比较容易去操控的，它的方向盘也是比较轻的，比较灵敏，比较精准，没有任何虚位，开起来很舒服。,[性价比],MARVELR这款车外形高端大气，省油，绿牌不限号，动力，配置都挺好，支持国产,展开全部
"
    发表于  2021-06    

      
        
    
    
",续航方面很强，能加油的电动车，完全不用顾虑续航的问题，现在电耗大概是百公里平均20吧，车子基本都没怎么加过油，现在显示的是6.7，除非是跑高速长途的时候，不然都很少机会用到油。,https://image1.xcarimg.com/attachments/my/1/90/32/796_120.jpg,xuser1913279,三星会员,4.38,外观,4,内饰,4,续航,5,空间,4,舒适,4,动力,5,操控,4,性价比,5,购入信息,爱车车型,购入时间,2021/3/1,购车地点, [云南省],裸车价格,20.21万  (厂商指导价 22.98万),续航里程,321km,购入用途,购物,接送小孩,爱车简评,选车的时候就是追求空间要比原来车大-些（以前用的紧凑型SUV），动力要好一些（原来2.0自吸CVT确实肉）。品牌没什么太大追求，过了那个追求品牌的年龄了（说白了就是穷）。,爱车评价,[最满意],首先这台车的配置是非常的高的，比较智能化，基本上你能想到的配置都有，而且主动安全的配置也是很齐全，在行驶过程中会非常的安心，而且空间也足够大，基本上你有东西往里塞就是了，它都能装得下，这台车子在行驶的过程中真的是无比的安静下，基本上是听不到任何的杂音的，隔音效果做得也非常好，因为是增程式电动汽车，所以在里程方面也是完全不用担心的，这一点我还是非常满意的，以后跑长途也是轻轻松松的。,[不满意],不满意的就是这个语音系统了，有时候在听歌的时候，我也没有任何指令，它就自动唤醒了，希望以后厂家可以的话就升级一下车机系统吧，因为车子结构的云因没有备胎，万一遇到爆胎的情况真的是很麻烦，虽然配备的补胎工具还是挺多的，但都不比换一个备胎要来得方便吧。,[外观],首先外观十分的霸气，车子很大，看起来就相当的大气，而且外观的细节处理得很好，又略带一点优雅，车灯的设计是这台车的亮点之一，环形的日行灯，真的在街上是独一无二的，很凸显高级感，尾灯也是采用了贯穿式的设计，虽然这种设计比较普遍了，但是跟日行灯搭配起来还是有仪式感的。,[内饰],内饰也是这车的一大亮点，简直不要太豪华啊，奔驰的内饰是朴实的豪华感，而MARVELR是先进的豪华感，各种高科技，四块大屏幕科技感十足，而且全车几乎都是真皮包裹，你能摸到地方都是软的，这个价格值了。,[续航],[空间],空间是MARVELR的特点，真的是在里面想怎么坐就怎么坐，不用说还有几拳距离几指距离，你直接去骚图片你就知道了，坐在里面真的随心所欲，还有后备箱的空间也是很满足我们家庭的需求，一般出游我们都会带好多行李，现在有了MARVELR完全不用担心行李会装不下的问题了。,[舒适],舒适性不错，基本没有什么噪音，会听到一点风噪跟路噪，乘坐的舒适性也非常好，完全达到这个级别的水准，而且座椅还有座椅加热跟座椅通风这两个功能，无论是冬天还是夏天都不用担心。,[动力],MARVELR的点电门调校跟大排量的仔细车很像，跟家里的雅阁没什么区别，响应、反馈也是非常的快，动力十足，加速也是比较平稳的，跟很多电动车不一样，一般电动车在加速的时候会有点很突然的感觉，就显得不平稳。而且还配备电动四驱系统，任何路段都不用担心,[操控],四种的驾驶模式，在操控上也带来了非常多的乐趣，运动模式下，整台车变得更加激进，刹车跟油门也变得更加灵敏了，方向也变得比较沉，在舒适模式下呢，就变回原来的舒适感了，方向也特别轻，很适合在城市开，慢慢的欣赏这繁华闹市。,[性价比],自从MARVELR在PPT造车阶段我就一直在关注，直到上市，我觉得就是它了，工科男MARVELR座驾，横平竖直，低调但不失特色，不过出于小心，还是继续观望，毕竟新势力第一部车，问题不会没有，能否适宜改掉，就要看车企功力了。,展开全部
"
    发表于  2021-06    

      
        
    
    
",车子续航这方面我觉得还是挺不错的吧。但是家里楼下也有充电桩，使用起来还是很方便的。,https://image1.xcarimg.com/attachments/my/1/90/32/786_120.jpg,xuser1913278,三星会员,4.25,外观,4,内饰,4,续航,4,空间,4,舒适,4,动力,4,操控,5,性价比,5,购入信息,爱车车型,购入时间,2021/2/1,购车地点, [贵州省],裸车价格,20.2万  (厂商指导价 22.98万),续航里程,320km,购入用途,接送小孩,自驾游,爱车简评,买这款车主要也是因为这款车的颜值还是非常高的造型设计的，我特别喜欢作为一款新能源的车型，这款车的配置应该算是非常丰富的了。,爱车评价,[最满意],这款车子让我最喜欢的地方还是它的性价比，这方面做的还是非常。部分用量也是比较扎实。而且里面还有很多辅助的功能等等，没有想到三十几万还能买到这么实惠的车子，真的非常不错。,[不满意],最不满意车子的悬挂调教得不够稳，经过颠簸路段的时候，底盘会传来一些异响，还有就是高速上的报警提示声挺多的，让人觉得不舒服。另外车速一般般，没办法开快车。,[外观],车子的外观真的非常的漂亮，这里看过去设计的非常简约，但是又不失霸气的感觉，黑色的中网。真的辨识度非常的高，尤其是他的车尾设计的也是很精致镀铬饰条，连接两个车尾灯上过去，真的非常喜欢。,[内饰],肚子的内饰真的有一种豪华的感觉，采用了棕色和黑色的拼接搭配，让整个车子视觉效果，看过去也是非常的不错，基本基本上能摸得到的地方都是软材质，包裹的手感也是非常细腻，那我最喜欢的还是它的中控嘛，基本上按键都给简化掉了，用了触控屏代替。过去有具有非常强的科技感，而且里面的功能也很多，使用性我觉得还是蛮强的。,[续航],[空间],车子的空间方面我觉得还是比较不错的。这样乘坐空间觉得还是很不错的，像我1米85的身高坐在车里，无论是坐在哪个角度，头部离车顶的空间都还有一拳的距离，腿部间隔也是很大，轻松超过了两腿都没有问题。,[舒适],最宽大，而且空间也大就在里面，我觉得还是非常舒服的，尤其是它隔音效果处理的非常的好，基本上都在车里，车外的声音都很好的隔绝掉了，有时候累了的话，躺在车里都是非常舒服的。,[动力],车子的动力我觉得还是非常不错的吧，不能说非常的强劲，但是还是挺平稳的，整体动力输出能够满足我日常的要求，这样起步提速，车子的动力。表现也是随叫随有。,[操控],自己操作起来我觉得还是非常轻松的，方向盘力度比较清明转向也很精准，基本指那打那没有是会出现。其实他的车道保持功能真的非常不错的时候，把它开启能给我减少很大的疲劳感。,[性价比],因为家里人口多，今年宝宝又出生了，所以想买一辆空间大一点的车，我的购车需求是6座SUV4驱，也看过很多车坊，当时也是没有一直如我的意的吧，这还是朋友推荐了我这款MARVELR，外观真的非常的漂亮，而且里面的空间也是很大的，性价比这方面觉得还是挺高的，所以就把它买下来了。,展开全部
"
    发表于  2021-06    

      
        
    
    
",续航还是比较不错的，虽然不能走太远，但是城市日常开开车上下班接送孩子完全够用。,https://image1.xcarimg.com/attachments/my/1/81/73/603_120.jpg,老天使r,用户被禁止发言,4.63,外观,5,内饰,5,续航,5,空间,4,舒适,4,动力,4,操控,5,性价比,5,购入信息,爱车车型,购入时间,2021/2/1,购车地点, [广西省],裸车价格,20.19万  (厂商指导价 22.98万),续航里程,319km,购入用途,接送小孩,自驾游,爱车简评,选电动车最担心的就是续航问题和舒适问题，了解了很多新能源的知识之后，发现这台MARVELR的存在。城市用电，出远门用油，这样的理念在当下是最合理的解决方案，保证了家人孩子在冬季可以正常的使用暖风和各种电加热,爱车评价,[最满意],最满意的当然是这款车环保，行驶质感好，安静舒适，用上了就不想开油车了，但是电车还不能解决快充问题，现在只有MARVELR最香了,[不满意],不满意的是起步有点肉，要深踩油门，还有就是减震有些太硬，但还是能够接受,[外观],这款车的外观设计十分漂亮，整车看起来大气稳重，特别是前脸的设计很独特，很有个性符合我的个人审美。,[内饰],内饰非常不错，个人坐进去，就像坐着船舱一样，给人一种安全感。能摸到的地方都是软性材料，很细腻，方向盘握着手感也不错。新车也基本没什么味道，尤其是家里有孩子的，这一点做的很不错。,[续航],[空间],这么大的车，空间不用说，不论哪一排坐着都非常宽敞，座椅的角度还可以调节，储物空间也够用。,[舒适],隔音效果一般，但座椅的舒适性非常好，包裹性也很强，减震效果挺好，车内空调制冷迅速。,[动力],动力一般，毕竟车很大，起步的时候推背感没有那么强，在市区开足够了，超车提速都很顺手,[操控],好操控，转向精准，悬挂非常棒，不过过大坑的时候还是摇摆的，毕竞车身大。,[性价比],自从家里有了二胎以后用车需求就突然增多了，所以我就想买一个七座的大空间车，看了很多款车最后选择了MARVELR，个人觉得这款车是完全满足我家的需求二，全系高配做工用料都很实在。,展开全部
"
    发表于  2021-06    

      
        
    
    
",这款车的纯电续航里程大概是180公里，而且还配备了快充，大概半个小时就能够充满非常的方便，特别的省心省力，体验非常好。,https://image1.xcarimg.com/attachments/my/1/86/06/339_120.jpg,gh1600831272,用户被禁止发言,4.63,外观,4,内饰,5,续航,5,空间,4,舒适,5,动力,5,操控,4,性价比,5,购入信息,爱车车型,购入时间,2021/2/1,购车地点, [海南省],裸车价格,20.18万  (厂商指导价 22.98万),续航里程,318km,购入用途,接送小孩,自驾游,爱车简评,因为这个车型很适合家居使用，一家人出去野餐很适合，后排空间很大，一家六口人出去玩完全没问题而且还有重要的一点，因为是电动和油混用的，新能源汽车，特别智能，在行驶的时候可以做到直线行走，不用手扶方向盘,爱车评价,[最满意],这款车的交车速度超乎了我的想象，订车没有多久就能提车回家，还有就是它的质量和做工我比较放心，而且整个车内的科技豪华度也比较高，乘坐舒适度也比较好。,[不满意],这款车唯一让我觉得有一些不足的，就是它的价位非常的坚挺，一直坚持不降价，而且没有任何的赠送。,[外观],前脸的日行车灯采用贯穿式的设计，看起来更加富有科技感，侧面车身比较立体，尾部采用非常利落简洁的设计，有种很敦实的视觉感，整个外观的造型气场非常足。,[内饰],内饰布局非常的简约，也很有现代感，是我比较喜欢的类型，并且大面积的皮质包裹手感非常的细腻，并且也很好打理，整体凸显了非常不错的豪华感。,[续航],[空间],前排的横向空间充足，给人以开阔的乘坐体验，中排独立座椅之间的通道非常的宽，成员可非常方便的进出第3排，后备箱空间也比较足够，而且座椅还支持放倒，实用性比较强。,[舒适],座椅感觉偏硬了一些，不过它的包裹性和支撑性做得非常不错，并且座椅的功能也比较多，发动机的噪音和风噪会比较明显，车内整体并不是很安静，不过在市区行驶，车内的静谧性表现还是非常不错的，乘坐起来也比较舒服。,[动力],动力衔接非常的顺畅，加速性能也很棒，能够带来驾驶激情，动力随叫随到，日常超车变道非常的轻松，开起来特别的轻快，动力储备非常充足。,[操控],方向盘回馈力度非常的线性，指向也非常的精准，油门和刹车的调校很舒服，力度也比较容易掌握，而且他的辅助配置特别的齐全，开起来很从容。,[性价比],我对车子的做工用料配置等方面的要求比较高，所以我选车的范围就比较小一些，综合我的生活环境，还有实际的需求，我比较偏向于新能源的车子，而这款车刚好能符合和满足我的一切需求，虽然价格偏高，但是比较喜欢，所以就入手了。,展开全部
"
    发表于  2021-06    

      
        
    
    
",续航能力方面确实不如油车，但是也仅限于在长途旅行的时候，如果是在市区里完全没有问题，但是如果很久的行驶还是需要注意一下。,https://image1.xcarimg.com/attachments/my/1/90/28/794_120.jpg,gh1623477061,三星会员,4.5,外观,4,内饰,4,续航,5,空间,4,舒适,4,动力,5,操控,5,性价比,5,购入信息,爱车车型,购入时间,2021/2/1,购车地点, [广东省],裸车价格,20.17万  (厂商指导价 22.98万),续航里程,317km,购入用途,接送小孩,自驾游,爱车简评,买这辆车的经历真的特别随意，那天和朋友去商场吃饭，吃饱出来就看到商场中间的晨厅里放着的这辆MARVELR，当时就被惊艳到了，从外表看感觉特别超前，科技感爆棚，像是几年后才会出现的款式。,爱车评价,[最满意],最满意的就是纯电驾驶的感受，这是电动车的先天优势，无论是对比多少价位的燃油车，纯电的驾驶体验一定是更好的，这辆车也不例外，只有亲身体验了才知道这其中的差别，我觉得非常好，实际坐在这辆车里的感觉真的非常棒。,[不满意],我觉得目前这辆车自动泊车的功能是最不智能的部分，直接导致这部分功能使用频率不高，还有语音助手功能，目前语音助手的功能离我的期待还有一定的距离希望这方面要加强一些，使用起来也会更方便，也会对这辆车带来更好的销量。,[外观],外观看起来非常的霸气，而且充满科技感，特别是前脸的设计，非常的独特，辨识度很高，还有大灯的设计，非常的新颖。,[内饰],内饰方面，我觉得这辆车做得非常好，因为充满了科技感，深受年轻人的喜爱，我个人还是非常满意他的内饰设计风格的，非常符合我的审美。,[续航],[空间],空间非常的大利用率也很高，空间设计的非常合理，一家5口人出行都没有任何压力，后备箱的容量也非常的大，大件行李也是轻松放下。,[舒适],整体的舒适性我还是比较满意的，在车里的感觉就像在家里的沙发一样，在一些比较崎岖的路面，减震系统的好就体现出来了，非常的平稳。,[动力],纯电驾驶感受的，这是电动车的先天优势，无光电量多少，增程器开启与否一直保持一致的动力性，与传统动力混合的车是肯定不一样的。,[操控],这辆车的操控简直是用无脑来形容了，本来会开车的人，开这辆车就是非常轻松的，而且这辆车还有不错的辅助系统，让开车的时候更加方便，这就是科技的进步吧。,[性价比],我购车的时候就明确，我一定要买一台智能的电动车，最早的关注是特斯拉都试驾过，但是进口价格太贵，降价太快，品控太差，不保值，我觉得这辆车30万上下的性能配置，非常能够满足我心里的需要，而且也在我的预算中左右。,展开全部
"
    发表于  2021-06    

      
        
    
    
",续航能力方面确实不如油车，但是也仅限于在长途旅行的时候，如果是在市区里完全没有问题，但是如果很久的行驶还是需要注意一下。,https://image1.xcarimg.com/attachments/my/1/90/32/758_120.jpg,xuser1913275,三星会员,4.38,外观,4,内饰,4,续航,4,空间,5,舒适,5,动力,4,操控,5,性价比,4,购入信息,爱车车型,购入时间,2021/2/1,购车地点, [福建省],裸车价格,20.16万  (厂商指导价 22.98万),续航里程,316km,购入用途,接送小孩,自驾游,爱车简评,首先是这辆车的智能化，四屏交互是目前我所接触的车里最顺畅，最舒服的一款车，操作简单方便，配合精准的语音识别，轻松完成日常所需的手动操作，屏幕的流畅度也非常好，没有卡顿延迟，很人性化,爱车评价,[最满意],最满意的就是纯电驾驶的感受，这是电动车的先天优势，无论是对比多少价位的燃油车，纯电的驾驶体验一定是更好的，这辆车也不例外，只有亲身体验了才知道这其中的差别，我觉得非常好，实际坐在这辆车里的感觉真的非常棒。,[不满意],我觉得目前这辆车自动泊车的功能是最不智能的部分，直接导致这部分功能使用频率不高，还有语音助手功能，目前语音助手的功能离我的期待还有一定的距离希望这方面要加强一些，使用起来也会更方便，也会对这辆车带来更好的销量。,[外观],外观看起来非常的霸气，而且充满科技感，特别是前脸的设计，非常的独特，辨识度很高，还有大灯的设计，非常的新颖。,[内饰],内饰方面，我觉得这辆车做得非常好，因为充满了科技感，深受年轻人的喜爱，我个人还是非常满意他的内饰设计风格的，非常符合我的审美。,[续航],[空间],空间非常的大利用率也很高，空间设计的非常合理，一家5口人出行都没有任何压力，后备箱的容量也非常的大，大件行李也是轻松放下。,[舒适],整体的舒适性我还是比较满意的，在车里的感觉就像在家里的沙发一样，在一些比较崎岖的路面，减震系统的好就体现出来了，非常的平稳。,[动力],纯电驾驶感受的，这是电动车的先天优势，无光电量多少，增程器开启与否一直保持一致的动力性，与传统动力混合的车是肯定不一样的。,[操控],这辆车的操控简直是用无脑来形容了，本来会开车的人，开这辆车就是非常轻松的，而且这辆车还有不错的辅助系统，让开车的时候更加方便，这就是科技的进步吧。,[性价比],买这辆车的经历真的特别随意，那天和朋友去商场吃饭，吃饱出来就看到商场中间的晨厅里放着的这辆MARVELR，当时就被惊艳到了，从外表看感觉特别超前，科技感爆棚，像是几年后才会出现的款式。于是就回家做了做这辆车的功课，隔天就去了4s电交定金提车了哈哈。,展开全部
"
    发表于  2021-06    

      
        
    
    
",车子油耗表现还是非常优秀的，城市基本上都是在六个油，电耗一般都是在18，刚买回来的时候自己测试了一次，充满电加满油的情况下，跑了600公里,https://image1.xcarimg.com/attachments/my/1/90/28/628_120.jpg,gh1623475578,三星会员,4.38,外观,4,内饰,4,续航,4,空间,5,舒适,4,动力,4,操控,5,性价比,5,购入信息,爱车车型,购入时间,2021/1/1,购车地点, [山东省],裸车价格,20.15万  (厂商指导价 22.98万),续航里程,315km,购入用途,接送小孩,自驾游,爱车简评,我购车的时候就明确，我一定要买一台智能的电动车，最早的关注是特斯拉都试驾过，但是进口价格太贵，降价太快，品控太差，不保值，我觉得这辆车30万上下的性能配置，非常能够满足我心里的需要,爱车评价,[最满意],最满意的还是它的科技方面的配置了，我觉得这台车子可以说是作为一了一个跨时代的产品出现的，它的中控四块大屏幕，充满了科技的元素，当然，它的实用性能也是我比较在意的六座的空间，家用完全够用了,[不满意],其实还是有很多地方需要提高的，像他的智能语音系统，感觉还没有我们家的小爱同学智能，副驾驶的屏幕功能也比较少，对于隔音降噪的处理也不算优秀，跑高速还是有噪音的,[外观],整个的外观设计，我觉得还是比较有辨识度的，主要是它的前脸的一体式的车灯和尾部的一体式车灯，这个设计还是比较个性的，车子整体比较大气稳重一些，陈深虽然比较长，但是比例却比较协调，还是挺耐看的，一款车,[内饰],内饰是我特别喜欢的地方，我觉得科技感太强烈了，多屏幕还是比较有优势的，特别是最近的升级，每次的升级都让人比较期待，功能也是非常的丰富，不过这样的设计也缺少了一些豪华感,[续航],[空间],空间方面是够用的，因为我们家人也都偏瘦一些，没有特别胖的，坐在这款车内，完全不会觉得拥挤，而且他的三排座椅设计的都比较宽松一些，特别是他的大后备箱，相对于一般六座七座车型来说，它的后备箱表现非常的优秀,[舒适],车子的舒适性方面，整体表现也是很不错的，宽敞的乘坐空间就首先让人很舒服，他的座椅包裹性比较强，但是软硬程度稍差了一些，隔音效果我觉得也没有那么强，跑高速的时候还是有风噪的，车内配备的PM2.5过滤装置，是让我感到比较安心的,[动力],动力性能也是足够使用的，百公里才6.5秒，这个数据虽然说跟一些车型有差距，但是对于这么一个大六座的车子来说，这个数据我是非常满意的，毕竟一家人乘坐还是安全为主吧，他不仅提速快中后段的加速，也是比较给力的，超车很轻松,[操控],我觉得这款车对于操控性能的设计已经比较成熟了，开起来非常的舒服，底盘的软硬程度也不错，而且支撑性很好，辅助的驾驶功能比较多，我特别喜欢的就是他的车道保持，不管在高架还是跑高速都比较省心,[性价比],从确定换车之后，就开始逛各大论坛，各大车展，从20万的价位开始看，一直看到了30万，汉兰达，途昂，探险者，哈弗h9，朋友给我推荐新能源的车子，比亚迪唐dm，这些车全部都去试驾了，每个品牌都有每个品牌的特色，但是总感觉差了一点什么，直到疫情结束后的一次车晨，看到了MARVELR这一款车，外观其实没什么感觉，但是打开车门的那一刻就让我给惊艳到了，没想到车子还能造成这样，各种了解，也咨询了很多懂车的朋友，其实很多朋友是不推荐我买这款车的，因为是一个新出的品牌，不确定因素很多，当时也犹豫了很久，最终还是入手了，我想还是因为太喜爱了吧，毕竟车子会陪伴自己很长一段时间，一款能让自己非常喜爱的东西，用着确实也是会让人比较开心的,展开全部
"
    发表于  2021-06    

      
        
    
    
",这款车的续航里程虽然说没有实际测试过，但是感觉耗电量还是比较大的。,https://image1.xcarimg.com/attachments/my/1/81/73/429_120.jpg,ozr19780128,用户被禁止发言,4.5,外观,4,内饰,5,续航,5,空间,4,舒适,4,动力,4,操控,5,性价比,5,购入信息,爱车车型,购入时间,2021/1/1,购车地点, [重庆市],裸车价格,20.14万  (厂商指导价 22.98万),续航里程,314km,购入用途,接送小孩,自驾游,爱车简评,在这个级别的SUV里面，我觉得这台车子的空间表现是非常优秀的，它的内部乘坐空间很宽敞，第二排和第三排乘坐成年人都是非常轻松的，还有它的后备箱的表现，我在这个级别没见过这么大的后备箱,爱车评价,[最满意],这台车虽然是电动车，但是他比燃油车的续航能力还强，而且电车特别的安静，车内空间比较宽敞，乘坐的舒适感受很强，内饰用料，豪华科技配置比较丰富，辅助驾驶配置，让驾驶增加了很多的乐趣，也变得更加的轻松起来,[不满意],车身还是太长了一些，虽然说，驾驶辅助功能比较多，但是在停车的时候还是不太方便的，一些小的停车位根本听不进去，车内的储物空间确实是比较少一些，特别是前排，有时候还是挺不方便的,[外观],外观的造型设计的还是非常时尚大方的，整个车身的线条设计的还是非常不错的，前脸的造型辨识度也特别高。,[内饰],中控内饰的整体设计还是非常具有科技感的，功能性是特别丰富的，储物空间搭配的也不错。,[续航],[空间],乘坐的空间对于我来讲还是够用的，前排座椅和后排座椅的腿部空间还是很宽敞的，只不过满载的情况下，后备箱储物能力表现的一般。,[舒适],座椅的柔软度和包裹感我还是很满意的，乘坐起来也特别舒服，而且这款车的隔音效果做得也不错。,[动力],动力对于我来说还是能够满足的，提速的感觉还是很强劲的，满载的情况下也是毫无压力的。,[操控],这款车的辅助性功能还是很多的，对于新手来讲也特别容易上手，车身的稳定性还是很好的。,[性价比],到了我这个年纪开的车子，其实也不算少了，第一台是大众的朗逸，第二台是丰田的凯美瑞，第三台车是大众的途观l，MARVELR，这台车是我买的第四台车了，当时选择这台车也是有几个原因吧，第一就是确实是家庭需求，家里只有一台途观l，有时候用车还是挺不方便的，家人也都想买一台大点的车子，这样的话，出去旅游一台车就够用了，还是比较方便的，第二就是这台车是新能源的车子，配上绿牌市区不限行，第三就是这个价位，这台车子性价比还是比较高的，配置足够给力，车子的性能也跟得上，第四就是我对于这个品牌还是挺有感觉的，对于理想的造车理念还是比较认同的,展开全部
"
    发表于  2021-06    

      
        
    
    
",续航能力相当强了，电量100%的状态下，能够开660公里，开着它都能够去趟长途旅行了,https://image1.xcarimg.com/attachments/my/1/90/28/688_120.jpg,gh1623476063,三星会员,4.38,外观,4,内饰,4,续航,5,空间,4,舒适,4,动力,4,操控,5,性价比,5,购入信息,爱车车型,购入时间,2021/1/1,购车地点, [天津市],裸车价格,20.13万  (厂商指导价 22.98万),续航里程,313km,购入用途,接送小孩,自驾游,爱车简评,最满意的就是这款车的驾驶感受了，动力方面表现的还是很出色的，而且这款车的空间表现的也特别好，商业出行也是完全能够满足的。,爱车评价,[最满意],最满意车子提速特别强，宽敞的空间，有很强的气场，辅助驾驶功能也挺多的，操控起来还是挺轻松的,[不满意],最不满意悬架稍微硬了点，开过烂路的话，底盘存在异响，而且高速上总是各种让人觉得心烦的报警提示声，而且车速也不太给力,[外观],我感觉车子的外形还是相当好看的，是那种比较大方中带着精致的感觉，虽然有些人会觉得怪怪的，但我是蛮喜欢的,[内饰],内饰整体表现挺好的，但缺乏个眼镜盒有点不方便，用料方面到是很不错，看的出来用心,[续航],[空间],即使满载6人的情况下，都不会觉得拥挤，所以说空间能力还是挺强的,[舒适],车子滤震效果不好，经过烂路的时候震感还是挺大的，在第三排乘坐的话，会让人觉得有点晕车,[动力],在低速行驶的时候不是平稳，但平时行驶起来感觉还是可以的，反正踩下油门就能动了,[操控],轻巧的方向盘用起来虽然轻松，不过在高速上就会有点飘了，还是扎实手感会让人觉得安全点,[性价比],买这款车主要也是因为新能源的车型出行成本比较低，而且这款车的配置方面也是非常丰富的，作为日常出行使用还是非常适合的，能够满足自己的需求。,展开全部
"
    发表于  2021-06    

      
        
    
    
",纯电的续航确实是不高，但是还好他能够加油，所以我感觉续航这一块是能够接受的，就是加油的次数比较频繁而已。,https://image1.xcarimg.com/attachments/my/1/86/05/518_120.jpg,gh1600773256,用户被禁止发言,4.5,外观,4,内饰,4,续航,5,空间,4,舒适,5,动力,5,操控,4,性价比,5,购入信息,爱车车型,购入时间,2021/1/1,购车地点, [上海市],裸车价格,20.12万  (厂商指导价 22.98万),续航里程,312km,购入用途,接送小孩,自驾游,爱车简评,车子有很好的驾乘体验，让人觉得很舒服的，甚至要比燃油车更加符合我使用需求，很是顺手,爱车评价,[最满意],比较满意的还是这辆车比较方便吧，作为一辆新能源车子他是加油的，所以没有那么漫长的等待过程，让我挺开心的，而且内部的空间也很不错，布局很合理。,[不满意],让我有些失望的，就是油箱的容积比较小。感觉不是那么的让人满意，加油的次数过于频繁。,[外观],外观的设计比较简单，有种方方正正的感觉非常的大气，而且橙色的车漆真的挺亮眼的。,[内饰],内饰方面很精致，各种做工用料都非常的到位，感觉很用心，尤其是中控的布局也不错，三连屏的设计真的是太棒了。,[续航],[空间],作为一辆6座的SUV，它的空间表现其实还可以，而且三排座椅的布局非常的不错，一排比一排高感觉非常的清晰。后备箱也还有不错的空间，真的是挺棒的。,[舒适],这辆车的舒适性也非常的棒，尤其是低速的时候，车内基本上没有噪音特别安静，空间又够大，每一排的座椅都不会让人觉得难受。,[动力],动力这一块不算特别强，但绝对是够家用，反正平时也没有开的那么快的需求，偶尔超车也是比较轻松的。,[操控],车子的操控还挺轻松的，虽然车子尺寸比较大，但是各种辅助驾驶功能够齐全，360度全景影像真的好用，然后在行驶的过程中没有任何困扰。,[性价比],大家可能都知道，新能源的车子无非就是电池代替燃油电机代替发动机。就算有插电混动也是两个系统，互不干扰。这辆MARVELR就非常的奇怪，他居然烧油发电。本着看一看的心态，我到4S店了解了，这辆车，外观的话挺不错的，而且内部空间我也很喜欢，6座的布局很合理。价格的话也不算太贵，而且烧油发电确实是要比充电的电动车要好一些，更方便。所以就入手了这款车。,展开全部
"
    发表于  2021-06    

      
        
    
    
",最低的时候冷车短途跑出国5.6L/100km最高的时候跑出过11.2L/100km绝大部分时间的油耗水平都处在6-9L/100Km的成绩相当于雷克萨斯Rx450h的水平，部分工况下还要优于Rx450h。,https://image1.xcarimg.com/attachments/my/1/90/28/852_120.jpg,gh1623477562,三星会员,4.63,外观,5,内饰,5,续航,5,空间,5,舒适,4,动力,4,操控,4,性价比,5,购入信息,爱车车型,购入时间,2021/1/1,购车地点, [北京市],裸车价格,20.11万  (厂商指导价 22.98万),续航里程,311km,购入用途,购物,接送小孩,爱车简评,车机效率高，对我来说汽车是效率工具，一定要有效率。比较少但是有质量的app，远程操作，友好的地图目的地发送，微信功能。有快充口，平时公司隔壁大厦补电，两小时免费停车时长够用。,爱车评价,[最满意],成本低，MARVELR的纯电驱动带来的驾驶感受，无论是NVH，还是油门的响应性，以及后期OTA的无限可能，都是传统燃油车比不了的。所以，MARVELR的出现，又满足了我第三个需求，即：省油。很好的具备了大、省油、且不贵这三点。,[不满意],屏幕视觉效果：我不太喜欢花里胡哨的设计，喜欢简约。这也是科技的宗旨，即：简化一切不必要的繁琐。所以这一点上，四块屏幕带来的感受让我的视觉十分舒坦。,[外观],但是MARVELR的出现，更进一步的满足了我对外观的需求。汉兰达的车身长度是4.89米，而理想ONE的尺寸去到了5m+。这是我选择MARVELR的最主要的两个原因，一：大！二：且不贵。,[内饰],科技感这三个字其实挺害人的，因为现在很多车企随便上个什么功能都能说自己有科技感，但是真正触发用户使用的并不多，大部分都变成了装逼工具。我先说说，我所理解的科技感是什么样的,[续航],[空间],说白了就是往大了换。那么对于我们这种普通家庭来说，预算30多万到40万以内是我们目前能承受的最高预算。所以这么看来，我们可选的车型不多，基本上锁定在：丰田的汉兰达和大众途昂。原因只有一个，就这两台车是我们花30多万的预算，能买到的空间最大的车。,[舒适],在舒适模式下也拥有8.5秒上下的加速能力，与雷克萨斯Rx450h属于同一水平。无论是日常驾驶还是高速巡航再超车，都可以满足。,[动力],因为影响性能表现的因素有很多，比如路面情况，气温，是否满油，操作技巧的等等。但是可以肯定的是，MARVELR在运动模式的加速能力在7秒上下，这一点与目前主流的豪华品牌中大型SUV是属于同一梯队的。,[操控],一般来说，在烂路行驶时，不管是满足蠕动，还是快速通过。对悬挂最重要的是稳定性，简单直白一点说就是上下的起伏要控制好。在烂路和非铺装路上，坑洼带来的冲击更大，悬挂反应时间更短，所以既要化解冲击，又要拉的住回弹，十分考验整套悬挂的调校功底。,[性价比],空间大，动力强，可油可电，随意切换，长途用油，城市用电，完全没有里程焦虑，30多万的车，配置也高，乘坐舒适。,展开全部
"
    发表于  2021-05    

            
    
    
",说的是620km续航，综合来说其实差不多，续航能力来讲,https://image1.xcarimg.com/attachments/my/1/89/92/965_120.jpg,xuser1909296,三星会员,4.5,外观,4,内饰,4,续航,5,空间,5,舒适,5,动力,4,操控,5,性价比,4,购入信息,爱车车型,购入时间,2021/2/1,购车地点, [宁夏省],裸车价格,24.2万  (厂商指导价 26.98万),续航里程,350km,购入用途,接送小孩,自驾游,爱车简评,后备厢空间非常大，同级最大后备厢，出去耍完全装4个箱子没得问题,爱车评价,[最满意],车子虽然只有1.3，但是才踩油门，动力出来的很舒服，真的非常的不错的,[不满意],后排空间有点点高，做起来有点点压抑，但是相呼应的一个180度的天空之境育顶天幕完美解决了这个问题,[外观],外观搭载全新家族式前脸环宇之光下压式设计，搭配全维度矢量矩阵大灯，前脸贯穿式镀铬亮条科技感十足，180超大天幕，打造移动观景台,[内饰],多数采用皮质软包材质，晨示了上汽对MARVELR这款车的用心,[续航],[空间],车子的后两排的空间稍微比较的辛苦，尤其是最后排的空间，几乎难以接受，还有就是头部空间欠缺,[舒适],整车拥有6块双层夹胶玻璃，搭载米其林皓悦降噪轮胎，打造车内图书馆般静谧空间,[动力],动力方面搭载了一台全球首用的2代8层发卡式电机，135kw，280扭矩，等于一台2.0T发动机，零百7.9秒，见车超车,[操控],有时候就觉得这样的车子的操控性还是相当的出色的，毕竟还是一台后驱的车子的,[性价比],综合感受这款车的性价比打动了我，整体用下来他的外观也是打动了我，并且这款车的续航能力我目前使用下来是非常不错的，比同级别的电车都实用，充满一次电能用将近十天左右，能给我的生活带来很大的节省，并且充电的车子出行不限号，也是非常方便的，我是一个当代的白领青年，能拥有这样一辆车子，我觉得是很满意的。,
"
    发表于  2021-05    

            
    
    
",上汽的三电技术的确是优质的，能耗真的超低，开回来是满电的，开了几天，竟然还有一半的续航，综合能耗才12多一点，这个表现，开过电动车的应该都懂吧，已经很低了,https://image1.xcarimg.com/attachments/my/1/89/92/955_120.jpg,xuser1909295,三星会员,4.5,外观,4,内饰,4,续航,4,空间,5,舒适,4,动力,5,操控,5,性价比,5,购入信息,爱车车型,购入时间,2021/2/1,购车地点, [辽宁省],裸车价格,24.19万  (厂商指导价 26.98万),续航里程,349km,购入用途,接送小孩,自驾游,爱车简评,车子的样子很可爱，完全看不出来可以塞7个座位的车子，还有就是车子的空间利用率非常的高,爱车评价,[最满意],最满意的是marvelr的续航，620KM的续航真心耐用，从交付中心开回来的时候是满电的，到现在开了300多公里，还有一半的续航，上汽的三电技术也很优质，搭配上我优秀的驾驶技术，能耗才12多，说真的，开这个车出去自驾游也足够了。,[不满意],主副驾驶的座椅有点偏低了，开的时候感觉自己是在开跑车，要把座椅调到很高，才能拥有比较好的视野，不过这个都是小问题，没什么关系.,[外观],外观还用说吗，上汽全新的集智设计理念加持，marvelr怎么会不好看呢？反正我的每个见过我车的朋友都说这个车漂亮，平时停车的时候也有很多人偷望我的车，这就够了！,[内饰],内饰做工优质，用料高级，最重要的是配色真的很帅气，既有活力，看着也很豪华！,[续航],[空间],乘坐空间没得说，很宽敞，来说说marvelr的后备箱，开口大，容积也大！上次去爸妈家搬饮料，整整七八想的可乐，完全放得下，还有很大的多余的空间，这空间，这个级别的轿车应该都做不到吧！,[舒适],整体非常不错，就是我说的，那个座椅太低了，别的都很好，说一下，marvelr座椅的用料真的很良心，座椅也很柔软，就算不开车，坐在上面小歇一会儿，也是不错的选择,[动力],油门踩下去，动力随叫随到，以我多年开车的经验，marvelr的动力大概相当于一台2.0T的车型，日常完全够用了，起步超车什么的都没问题！,[操控],作为一台电动车，marvelr的操控算是非常好的了！方向盘指向非常精准，指哪打哪儿！而且MARVELR极其容易上手，无论是新手还是女司机，都能很好的驾驭它！,[性价比],正好手上有一个新能源指标，正好逛商场的时候看到了marvelr，正好我和老婆都很喜欢，这么多正好，所以就选择了这款车.,
"
    发表于  2021-05    

            
    
    
",marvelr的电耗我目前开下来是13，这个成绩我觉得还行。,https://image1.xcarimg.com/attachments/my/1/89/79/278_120.jpg,xuser1907927,三星会员,4.5,外观,4,内饰,4,续航,4,空间,4,舒适,5,动力,5,操控,5,性价比,5,购入信息,爱车车型,购入时间,2021/2/1,购车地点, [吉林省],裸车价格,24.18万  (厂商指导价 26.98万),续航里程,348km,购入用途,接送小孩,自驾游,爱车简评,我当时会选择他，就是因为他的续航里程比欧拉系列比亚迪的更大。有的时候出远门我都没什么担心，充起电来还是比较方便的。而且整车质保和电池质保都没有限公里数。,爱车评价,[最满意],车子让我最满意的一个地方我觉着还是充电口的设计特别方便，在左右两边翼子板上。,[不满意],不满意我觉得还是这车子走不了凹凸不平的路啊，一走那个路问题就很多，车子底盘有点低，头疼这个娇贵的车子。,[外观],外观设计的感觉我觉得既有优雅的感觉，也有运动的感觉，两个风格结合一下还挺不错。,[内饰],语音控制起来比较轻松，中控整个布局看起来很简洁，走线做工都挺不错的,[续航],[空间],车子内部大小我觉得设计的还可以咯，坐在车里就不会觉得车顶低低压抑。,[舒适],marvelr的座椅舒适性还是很不错的，座椅也有很好的支撑和包裹，前排座椅的侧翼也包裹身体很舒服，不会很硬也不会觉得很软，这样的柔软性感觉一直开车很长时间对身体也不会有很大的疲劳感，还能减少很多疲劳感。,[动力],它动力的表现不会像燃油那样的急突突的，起步很轻快，踩油门就能赶到,[操控],14.3液晶屏12.3全液晶仪表盘，一坐进车就是十足的未来感。环抱式设计，整体还是非常简约的。多功能方向盘很实用，基础的功能都在上面，开车也不担心会分心。,[性价比],我自己在买车时想的是要一台有科技感的车，而且品牌我觉得是非常重要的，上汽的R品牌整个设计我非常喜欢充满科技感要更年轻化，跟老婆一起去店里试驾之后就定了。,
"
    发表于  2021-05    

      
        
    
    
",之前一直担心这个车的电不行，但实际上开起来非常方便，因为充一次电可以管很长的时间。,https://image1.xcarimg.com/attachments/my/1/89/92/929_120.jpg,xuser1909292,三星会员,4.63,外观,5,内饰,5,续航,5,空间,4,舒适,4,动力,4,操控,5,性价比,5,购入信息,爱车车型,购入时间,2021/2/1,购车地点, [福建省],裸车价格,24.16万  (厂商指导价 26.98万),续航里程,346km,购入用途,接送小孩,自驾游,爱车简评,这款车的颜值很不错，尤其是车子的配置也很不错，而且续航里程又长，我觉得这么好的一辆车子为什么不选择呢？,爱车评价,[最满意],我觉得这个车的价位确实是比较划算的，因为在买这个车之前我也对比了很多品牌的车，对比来对比去，还是这个车的性价比高一些。,[不满意],平时我们的储物要求比较多，所以就希望这个车的储物空间能大一些。,[外观],外观造型的确是比较独特的，看来就和其他车是完全不一样的，大灯比较亮，照起来的时候会非常的精神。,[内饰],我觉得内饰的颜色偏浅一点，但恰恰是这种内饰的颜色，可以让这个车看起来更加的有氛围感。,[续航],[空间],当时看车的时候专门有看过这个车的后排空间，坐在后排会觉得空间非常大。但储物空间会觉得稍微有一些不够用，因为小孩子的东西比较多，放在车里到处都是。,[舒适],舒适性的确是非常的好，最主要是想夸这个车的隔音效果真的是非常棒，还有不一样的内饰设计，我还是蛮喜欢的。,[动力],这款车动力是相当不错的，我买的这个动力我觉得对于我来说已经够用了。,[操控],最主要是觉得这个车的刹车非常不错，踩下去之后会觉得很柔软，不像有的车刹车是非常硬的。,[性价比],就是觉得这个车的外观真的太符合自己的要求了，就是自己想象中的车。,展开全部
"
    发表于  2021-05    

            
    
    
",我对这辆车最满意的也就是他的续航能力比较高，一开始我买这辆车子的时候，服务员就有介绍，并且他的电耗也不会太高，我充满一回电，在市区跑都是十天左右才续充的，这样的车子可以为我省不少钱。,https://image1.xcarimg.com/attachments/my/1/89/92/912_120.jpg,xuser1909291,三星会员,4.38,外观,4,内饰,4,续航,4,空间,4,舒适,4,动力,5,操控,5,性价比,5,购入信息,爱车车型,购入时间,2021/1/1,购车地点, [上海市],裸车价格,24.13万  (厂商指导价 26.98万),续航里程,343km,购入用途,接送小孩,自驾游,爱车简评,看了很多新能源车型，发现还是marvelr的性价比最高，各方面综合实力很出色，所以最终选择了它。,爱车评价,[最满意],最满意的就是这款车的外观比较时尚，开出去令我非常有面子，比较吸引人，还有这款车的续航能力我也是比较满意的，充一次电能跑很长的路程。,[不满意],最不满意的就是当时在买车的时候价位降的比较少，并且礼品赠的也实在太少了，这样的话，让我买这款车子心里总有些不舒服。,[外观],这款车的外观造型是符合现代化的审美观念的，当时看到这款车的时候，我就是被它的外观所吸引，从侧面看，它的腰线设计飞非常流畅，线条感也非常的美观，开到外面是非常有面子的一款车型。,[内饰],这个车的内饰看着也是设计特别时尚，特别是挡杆的设计，摸上去特别舒服，很贴合手感，而且我最喜欢它里面的超大中控屏设计，像是一个大平板一样，画面感也非常清晰，中控台面能看到的地方都是软质包裹居多，手感也比较好，内饰材料上还是比较用心的。,[续航],[空间],空间从外面就可以看得出来，这款车的空间是绝对非常大的，因为这款车身的结构是三厢的，车身长度也足够，所以里面的空间在坐满人的情况下也是可以的。,[舒适],坐在这个车里面行驶的时候，感觉是很平缓的，因为它的底盘比较稳定，基本上没有什么太大的颠簸感，隔音效果方面也比较好，因为是电车没有了发动机的轰鸣声，里面的座椅有靠背调节，腰部支撑双向调节的功能，并且有记忆功能，也有加热的功能，冬天特别实用。,[动力],这款车的动力，不管是前期提速还是后期的加速，都是让你感觉到非常给力的，别看它是一款电车，当你踩油门的时候，就能感觉到它的推背感十足，一点儿也不比加油的车子差。,[操控],它的方向盘设定是比较灵活的，转向的时候也是比较精准，挡把的设计也比较贴合手感，实用性特别强，加上它有360全景影像的设计，在我倒车的时候，对我帮助很大，并且它有多种操控模式，可以面对不同的路况。,[性价比],买这个车的理由有很多，最主要的一方面就是它的用车成本比较打动我，并且它的内饰设计也是比较高档豪华的，有种打动我想要购买的欲望，当时也是特别喜欢这款车的外观，所以在经过深思熟虑之后，就拿下了想要购买这款车型。,
"
    发表于  2021-05    

            
    
    
",充满一次电大概可以跑570km左右，对于家里日常使用需求，这个续航里程相当不错。,https://image1.xcarimg.com/attachments/my/1/66/09/584_120.jpg,gh1544668920,三星会员,4.5,外观,5,内饰,5,续航,5,空间,5,舒适,4,动力,4,操控,4,性价比,4,购入信息,爱车车型,购入时间,2021/1/1,购车地点, [北京市],裸车价格,24.11万  (厂商指导价 26.98万),续航里程,341km,购入用途,接送小孩,自驾游,爱车简评,买这个车之前也看了很多车型，总觉得不够完美，偶然的机会了解到这款车，了解后发现这款车真的很不错，所以就买了。,爱车评价,[最满意],智能车机的表现挺让我满意的，说出语音指令可以开关车窗、空调。还可以查天气、查邮件，还可以提醒车主是不是有快递待取。,[不满意],这款车我目前觉得各方面都挺满意的，暂时还没有发现不满意的地方，如果有发现的话，我后期会补充。,[外观],内饰有很多软皮的包裹，摸起来的手感很不错，车内的做工也完全对得起这个价格。,[内饰],这款车的造型设计很新颖，也很独特，LED的光源照明情况很不错。,[续航],[空间],我是偏胖的体型，坐在车内感觉还是很宽敞的，后排空间没有想象中的那么小。,[舒适],座椅有电动调节，包裹性不错，软硬程度也可以，而且车内几乎没有噪音。,[动力],电门踩下去动力马上就来了，开这辆车在高速行驶确实是很爽。,[操控],方向盘的手感挺不错的，想要变道的时候很轻松，比油车更好开。,[性价比],其实我也是第一次买新能源车，一开始对续航里程有些担忧，但是试驾了marvelr之后完全打消了我的担优，续航里程确实挺不错的，现在的科技越来越牛了。又去体验了一下内饰，空间挺大的，而且内饰设计的也符合我的品位，车子也好操控，所以就把车订下来了。,
"
    发表于  2021-05    

            
    
    
",冬天开空调懒洋洋的同时耗电也是急匆匆的，还好续航能力很棒。,https://image1.xcarimg.com/attachments/my/1/89/92/884_120.jpg,xuser1909288,三星会员,4.63,外观,5,内饰,5,续航,5,空间,4,舒适,4,动力,4,操控,5,性价比,5,购入信息,爱车车型,购入时间,2021/2/1,购车地点, [河北省],裸车价格,24.17万  (厂商指导价 26.98万),续航里程,347km,购入用途,上班,购物,爱车简评,现在品牌做得好不是没有原因的，我同围很多人都是开着这个品牌。,爱车评价,[最满意],这样价位的长续航，我觉得性价比超级高，而且外观又很时尚科技，车漆蛮细腻的很有质感。有颜有料出门我不担心续航。,[不满意],我觉得内饰的颜色很不好打理一弄脏了就很难弄干净，而且这个颜色也不耐脏，反正我是不太敢在车上上吃东西。,[外观],如果车子的外观帅气和有科技感是有境界划分的话，我觉得我的marvelr外型就是最高境界了。,[内饰],内饰其实还挺不错的，看着就很舒服，还有就是它中控大屏幕看着很舒服。,[续航],[空间],坐在车里很舒服也不会觉得特别的拥挤，试驾的时候就很满意，这个空间后备箱很深，很大能放大件的进去。,[舒适],舒适程度我觉得95分吧，车子椅子坐了比较有弹性，也不会太软凹下去太深，差五分是在空调，空调有一点点味道。,[动力],动力其实挺不错的，而且续航600km，在高速上跑跑还是很安心的。,[操控],驾驶的感觉棒而且在大马路上掉头方向盘转弯也没什么虚位，这点还是很好值得表扬。,[性价比],我看中了这个车子，很先进科技感时尚潮流的外观，而且这个车子的续航比较大。相对来说，这两点比较突出，也是我比较看重的，这两点跟其他车子比，他们略胜一筹,
"
    发表于  2021-05    

            
    
    
",很多人买这个车都会担心，怕这个车续航不够，但实际上是非常能够满足日常行驶的，充一次电基本上可以管很长的时间。,https://image1.xcarimg.com/attachments/my/1/89/92/851_120.jpg,xuser1909285,三星会员,4.5,外观,4,内饰,5,续航,5,空间,4,舒适,5,动力,4,操控,4,性价比,5,购入信息,爱车车型,购入时间,2021/2/1,购车地点, [福建省],裸车价格,24.16万  (厂商指导价 26.98万),续航里程,346km,购入用途,购物,接送小孩,爱车简评,最近都是一个人用车，基本就是在前排坐，空间我感觉还是很大的，车内的小储物空间也很多。,爱车评价,[最满意],有颜值，有科技，科技功能也很多，有AR实景和刷脸启动，现在车已经不仅仅满足于代步了，科技功能肯定是越多越好。,[不满意],总觉得这个车的储物空间没有那么大，因为总是喜欢把零食放到储物格去，但是感觉不够放。,[外观],外观设计的确是比较时尚的，我相信很多年轻人都会喜欢这样的外观吧，开这个车出去会觉得非常的有面子，而且在街上的回头率也是比较高的。,[内饰],其实我对内饰的要求并不高，只要能满足自己心目中的要求就可以了，这个车的内饰设计看上去就是比较大气的。,[续航],[空间],我相信每个人在用车的时候，对空间都有一些自己的要求，当时看这个车的时候就有专门的试了一下这个车的空间，一家人坐在后排都觉得空间还是挺大的，不会觉得拥挤。,[舒适],太喜欢这个车的舒适性了，每次启动车子的时候都听不到任何的声音，我就觉得这个车的隔音效果真的太好了。,[动力],我对动力的要求还是比较高的，这个车的动力确实是非常给力的，虽然是电动车，但是我觉得比烧油的车动力要强劲一些，主要是提速非常快，每次一踩油门，速度立马就有反应。,[操控],方向盘的转向是比较轻便的，操作起来会觉得非常的轻松，在转弯的时候也不需要担心。,[性价比],第一眼看到ER6颜值的时候就很喜欢了，特别是双拼的内饰，很有个性。,
"
    发表于  2021-05    

            
    
    
",没想到跟这个车的实际续航跟官标的相差不远，基本上580公里左右，还是可以接受的。,https://image1.xcarimg.com/attachments/my/1/89/90/928_120.jpg,xuser1909092,三星会员,4.5,外观,4,内饰,4,续航,5,空间,5,舒适,5,动力,4,操控,5,性价比,4,购入信息,爱车车型,购入时间,2021/1/1,购车地点, [山东省],裸车价格,24.15万  (厂商指导价 26.98万),续航里程,345km,购入用途,接送小孩,自驾游,爱车简评,这个车的质量是比较过关的，虽然是国产车，但是我从来不担心这个车的质量会不好。,爱车评价,[最满意],外观比较时尚吧，反正开出去我觉得非常的有面子，比较吸引人，我愿意开这种比较时尚的车。,[不满意],当时买车的时候就觉得赠送的礼品实在是太少了，所以想来想去总觉得心里有一些不舒服。,[外观],外观的造型还是挺符合现代的审美观念的，当时看到这个车的外观的时候就有种被这个车的外观给吸引的，特别是腰线的设计。,[内饰],这个车的内饰看着确实是挺时尚的，特别是档杆的设计，摸上去很舒服，而且也是比较实用的。,[续航],[空间],空间就不用说了，从外面就可以看得出来，这个车的空间绝对是非常大的。,[舒适],坐在车里面会觉得很平缓，基本上没有什么太大的颠簸感，我觉得隔音效果也是非常的好，非常的舒服。,[动力],不管是前期的提速还是后期的提速，只要你踩油门就能感觉到这个车的动力还是非常给力的。,[操控],方向盘的转向是灵活的，特别是在转弯的时候，你会发现特别的好操作。,[性价比],身边很多的朋友都开这个车，而且都建议我买这个车，说明这个车的质量的确是非常过关的。,
"
    发表于  2021-05    

            
    
    
",很多人买这个车都会担心续航里程，但实际上续航里程非常足够，充一次电可以管很长的时间。,https://image1.xcarimg.com/attachments/my/1/89/92/823_120.jpg,xuser1909282,三星会员,4.63,外观,5,内饰,4,续航,5,空间,4,舒适,4,动力,5,操控,5,性价比,5,购入信息,爱车车型,购入时间,2021/1/1,购车地点, [重庆市],裸车价格,24.14万  (厂商指导价 26.98万),续航里程,344km,购入用途,接送小孩,自驾游,爱车简评,选这个车的原因可以说太多了，但我觉得最主要的还是这个车各方面都比较吸引我，比较打动自己，其他车都让我心动不了，只有看到这个车就有想购买的欲望。,爱车评价,[最满意],这个车的质量还是比较过关的，虽然是国产车，但我从来不担心质量会不好。,[不满意],车的储物空间没有那么大，因为平时家人比较喜欢吃零食，就喜欢把零食塞到储物格里去，但是总觉得这个车的储物空间有些少。,[外观],开这个车出去会觉得非常的有面子，而且在街上的回头率也比较高，对于这种好看的外观我当然是非常喜欢的。,[内饰],比较喜欢的是方向盘的设计，上面的一些按钮是非常方便行车过程中操作的。,[续航],[空间],总觉得这个车的储物空间有些少，每次零食都不够放，但是也没有什么太大的影响，用的话还是正常的用吧。,[舒适],太喜欢这个车的舒适性了，每次启动的时候都听不到任何声音，我觉得这个车的隔音效果真的太好了。,[动力],车子提速非常快，主要表现在前期提速比较快，每次一踩油门，这个车的速度就立马会有反应，而且比别的车要快很多。,[操控],方向盘的转向是比较轻便的，操作起来会觉得非常的轻松，转弯的时候也不需要担心。,[性价比],如果说这个车价格很贵的话，我压根就不会去考虑这个车了，就是因为这个车便宜，我才会去选择这个车的。,
"
    发表于  2021-05    

            
    
    
",我对这辆车最满意的也就是他的续航能力比较高，一开始我买这辆车子的时候，服务员就有介绍，并且他的电耗也不会太高，我充满一回电，在市区跑都是十天左右才续充的，这样的车子可以为我省不少钱。,https://image1.xcarimg.com/attachments/my/1/89/92/799_120.jpg,xuser1909279,三星会员,4.5,外观,4,内饰,4,续航,5,空间,5,舒适,4,动力,5,操控,4,性价比,5,购入信息,爱车车型,购入时间,2021/1/1,购车地点, [天津市],裸车价格,24.13万  (厂商指导价 26.98万),续航里程,343km,购入用途,自驾游,跑长途,爱车简评,看了很多新能源车型，发现还是ER6的性价比最高，各方面综合实力很出色，所以最终选择了它。,爱车评价,[最满意],最满意的就是这款车的外观比较时尚，开出去令我非常有面子，比较吸引人，还有这款车的续航能力我也是比较满意的，充一次电能跑很长的路程。,[不满意],最不满意的就是当时在买车的时候价位降的比较少，并且礼品赠的也实在太少了，这样的话，让我买这款车子心里总有些不舒服。,[外观],这款车的外观造型是符合现代化的审美观念的，当时看到这款车的时候，我就是被它的外观所吸引，从侧面看，它的腰线设计飞非常流畅，线条感也非常的美观，开到外面是非常有面子的一款车型。,[内饰],这个车的内饰看着也是设计特别时尚，特别是挡杆的设计，摸上去特别舒服，很贴合手感，而且我最喜欢它里面的超大中控屏设计，像是一个大平板一样，画面感也非常清晰，中控台面能看到的地方都是软质包裹居多，手感也比较好，内饰材料上还是比较用心的。,[续航],[空间],空间从外面就可以看得出来，这款车的空间是绝对非常大的，因为这款车身的结构是三厢的，车身长度也足够，所以里面的空间在坐满人的情况下也是可以的。,[舒适],坐在这个车里面行驶的时候，感觉是很平缓的，因为它的底盘比较稳定，基本上没有什么太大的颠簸感，隔音效果方面也比较好，因为是电车没有了发动机的轰鸣声，里面的座椅有靠背调节，腰部支撑双向调节的功能，并且有记忆功能，也有加热的功能，冬天特别实用。,[动力],这款车的动力，不管是前期提速还是后期的加速，都是让你感觉到非常给力的，别看它是一款电车，当你踩油门的时候，就能感觉到它的推背感十足，一点儿也不比加油的车子差。,[操控],它的方向盘设定是比较灵活的，转向的时候也是比较精准，挡把的设计也比较贴合手感，实用性特别强，加上它有360全景影像的设计，在我倒车的时候，对我帮助很大，并且它有多种操控模式，可以面对不同的路况。,[性价比],买这个车的理由有很多，最主要的一方面就是它的用车成本比较打动我，并且它的内饰设计也是比较高档豪华的，有种打动我想要购买的欲望，当时也是特别喜欢这款车的外观，所以在经过深思熟虑之后，就拿下了想要购买这款车型。,
"
    发表于  2021-05    

            
    
    
",很多人买电动车都会有这个担心，怕续航不够，但实际上这个车的续航里程非常长，充满一次电可以跑580公里左右。,https://image1.xcarimg.com/attachments/my/1/89/92/179_120.jpg,xuser1909217,三星会员,4.63,外观,5,内饰,5,续航,4,空间,5,舒适,4,动力,4,操控,5,性价比,5,购入信息,爱车车型,购入时间,2021/1/1,购车地点, [上海市],裸车价格,24.12万  (厂商指导价 26.98万),续航里程,342km,购入用途,接送小孩,自驾游,爱车简评,这车是偶然一次机会看到的，被宣传的续航和外观吸引了，了解了之后觉得融资方案也合适，不需要太高的首付，对于刚买完房的我这样的购车方案显得很友好，没有太大压力。,爱车评价,[最满意],最满意的就是车子的质量，虽然是国产车，但是我从来不担心车子的质量会不好。,[不满意],总觉得这个车的储物空间没有那么大，感觉零食都不够地方放，显得车里面有一些乱。,[外观],这个车的外观的确是比较时尚的，我相信很多年轻人都会喜欢这样的外观吧，开出去会觉得非常的有面子。,[内饰],其实我对内饰的要求并不高，这车的内饰设计看上去就比较大气。,[续航],[空间],我相信每个人对车的空间都有一些自己的要求。当时看这个车的时候，就专门试了一下这个车的空间，我们一家人坐在后排都觉得空间挺大的，比较宽敞，不会拥挤。,[舒适],太喜欢这个车的舒适性了，这个车的隔音效果真的是太好了，每次启动车子的时候我都听不到任何的声音。,[动力],我对动力的要求还是比较高的，但这个车的动力的确是非常给力，前期提速比较快，每次一踩油门速度立马就会有反应。,[操控],方向盘的转向是比较轻便的，操作起来会觉得非常的轻松，转弯的时候不需要担心。,[性价比],身边很多朋友都开这个车，而且都建议我买这个车，说明这个车的质量的确是非常过关的。,
"
    发表于  2021-05    

            
    
    
",充满一次电大概可以跑570km左右，对于家里日常使用需求，这个续航里程相当不错。,https://image1.xcarimg.com/attachments/my/1/89/92/166_120.jpg,xuser1909216,三星会员,4.13,外观,4,内饰,4,续航,4,空间,5,舒适,4,动力,4,操控,4,性价比,4,购入信息,爱车车型,购入时间,2021/1/1,购车地点, [北京市],裸车价格,24.11万  (厂商指导价 26.98万),续航里程,341km,购入用途,购物,接送小孩,爱车简评,买这个车之前也看了很多车型，总觉得不够完美，偶然的机会了解到这款车，了解后发现这款车真的很不错，所以就买了。,爱车评价,[最满意],智能车机的表现挺让我满意的，说出语音指令可以开关车窗、空调。还可以查天气、查邮件，还可以提醒车主是不是有快递待取。,[不满意],这款车我目前觉得各方面都挺满意的，暂时还没有发现不满意的地方，如果有发现的话，我后期会补充。,[外观],这款车的造型设计很新颖，也很独特，LED的光源照明情况很不错。,[内饰],内饰有很多软皮的包裹，摸起来的手感很不错，车内的做工也完全对得起这个价格。,[续航],[空间],我是偏胖的体型，坐在车内感觉还是很宽敞的，后排空间没有想象中的那么小。,[舒适],座椅有电动调节，包裹性不错，软硬程度也可以，而且车内几乎没有噪音。,[动力],电门踩下去动力马上就来了，开这辆车在高速行驶确实是很爽。,[操控],方向盘的手感挺不错的，想要变道的时候很轻松，比油车更好开。,[性价比],其实我也是第一次买新能源车，一开始对续航里程有些担忧，但是试驾了ER6之后完全打消了我的担忧，续航里程确实挺不错的，现在的科技越来越牛了。又去体验了一下内饰，空间挺大的，而且内饰设计的也符合我的品位，车子也好操控，所以就把车订下来了。,
"
    发表于  2021-05    

            
    
    
",很多人买电动车都会有这个担心，怕续航不够，但实际上这个车的续航里程非常长，充满一次电可以跑580公里左右。,https://image1.xcarimg.com/attachments/my/1/89/92/160_120.jpg,xuser1909216,三星会员,4.63,外观,5,内饰,5,续航,4,空间,4,舒适,4,动力,5,操控,5,性价比,5,购入信息,爱车车型,购入时间,2021/1/1,购车地点, [上海市],裸车价格,24.12万  (厂商指导价 26.98万),续航里程,342km,购入用途,购物,接送小孩,爱车简评,这车是偶然一次机会看到的，被宣传的续航和外观吸引了，了解了之后觉得融资方案也合适，不需要太高的首付，对于刚买完房的我这样的购车方案显得很友好，没有太大压力。,爱车评价,[最满意],最满意的就是车子的质量，虽然是国产车，但是我从来不担心车子的质量会不好。,[不满意],总觉得这个车的储物空间没有那么大，感觉零食都不够地方放，显得车里面有一些乱。,[外观],这个车的外观的确是比较时尚的，我相信很多年轻人都会喜欢这样的外观吧，开出去会觉得非常的有面子。,[内饰],其实我对内饰的要求并不高，这车的内饰设计看上去就比较大气。,[续航],[空间],我相信每个人对车的空间都有一些自己的要求。当时看这个车的时候，就专门试了一下这个车的空间，我们一家人坐在后排都觉得空间挺大的，比较宽敞，不会拥挤。,[舒适],太喜欢这个车的舒适性了，这个车的隔音效果真的是太好了，每次启动车子的时候我都听不到任何的声音。,[动力],我对动力的要求还是比较高的，但这个车的动力的确是非常给力，前期提速比较快，每次一踩油门速度立马就会有反应。,[操控],方向盘的转向是比较轻便的，操作起来会觉得非常的轻松，转弯的时候不需要担心。,[性价比],身边很多朋友都开这个车，而且都建议我买这个车，说明这个车的质量的确是非常过关的。,
"
    发表于  2021-05    

            
    
    
",这车的电池真的很好，续航里程还是非常长的，充一次电可以开很久。,https://image1.xcarimg.com/attachments/my/1/89/92/146_120.jpg,xuser1909214,三星会员,4.5,外观,4,内饰,4,续航,4,空间,4,舒适,5,动力,5,操控,5,性价比,5,购入信息,爱车车型,购入时间,2021/1/1,购车地点, [北京市],裸车价格,24.11万  (厂商指导价 26.98万),续航里程,340km,购入用途,购物,接送小孩,爱车简评,买这个车之前也看了很多车型，总觉得不够完美，偶然的机会了解到这款车，了解后发现这款车真的很不错，所以就买了。,爱车评价,[最满意],智能车机的表现挺让我满意的，说出语音指令可以开关车窗、空调。还可以查天气、查邮件，还可以提醒车主是不是有快递待取。,[不满意],这款车我目前觉得各方面都挺满意的，暂时还没有发现不满意的地方，如果有发现的话，我后期会补充。,[外观],这款车的造型设计很新颖，也很独特，LED的光源照明情况很不错。,[内饰],内饰有很多软皮的包裹，摸起来的手感很不错，车内的做工也完全对得起这个价格。,[续航],[空间],我是偏胖的体型，坐在车内感觉还是很宽敞的，后排空间没有想象中的那么小。,[舒适],座椅有电动调节，包裹性不错，软硬程度也可以，而且车内几乎没有噪音。,[动力],电门踩下去动力马上就来了，开这辆车在高速行驶确实是很爽。,[操控],方向盘的手感挺不错的，想要变道的时候很轻松，比油车更好开。,[性价比],其实我也是第一次买新能源车，一开始对续航里程有些担忧，但是试驾了ER6之后完全打消了我的担忧，续航里程确实挺不错的，现在的科技越来越牛了。又去体验了一下内饰，空间挺大的，而且内饰设计的也符合我的品位，车子也好操控，所以就把车订下来了。,
"
    发表于  2021-04    

      
        
    
    
",续航OK，官方当初给出的续航数据是505，实际是在389左右吧！整体还行，没有太拉分！,https://image1.xcarimg.com/attachments/my/1/88/09/879_120.jpg,xuser1890987,支柱会员,4.75,外观,5,内饰,5,续航,5,空间,5,舒适,5,动力,4,操控,4,性价比,5,购入信息,爱车车型,购入时间,2021/3/1,购车地点, [重庆市],裸车价格,23.69万  (厂商指导价 24.98万),续航里程,489km,购入用途,上班,购物,爱车简评,自从买了这台车，生活变得更有信心啦！哈哈，颜值好高啊！很少见到这么好看的车子！,爱车评价,[最满意],车子空间挺大的！我是一个卖衣服的！偶尔会开着它进货，能放下很多货物呢！颜值也是很漂亮！,[不满意],我暂时没有发现这台车有什么不足的地方，买它之前就已经各方面都考察过了！哈哈觉得是完美的车子才入手的！,[外观],外观第一眼就会让人印象深刻！看起来很新颖！属于那种超未来的感觉！就好像是科幻大片里面英雄驾驶的车子一样！,[内饰],内饰看起来沉稳大气，有一种低调奢华的感觉，大屏设计我也挺满意的，开车过程中也能操作！,[续航],[空间],空间挺大！我觉得比同价位电动车要大很多！后备箱能放下四五包衣服呢！后排座椅坐三个人也很轻松！,[舒适],座椅柔软！减震效果好！没有异味！车子视野开阔！这些都让它的舒适度变得很高！,[动力],我觉得动力OK！没有什么不满意的！毕竟才二十万出头的车子，不能把它当成赛车用！,[操控],操控精准，方向盘轻盈，转向无虚位！开着它可以应对各种路况！,[性价比],我和家人都对这台车给予很高的评价！综合感受不错！满意！性价比高！,展开全部
"
    发表于  2021-04    

      
        
    
    
",续航能力也算是比较出众的！一口气跑个400公里轻轻松松！在高速公路上更省电！,https://image1.xcarimg.com/attachments/my/1/88/09/880_120.jpg,xuser1890988,支柱会员,4.88,外观,5,内饰,5,续航,4,空间,5,舒适,5,动力,5,操控,5,性价比,5,购入信息,爱车车型,购入时间,2021/3/1,购车地点, [河北省],裸车价格,23.59万  (厂商指导价 24.98万),续航里程,488km,购入用途,上班,购物,爱车简评,整体车身的设计比较符合我和家人的审美！特别大气！开车出去非常有面子！,爱车评价,[最满意],日常代步的最佳选择！哈哈！我很喜欢它的颜值！造型也太给力了吧！颇具科技感！,[不满意],要说不满意的地方，其实也是有一点，那就是内饰的大屏我不是很喜欢！感觉有一点占地方！,[外观],车子外观没有任何挑剔点！各方面都很不错！前脸设计和后面尾部的造型都让人眼前一亮！,[内饰],车子内饰也算可以吧！前面也说过了，不是很喜欢大屏，看起来挺憨的，虽然家人说好看，但是我真的不喜欢！,[续航],[空间],车子空间没有问题！坐五个人很容易！后排座椅也很大！后备箱能够轻松放下三个行李箱！,[舒适],喜欢它的舒适度，驾驶这台车让我有一种自由自在的感觉！座椅让人很放松！,[动力],车子动力不差，开着它可以跋山涉水，我很喜欢它的推背感！让我感觉自己像是赛车手一样！,[操控],车子的操控感受也算是比较好的吧！对这个没有什么研究，就是单纯觉得很好开！,[性价比],开了也快一个月了吧！非常喜欢！感觉性价比高！兄弟们别等待！快入手吧！,展开全部
"
    发表于  2021-04    

            
    
    
",车子的续航没有什么问题，充满电可以坚持480KM！这已经算是很厉害了！和燃油车差不多吧！,https://image1.xcarimg.com/attachments/my/1/88/09/882_120.jpg,xuser1890988,支柱会员,4.75,外观,5,内饰,5,续航,5,空间,5,舒适,4,动力,4,操控,5,性价比,5,购入信息,爱车车型,购入时间,2021/4/1,购车地点, [河北省],裸车价格,23.65万  (厂商指导价 24.98万),续航里程,480km,购入用途,上班,购物,爱车简评,绝对的好车！开起来非常省力！动力强悍！驾驶感受一流！外观也没得挑！,爱车评价,[最满意],我很满意这台车的造型，看起来挺时尚的！非常年轻，富有朝气！男女都能驾驭，我和老公经常换着开！,[不满意],车子不满意的地方其实还没有发现呢！没有必要鸡蛋里挑骨头！我就觉得各方面都很好啊！,[外观],车子的外观嘛，我觉得对比同价位的电动车，它应该算是最酷的一个了吧！流畅的线条设计，大气的前脸造型！,[内饰],内饰我和我老公都非常满意！因为它的内饰就非常精致！有那种豪车的感觉！功能也很多！,[续航],[空间],空间表现我也很满意！它的内部空间和外观一样！用一次字形容！那就是“大”！,[舒适],之前开车带着朋友们出去玩！大家都说车子空间大，坐上去很舒服！而且座椅也很软！挺高档的感觉！,[动力],动力丝毫不输老公那一台燃油车！我轻踩油门的时候也能够感受到车子快速的回应！,[操控],操控感受还不错吧！至少我觉得很好开！比较平顺，让驾驶过程更安全！,[性价比],性价比挺高的一台车子！节能环保！造型酷炫！我真的超喜欢！,
"
    发表于  2021-04    

            
    
    
",车子续航满足我平时外出的需求！因为大部分时间都在小县城跑，所以对续航要求不是很高！,https://image1.xcarimg.com/attachments/my/1/88/09/883_120.jpg,xuser1890988,支柱会员,4.88,外观,5,内饰,5,续航,4,空间,5,舒适,5,动力,5,操控,5,性价比,5,购入信息,爱车车型,购入时间,2021/3/1,购车地点, [河北省],裸车价格,23.8万  (厂商指导价 24.98万),续航里程,486km,购入用途,上班,购物,爱车简评,喜欢它已经很久了，和老婆商量之后决定买下它，现在每天都会开，各方面我都很喜欢！,爱车评价,[最满意],车子外观就很有感染力！看上去特别高档，而且富有朝气，活力满满的感觉！内饰也不错！值得购买！,[不满意],要说不满意的地方？抱歉真的没有发现呢！哈哈！这可能就是人们说的“情人眼里出西施”吧！,[外观],车子外观怎么看怎么喜欢！各个角度都很好看！车灯的造型也很别致，非常具有时代气息！科技感十足！,[内饰],内饰不错，同价位的车子里，还属它的内饰最时尚呢！看起来不平庸！有创新！大屏也很给力！,[续航],[空间],对于车子的空间没有什么需要吐槽的！非常大！坐上去很安逸！后备箱布局也很合理！,[舒适],车子舒适度一百分吧！哈哈！真的很喜欢坐在里面的感觉，清爽、柔软、安逸！,[动力],之前一直都在开燃油车，后来换了这台车，觉得动力没有差太多吧！一脚油门还是挺冲的！,[操控],操控感不错！我老婆是驾驶新手，她都能够轻松驾驶！可见车子非常容易操控！,[性价比],性价比我认为还是很高的！挺值得购买的吧！电动车环保节能，最重要的能省下不少的油钱！,
"
    发表于  2021-04    

      
        
    
    
",车子续航不差，如果平时只是上下班的话，充一次电，跑10天没有问题，出远门来回也是可以的！,https://image1.xcarimg.com/attachments/my/1/88/09/884_120.jpg,xuser1890988,支柱会员,4.75,外观,5,内饰,4,续航,4,空间,5,舒适,5,动力,5,操控,5,性价比,5,购入信息,爱车车型,购入时间,2021/3/1,购车地点, [河北省],裸车价格,23.59万  (厂商指导价 24.98万),续航里程,490km,购入用途,上班,购物,爱车简评,这台车的外观很赞！样式新颖！车灯的形状我也很喜欢，前脸辨识度非常高！,爱车评价,[最满意],买车的目的其实挺简单，就是为了上下班方便，这台车续航强，能满足我日常出行，颜值我也很满意！,[不满意],车子不满意的地方可能就是刹车的时候，偶尔会出现异响，也不知道是怎么回事！,[外观],外观就是那种大气优雅的设计，造型时尚别致，看起来有着很高的辨识度！我家人也很喜欢！,[内饰],内饰算是中规中矩吧！除了大屏之外，就没有什么其他的亮点了！不过简约的风格还是挺好看的！,[续航],[空间],空间不能说超大吧，但是日常使用是完全足够的！不管是拉人还是载货都能应付一下！,[舒适],这台车的座椅材质很不错！具有良好的支撑效果，对于我这种经常腰疼的人来说真的很友好！,[动力],动力还是非常强大的！开出去的时候想要超车随时都可以！不过还是应该开慢一点！,[操控],这款车带给我良好的操控感受！没有想到电动车竟然也能这么给力！哈哈！,[性价比],性价比算是同价位里面比较高的一款车了吧！电动车真的挺省钱！,展开全部
"
    发表于  2021-04    

      
        
    
    
",续航是我喜欢的那种状态，大概充满电可以跑400多公里！真的很棒了！不比燃油车差的太多！,https://image1.xcarimg.com/attachments/my/1/88/09/885_120.jpg,xuser1890988,青铜长老,4.63,外观,5,内饰,5,续航,5,空间,4,舒适,4,动力,5,操控,4,性价比,5,购入信息,爱车车型,购入时间,2021/3/1,购车地点, [河北省],裸车价格,23.68万  (厂商指导价 24.98万),续航里程,475km,购入用途,上班,购物,爱车简评,车子开了也快两个月了，综合感受不错！颜值非常给力，看起来高大上，开出去很有面子！,爱车评价,[最满意],充满时尚气息的外观让人不能不爱！看起来特别大气！内饰也算精致简约风！大屏很酷炫！,[不满意],不满意的是车子的噪音吧！胎噪在高速公路上比较响，不过如果打开音响的话，几乎就听不到了！不算太大问题！,[外观],外观真的超给力，当初在4S店里面看到这台车的时候有一点惊喜！怎么会有这么好看的车子呢！太有科技气息了！,[内饰],内饰比较年轻简约，属于那种大方的设计风格，其中的功能比较多，该有的一个都不少！,[续航],[空间],后排座椅宽敞，空间很大，坐一个成年人的话，膝盖和前排座椅距离大概有两个拳头左右吧！,[舒适],舒适度果然很棒！座椅软硬刚刚好，没有异味，车子的减震效果也比较出色！,[动力],作为一台比较平价的电动车来说，它的动力还算是比较厉害的吧！开车的时候很强劲！没有顿挫感！,[操控],操控感受也还好！开长途的时候都不会累！主要是因为方向盘很轻盈，特别容易掌握！,[性价比],性价比算是很高了！造型真的很好开！开车出去人人都会回头观望！,展开全部
"
    发表于  2021-04    

            
    
    
",车子续航能够满足我所有日常出行的需求，不管是上下班，去商场购物还是自驾游都可以！,https://image1.xcarimg.com/attachments/my/1/88/09/889_120.jpg,xuser1890988,青铜长老,4.75,外观,5,内饰,4,续航,4,空间,5,舒适,5,动力,5,操控,5,性价比,5,购入信息,爱车车型,购入时间,2021/3/1,购车地点, [河北省],裸车价格,23.6万  (厂商指导价 24.98万),续航里程,480km,购入用途,上班,购物,爱车简评,朋友推荐给我的一款车，第一眼就相中它了，的确符合我的审美眼光，看起来很酷！,爱车评价,[最满意],其实这台车是我一个朋友推荐给我的！当初他说完之后我就去看了，外观的确很时尚，是我的菜！,[不满意],我觉得车子本身没有毛病，美中不足就是优惠力度太小了，可能是新上市的原因吧，没有便宜多少钱！,[外观],外观好看，属于那种越看越喜欢的类型，各方面都很完美，圆润的弧度造型，还有时尚线条设计都很不错！,[内饰],内饰也可以！比较实用！很多功能都非常强大！而且内饰做工也算细腻精致吧！没有廉价感！,[续航],[空间],空间不错，我们平时一家四口人坐在里面显得很宽松，不会有压迫的感觉！,[舒适],车子舒适度还是非常高的！座椅坐上去的时候比较放松，柔软包裹性强，开远路也不怕腰疼！,[动力],毫无疑问，这台车的动力真的超级强，加速过程中背部会有酥麻的感觉！哈哈这就是推背感吧！,[操控],操控容易上手，我一开始也没有开过电动车，第一次开这台车觉得很轻松！,[性价比],车子应该比较保值吧！性价比高！入手之后从来都没有后悔过呢！真的是越来越喜欢！,
"
    发表于  2021-04    

      
        
    
    
",续航能够坚持到480已经让我刮目相看了，感觉在高速公路会更省电一点呢！,https://image1.xcarimg.com/attachments/my/1/88/09/891_120.jpg,xuser1890989,青铜长老,4.88,外观,5,内饰,4,续航,5,空间,5,舒适,5,动力,5,操控,5,性价比,5,购入信息,爱车车型,购入时间,2021/3/1,购车地点, [重庆市],裸车价格,23.57万  (厂商指导价 24.98万),续航里程,480km,购入用途,上班,购物,爱车简评,好喜欢它的驾驶感受，非常顺畅，像我这种新手都能在这台车里快速变身老司机！,爱车评价,[最满意],车子的外观让我一见钟情！哈哈真的很漂亮，另外内饰的中控大屏也让我爱不释手！非常好用！,[不满意],胎噪是我不满意的地方，一般在市区开车听不到，但是跑高速就会听到！这一点还挺烦的！,[外观],外观是年轻人都特别喜欢的那种科幻风，就好像是超级英雄开的车子，非常的酷炫，线条大方流畅！,[内饰],内饰挺满意的！大屏设计真的太醒目了！谁坐在车里都会夸赞它的大屏设计！,[续航],[空间],空间大！平时都是我和女朋友两个人乘车出去，够用了，偶尔满载也是轻松无压力！,[舒适],舒适度不比那些四五十万的豪车差到哪里去！我觉得很不错！座椅真的好软呀！非常惬意放松！,[动力],动力强，这一点从它加速时候的推背感就可以发现！真的算是比较厉害的电动车！,[操控],车子操控的方式比较简单，而且其中很多的按钮设计都比较人性化，方向盘灵活无虚位！,[性价比],入手不亏的一款高性价比电动车！环保又省油！我太喜欢啦！,展开全部
"
    发表于  2021-04    

            
    
    
",车子续航并没有让我这位新手司机感到失望，毕竟买车也只是为了上下班，不跑长途，已经够用了！,https://image1.xcarimg.com/attachments/my/1/88/09/892_120.jpg,xuser1890989,青铜长老,4.63,外观,5,内饰,4,续航,5,空间,5,舒适,5,动力,4,操控,4,性价比,5,购入信息,爱车车型,购入时间,2021/3/1,购车地点, [河北省],裸车价格,23.69万  (厂商指导价 24.98万),续航里程,485km,购入用途,上班,购物,爱车简评,二十万出头，不算贵但是也不便宜，感觉还是很值的！因为颜值漂亮，内饰功能丰富！,爱车评价,[最满意],买车子的时候就相中了它的颜值！非常霸气！适合我这种男性驾驶，给人一种高大上的感觉！,[不满意],不满意的地方就是车子里面会有奇怪的味道，可能是新车的原因吧，买了竹炭包，加上平时驾驶通风，现在好多了！,[外观],外观还是挺漂亮的，非常有特点，在我们县城，开这台车的人比较少，大家还以为这是什么豪车呢，细腻有质感！,[内饰],内饰满意，没有花里胡哨的装饰元素，看起来简约大方，而且中控屏够大，看起来更省力，不费眼！,[续航],[空间],我很喜欢它的空间布局，设计合理，而且非常宽敞，明亮的空间让人心情也变好了！,[舒适],车子具有良好的驾驶感受，舒适度高，座椅柔软，支撑性好，还有很强的包裹性！,[动力],动力没得挑，开起来很迅猛，非常给力，上坡的时候也是轻轻松松！,[操控],操控感受不一般！驾驶过的人应该都知道，就连开惯了燃油车的老婆都对它的驾驶感受赞不绝口！,[性价比],综上所述，车子性价比还是挺高的！值得大家入手，可以去试一试！,
"
    发表于  2021-04    

            
    
    
",续航也还行吧！毕竟不是燃油车不能要求太多！就跑个400多公里也算可以了！,https://image1.xcarimg.com/attachments/my/1/88/09/893_120.jpg,xuser1890989,青铜长老,4.75,外观,5,内饰,4,续航,4,空间,5,舒适,5,动力,5,操控,5,性价比,5,购入信息,爱车车型,购入时间,2021/3/1,购车地点, [天津市],裸车价格,23.68万  (厂商指导价 24.98万),续航里程,480km,购入用途,上班,购物,爱车简评,如同超级英雄的战车一样！简直太酷了！还有车子内饰我很喜欢！优雅大方！,爱车评价,[最满意],早就已经开始关注这款车子了，趁车4S店有活动将其拿下！哈哈一切都很喜欢！最满意它的颜值！那叫一个帅气！,[不满意],没感觉车子有啥不好的地方，各个方面我都比较满意，要说美中不足的话，那就是赠品有点少！,[外观],外观非常有诱惑力！我觉得没有哪个男孩子会不喜欢吧？酷酷的造型搭配光亮感十足的车漆，真的太帅了！,[内饰],内饰做工细腻，简约化的风格设计，让人赏心悦目，坐在里面不会显得杂乱，更加神清气爽！,[续航],[空间],车子空间毋庸置疑，真的非常大！坐五个人都很轻松，后排座椅宽敞，不会显得狭小拥挤！,[舒适],舒适度挺高的，坐在车里的时候和坐在家里的皮沙发上差不多，没有什么异味，空调效果也不错！,[动力],超车轻松，过弯路也很简单，动力强，不怕爬坡，有时候走一些泥泞的地方，也没有慢吞吞的感觉！,[操控],车子的操控感受好，尤其是它的方向盘材质真的很不错，手感细腻容易掌握！,[性价比],价格方面不算太贵，除了没有给赠品之外，其他各方面都很好！性价比高！,
"
    发表于  2021-04    

            
    
    
",续航可以了！我充满电之后，能坚持一周左右。跑480公里没有任何的问题！,https://image1.xcarimg.com/attachments/my/1/88/09/895_120.jpg,xuser1890989,青铜长老,4.75,外观,5,内饰,4,续航,5,空间,5,舒适,5,动力,5,操控,4,性价比,5,购入信息,爱车车型,购入时间,2021/3/1,购车地点, [河北省],裸车价格,23.7万  (厂商指导价 24.98万),续航里程,480km,购入用途,上班,购物,爱车简评,车子具有丰富的辅助驾驶功能！开车更安全，还有就是它的空间很大！坐五个人无压力！,爱车评价,[最满意],对于我这种经常喜欢短途游的人来说，这台车的效果非常给力！续航强、空间大！还非常省钱！,[不满意],买车这段时间，综合感受很不错，没有发现车子的缺点，之后如果有，再来做补充！,[外观],外观新颖时尚，充满科技感！喜欢它的尾部造型，看起来十分圆润饱满，不至于显得很突兀。自然不做作的那种高级感！,[内饰],车子内饰是很不错的！有一些功能我到今天都还没有尝试过，丰富的操作方式让人很是喜欢！,[续航],[空间],空间给力，坐三五个好友，大家一起去旅游，真的是一件非常开心的事情呀！,[舒适],车子具有不错的舒适度！不管是它座椅的材质，还是柔软程度都很好！值得信赖！,[动力],动力强，不用担心动力问题，因为它的爬坡效果也很不错！过一些难走的路也能轻松应对！,[操控],操控感受算是比较好的吧！虽然是电动车，但是很容易掌控，方向盘比燃油车更好用！,[性价比],性价比高，价格不算太贵！看一看它的内饰设计，就感觉真的太划算了！,
"
    发表于  2021-04    

            
    
    
",续航也很好，开着它跑400公里完全没有问题，够我日常代步使用了！让出行变得更方便！,https://image1.xcarimg.com/attachments/my/1/88/09/896_120.jpg,xuser1890989,青铜长老,4.75,外观,5,内饰,5,续航,5,空间,4,舒适,4,动力,5,操控,5,性价比,5,购入信息,爱车车型,购入时间,2021/3/1,购车地点, [河北省],裸车价格,23.94万  (厂商指导价 24.98万),续航里程,380km,购入用途,上班,购物,爱车简评,买了有一个多月了！感觉车子的造型挺酷的！身边的人都夸它好看！我个人也很喜欢！,爱车评价,[最满意],车子配置丰富，而且外观也一级棒！开着它上街，回头率真的超高！车标也非常酷！充满一种科技感！,[不满意],要说不满意？其实我还没有发现呢！毕竟买的时间也不是很长，等之后观察一段时间再说！,[外观],外观的设计大气时尚！拥有很多的原创设计，运动风的线条搭配活力满满的前脸造型，让人不爱都难！,[内饰],车子内饰我觉得挺好的！做工也很喜欢，整体材质都比较细腻环保！新车也不会有异味！,[续航],[空间],大气的车子空间也很宽敞，平时车里坐五个人没有一点问题，后备箱也能放各种杂物！,[舒适],车子坐上去还是挺舒服的！因为座椅的包裹性比较好，空调也很不错！静音也做的很到位！,[动力],动力挺强的，超车的时候只要轻轻踩一下油门，马上就可以感觉到车子的回应！,[操控],操控感受没有让我失望，方向盘轻盈易操控，感觉没有虚位！加油踏板的设计也不错！,[性价比],性价比很高！开着它出去，心情都变得很好了！非常满意！,
"
    发表于  2021-04    

      
        
    
    
",续航应该也可以！我之前充过两次电了，大概跑十多天就需要充一次吧！不算太费电！,https://image1.xcarimg.com/attachments/my/1/88/09/898_120.jpg,xuser1890989,青铜长老,4.88,外观,5,内饰,5,续航,4,空间,5,舒适,5,动力,5,操控,5,性价比,5,购入信息,爱车车型,购入时间,2021/3/1,购车地点, [河北省],裸车价格,23.59万  (厂商指导价 24.98万),续航里程,480km,购入用途,上班,购物,爱车简评,车子好酷呀！当初也没有想过要买它，但是第一眼看到就爱上了！没有办法只能入手了！哈哈！,爱车评价,[最满意],颜值真是没的说，最满意的应该就是外观了吧，第一眼看到的时候就很惊喜！怎么会有这么好看的车子呢！,[不满意],感觉这台车的刹车系统好像并没有想象中那么好！操作不是很给力，而且车子本身的制动性能似乎也没有特别出色！,[外观],线条优美，车漆够亮，在阳光下开的时候，整个车看起来亮闪闪的！好像是从未来穿越过来的一样！,[内饰],我觉得对比外观，内饰的创新比较少！没有什么让人感叹的元素！算是一般吧！大屏还是挺有看头的！,[续航],[空间],我很喜欢车子的空间大小，后备箱能够轻松容纳很多的东西，前后排座椅也比较宽敞！,[舒适],舒适度特非常高的一款车！因为它的减震效果不错！静音效果也很好！所以舒适度就很高！,[动力],动力应该算是同等价位电动车里面比较强悍的！我开着它可以去任何地方！非常方便！,[操控],车子操控感挺好的！我开着这台车能够放心去小路，因为方向盘没有虚位，指向精准！,[性价比],性价比特别高的一台车子，兄弟姐妹们如果也喜欢的话可以考虑入手哦！,展开全部
"
    发表于  2021-04    

      
        
    
    
",续航在我的接受范围之内吧！485KM不算太差！平时如果只是上下班的话，也能坚持一周左右！,https://image1.xcarimg.com/attachments/my/1/88/09/899_120.jpg,xuser1890989,青铜长老,4.75,外观,5,内饰,4,续航,4,空间,5,舒适,5,动力,5,操控,5,性价比,5,购入信息,爱车车型,购入时间,2021/3/1,购车地点, [河北省],裸车价格,23.97万  (厂商指导价 24.98万),续航里程,485km,购入用途,上班,购物,爱车简评,车子的舒适度很高，坐在里面不拥挤，而且座椅腰部支撑的效果很给力！,爱车评价,[最满意],非常喜欢的一款车子，从头到尾都特别酷！前脸设计真的很有质感！看起来很像是科幻大片里面的那种车子！,[不满意],不满意的是这台车的价格吧！可能有一点贵！不过勉强还是可以接受的，只要性价比高，一切都不是问题！,[外观],车子外观很新颖，大方时尚的线条设计，让人眼前一亮，车漆厚度均匀，不会出现那种廉价感！,[内饰],内饰符合我的需求，其中充满了智能元素，大屏设计看起来太酷了！孩子坐在车里都会惊叹好帅呀！,[续航],[空间],空间也是我非常喜欢的一方面，宽敞明亮的空间，让人坐在里面会有好心情！,[舒适],舒适度高！车子座椅很柔软，而且内饰的材质比较用心，环保绿色，没有什么味道！,[动力],动力强，加速的时候可以明显有那种推背感！超车也是很轻松的事情！,[操控],车子的操控感受我个人比较满意，之前开过燃油车，感觉还没有这台车子操控性好呢！,[性价比],性价比非常高，值得购买！即使是天气冷了，它的续航也都比较平稳正常！,展开全部
"
    发表于  2021-04    

            
    
    
",目前来看，这台车的续航表现还是很不错的！我比较放心，只要后续能够一直保持就可以了！,https://image1.xcarimg.com/attachments/my/1/88/09/900_120.jpg,xuser1890990,青铜长老,4.75,外观,5,内饰,4,续航,4,空间,5,舒适,5,动力,5,操控,5,性价比,5,购入信息,爱车车型,购入时间,2021/2/1,购车地点, [河北省],裸车价格,23.79万  (厂商指导价 24.98万),续航里程,480km,购入用途,上班,购物,爱车简评,上汽集团的王牌汽车！哈哈！反正我最喜欢了！造型很酷！看起来时尚优雅！大气有派头！,爱车评价,[最满意],这款电动车很多地方我都比较满意，比如说够环保够节能，非常省钱！开车的感觉也舒适，而且车子也没有噪音！,[不满意],目前为止，真的没有发现车子有啥缺点，整体我都挺喜欢的！就是价位当初如果再优惠一些，那它就是世界上最完美的代步工具了。,[外观],这款车的外观很有特色，身边的人都很喜欢，看起来非常的时尚，而且车身线条优雅流畅！,[内饰],内饰的大屏让人眼前一亮，不能说非常豪华吧！但是充满了精致感！就很有个性吧！我挺喜欢的！,[续航],[空间],空间挺大的！我们家里一共有四个人，坐在里面非常的放松！宽敞的座椅让舒适度提升！,[舒适],空间大，所以就会有很高的舒适度！坐在车里面的时候，空气清新，没有异味！挺不错！,[动力],动力还行吧！不能说非常迅猛！但是也足够我日常外出使用了！和燃油差也差不了太多！,[操控],操控感受也挺让我感到惊喜的！方向盘好精准啊！感觉都没有虚位！容易掌握！,[性价比],性价比非常高的一款车子，我和先生都很喜欢！两个人经常换着开！,
"
    发表于  2021-04    

            
    
    
",这台车的续航算是在我的意料之中吧！一口气能够坚持跑480！这样的情况对于电动车来说已经很牛了！我是挺知足的！开着它不用担心费电的问题，而且最重要的是省钱呀！,https://image1.xcarimg.com/attachments/my/1/88/09/902_120.jpg,xuser1890990,青铜长老,4.63,外观,5,内饰,4,续航,4,空间,5,舒适,5,动力,5,操控,4,性价比,5,购入信息,爱车车型,购入时间,2021/3/1,购车地点, [河北省],裸车价格,23.59万  (厂商指导价 24.98万),续航里程,480km,购入用途,上班,购物,爱车简评,感觉这是一款诚意满满的车子！无论是内饰、外观还是续航都十分出色，让人不得不爱！,爱车评价,[最满意],超带感的一款车子，我对它也算是一见钟情吧！就外观真的很霸气啊！谁会不喜欢呢？它的空间也特别大！开车的时候感觉很轻松，驾驶感受蛮好的！,[不满意],不满意的应该是车子味道吧！异味问题其实我也早已经预料到了，毕竟这也算是大部分新车的统一缺点吧！当然也不能说是缺点，毕竟只要通通风就能缓解了！现在这台车里已经没有什么味道了！,[外观],外观就是很多年轻人都比较喜欢的那种类型，时尚、大气、看起来高端上档次，不会显得很廉价。感觉和老妈那一台奔驰放在一起，也丝毫不掉价。车子回头率也非常高！,[内饰],内饰算是比较好的一种了，配色很不错，新颖时尚，包裹性设计，让大部分都具有柔软细腻的触感，它的功能也十分强大，该有的功能都已经具备了，所以开车过程也非常享受！,[续航],[空间],空间大！我们家里一共有五个人，偶尔会一起短途游，坐在车里面一点都不显得拥挤！有时候后排座位甚至可以放下四个人！后备箱也能够容纳很多的杂物！,[舒适],除了异味之外，其他都挺好，舒适度给个90分没有问题！内饰的精致设计，让人有一种赏心悦目的感觉，加上舒适的座椅，在里面更加惬意！,[动力],动力也是在我的预料范围之内吧！不能说非常强悍，但是日常出行完全够用，毕竟也不是用来飙车的，所以对于它的动力没有什么要求！,[操控],车子的方向盘特别轻盈，基本上是指哪打哪吧！我开着它能够非常放心，不用担心堵车的问题，因为车子比较灵活，随时都可以起步，油门也很灵敏！,[性价比],车子具有极高的性价比，我越来越觉得它值得这个价钱！前段时间天气比较冷，可是车子续航还是挺稳定的，不知道等到了冬天会不会变差？让我们拭目以待吧！后续如果有不满意的地方，会来补充！哈哈！,
"
    发表于  2021-04    

            
    
    
",续航OK！我感觉够用！每次充完电之后我能够跑个8/9/10天吧！看情况而定，总体来说跑400多公里问题不大！和官方说的那个续航数其实也相差不多！,https://image1.xcarimg.com/attachments/my/1/88/09/904_120.jpg,xuser1890990,青铜长老,4.63,外观,5,内饰,5,续航,5,空间,4,舒适,5,动力,4,操控,4,性价比,5,购入信息,爱车车型,购入时间,2021/3/1,购车地点, [河北省],裸车价格,23.95万  (厂商指导价 24.98万),续航里程,480km,购入用途,上班,购物,爱车简评,近乎完美的一款车子，不管是外观还是它的操控感觉都让人感到非常惊喜！,爱车评价,[最满意],要问我最满意这台车什么地方？那我首先就会说它那充满梦幻和科技感的外观，其次就是内部空间够大，底盘调校也不错，走山路都是小意思！有时候因为工作需要下乡，所以开着它就很方便啊！不担心会有蹭底盘的情况！,[不满意],整体不错，我觉得吧这台车没有什么让我不满意的地方，要费鸡蛋里挑骨头的话，那也有一个小缺点就是胎噪问题了，可能是因为车子密封性不是特别好吧，跑高速公路的时候能够听到轻微胎噪声音，其他的就没有什么了！,[外观],外观真的很大气，很少在街上看到这样的车子，之前第一次去4S店里就被它的高颜值给征服了！车子的辨识度也特别高，走在街上的时候，可以发现不少路人都会忍不住回头看。哈哈！我太自豪了！,[内饰],内饰感觉算是很良心了，设计时尚，用料也好！算是同价位中很不错的了，中控屏非常大、看着很方便！空调出风口的形状我也很喜欢，很多的细节处理都比较到位，而且其中的颜色搭配看起来有一种优雅高端的感觉！,[续航],[空间],我身高一米八三，坐在车子里面头顶和车顶还有一个拳头左右的距离，还是挺宽松的！驾驶感受不错，因为腿部空间大，所以很放松！有时候车子里面坐我们一家四口，一点都不挤得慌！,[舒适],舒适度感觉特别高呀！坐在车里甚至都不想回家了，座椅软硬刚刚好，和家里的沙发感觉差不多！而且车子的空调也不错！制冷制热都很快！冬天温暖！夏天凉爽！,[动力],动力好，之前开空调，也没有感觉到动力有什么不好的变化，还算比较稳定的吧！加速的时候也会出现比较强烈的推背感！,[操控],操控感受也是相当不错！尤其是适合我这种新手了，功能非常多，辅助驾驶设置让开车变得更安全了，可以选择不同的驾驶模式，方便出行！,[性价比],我觉得这台车非常与众不同！虽然是二十几万的车子，但是我还是心甘情愿买了它！性价比高！应该还挺保值吧！,
"
    发表于  2021-04    

      
        
    
    
",续航在490左右吧，已经很给力了！主要是这台车仪表盘能够清楚地看到续航情况，让我不至于被丢在半路，这一点还是挺人性化的，感觉特别方便！,https://image1.xcarimg.com/attachments/my/1/88/09/905_120.jpg,xuser1890990,青铜长老,4.88,外观,5,内饰,5,续航,5,空间,4,舒适,5,动力,5,操控,5,性价比,5,购入信息,爱车车型,购入时间,2021/2/1,购车地点, [河北省],裸车价格,23.88万  (厂商指导价 24.98万),续航里程,486km,购入用途,上班,购物,爱车简评,一个字帅！两个字就是超帅！外观真的很大方，看起来很高档！整体驾驶感受也不错！,爱车评价,[最满意],很久之前就关注这台车了，满满的科技感！造型非常别致。虽说价格不是很便宜，但是我买了之后却很开心，每天开着它十分方便，不管想去哪里一脚油门就到了，动力和操控感一点都不输给那些燃油车！,[不满意],车子价格有一点贵，因为也算是一款新上市的车子吧，所以价格方面的优惠力度太小了，买的时候还是有一点点小心疼的，期待它后续更好的表现吧！相信它不会让我感到后悔的！,[外观],外观线条非常时尚大气，霸气的前脸格栅，让人心动不已，我更喜欢它的侧身设计，棱角分明，具有层次感，显得车子更立体，挺酷的！,[内饰],内饰超帅！简约细腻的做工，搭配超大的屏幕，让人眼前一亮，内饰材质也都不错，比较环保吧！因为我买新车的时候也没有闻到过什么奇怪的味道。之前听他们说新车都会有异味，但是它就好多了！,[续航],[空间],我们是三口之家，坐在车里空间富富有余！有时候也会满载，前排我和驾驶位的老婆，后排有三个朋友，非常宽敞！它的后备箱也能放下很多东西，平时接住校的女儿回家，能够轻松放下三个行李箱！还是挺好的！,[舒适],舒适表现很让人满意，因为车子的座椅比较柔软，还有就是包裹性强，对于驾驶司机来说，它的腰部支撑效果也算给力吧，坐上去不会腰酸背痛的，开长途也不用担心难受了！,[动力],动力表现我个人还是觉得比较满意的，毕竟我平时开慢车的时候比较多，安全第一嘛，不争不抢的！不需要它有多猛的动力，只要一直都这么平稳就好了！,[操控],车子操控感觉挺让人感到惊喜的！之前开的燃油车都没有这款车好开！它的底盘调校不错，还有就是方向盘没有虚位，容易掌控！,[性价比],喜欢它的造型，充电快，续航强，动力也很出色！整体的性价比很高，朋友们都说会和我买同款车子！哈哈！,展开全部
"
    发表于  2021-04    

            
    
    
",感觉续航还是非常给力的，之前看官方报出的续航数据是在505KM，虽然真实情况没有达到500，但是也能跑个490KM，很多时候我都忘了它是电动车，真的太棒了！不管是短途游、长途游还是上下班都很实用！,https://image1.xcarimg.com/attachments/my/1/88/09/906_120.jpg,xuser1890990,青铜长老,4.88,外观,5,内饰,5,续航,5,空间,5,舒适,5,动力,5,操控,4,性价比,5,购入信息,爱车车型,购入时间,2021/2/1,购车地点, [河北省],裸车价格,23.92万  (厂商指导价 24.98万),续航里程,490km,购入用途,上班,购物,爱车简评,非常喜欢这台车的造型设计，新颖流畅的线条让人心动！霸气的前脸也非常有魅力！,爱车评价,[最满意],要说最满意的一方面，我觉得应该就是这台车的配置吧！性价比挺高的！反正驾驶过程比较平顺，没有那种很不适的感觉！它的外观看起来也非常霸气，我朋友们都说它颜值高，非常好看，还夸赞我有眼光呢！,[不满意],车子本身并没有啥不满意的地方，我整体都很喜欢，不然也不会下定决心买它，毕竟二十万也不是一笔小数目，个人觉得还是挺值这个价钱的！就是当初买车的时候，工作人员给人的感觉比较高冷傲慢，不是特别喜欢呀！,[外观],车子外观很有特点，辨识度高，开在街上的时候那回头率真的杠杠滴！不管男女老少大家都会投来羡慕的目光！哈哈，看起来就好像是那种科幻电影里面的车子一样！,[内饰],内饰方面的做工比较细腻，整体质感还是很不错的！我很喜欢它其中的功能，各种强大的功能应有尽有，即使是我这种比较挑剔的人都找不到它的缺点了！,[续航],[空间],空间给人一种舒适敞亮的感觉，非常大，不管是后备箱、还是前后排座位都很不错！后排能够轻松的坐进去三个成年人，而且彼此之间还会有一些距离。坐在前排也感觉很舒适！,[舒适],因为这台车的空间特别大，所以就有着不错的舒适效果，开车过程中也不会感觉腰酸背痛的！跑长途也不怕！,[动力],动力还行吧！我对于这种事情没有什么研究，就是感觉车子非常平稳，而且不会有吃力的情况，有时候爬坡也是很快的！一脚油门马上就会感觉到车子的回应！,[操控],喜欢这台车的操控感受，方向盘的手感细腻，而且这台车的油门也比较灵活，平时我也会开着它上山，效果挺好的！,[性价比],简单来说，这台车子的性价比高，值得入手，不管是男是女都能够轻松驾驭！开着它让整个人变得更加自信！,
"
    发表于  2021-04    

            
    
    
",续航算是电动车里比较厉害的吧！充满电我开着它能够跑个八九天左右吧，如果说没电了，我也能选择快充，可以节省不少时间呢，对于我这种性子比较急的人来说，真的是太完美了！,https://image1.xcarimg.com/attachments/my/1/88/09/907_120.jpg,xuser1890990,青铜长老,4.63,外观,5,内饰,4,续航,4,空间,5,舒适,5,动力,5,操控,5,性价比,4,购入信息,爱车车型,购入时间,2021/3/1,购车地点, [上海市],裸车价格,23.97万  (厂商指导价 24.98万),续航里程,490km,购入用途,上班,购物,爱车简评,算是一个新品牌吧！挺时尚的！外观我特别喜欢！还有动力也十分出色，表现优秀！,爱车评价,[最满意],车子的外观有一种未来感，充满智能科技元素，造型我非常满意，还有就是这台车的动力也不错，开起来没有那种迟钝、慢悠悠的感觉，即使是走我们老家那一种山路也小菜一碟！不用担心续航问题！续航还是挺棒的！,[不满意],车子外观虽然特别好看，但是内饰的设计却并没有太多惊喜，缺乏创新元素吧！感觉整体偏向于平庸！不是特别时尚，简简单单，普普通通的那种类型。这一点我不是特别满意，如果说内饰能再多一些智能元素就好了呀！,[外观],外观前面说过了，已经算是同价位车子里面最好看的了！至少我是这样认为的！开车出去的时候，很多人都会忍不住回头看，从他们的目光中，我更能断定车子颜值真的很高！哈哈！看来我的审美眼光还是很不错的！,[内饰],车子内饰平庸，缺乏惊喜，没有创新元素，中控区域的设计更加简约，不是我喜欢的那种类型，不过其中的功能还算是很多的，用起来也非常方便，根本就不需要担心驾驶过程会有不适的感觉！,[续航],[空间],空间挺好的！我觉得我们一家五口坐在车子里面都不会显得拥挤！最喜欢驾驶位的空间了，非常宽敞！像我的腿就比较粗，可是坐在里面，腿部空间还是显得很大的！不会有那种拘束的感觉！,[舒适],舒适度也一百分吧！座椅很柔软，中控没有凌乱的感觉，视觉效果更好，还有就是大屏幕显示，能够清晰掌握续航动态，让驾驶更安心，其中辅助驾驶功能也有很多！,[动力],动力强，这一点记得我在试驾的时候就已经很喜欢了！开着它上坡的时候也不费力气，有一次我开车走一条难走的路，也是轻松度过的，一点都不比那些同等价位的燃油车差啊！,[操控],操控感受也挺让我惊喜的，通过性好，还有就是车子的底盘调校很不错！开着它去哪里都可以！不用担心会有颠簸感！,[性价比],车子的性价比还是很高的，我越来越喜欢它了，因为它的颜值很高！价格也算可以吧！,
