publish,图片,名称,名称1,评分,评分2,评分3,评分4,评分5,评分6,评分7,评分8,评分9,评分10,评分11,评分12,评分13,评分14,评分15,评分16,评分17,标题,信息,信息18,信息19,信息20,信息21,信息22,信息23,信息24,信息25,标题26,purpose,标题27,jia_text,信息28,dw_22,dw_2229,dw_23,dw_2330,dw_1,dw_131,dw_2,dw_232,dw_3,dw_333,dw_4,dw_434,dw_5,dw_535,dw_6,dw_636,dw_7,dw_737,dw_8,dw_838,openall
"
    发表于  2021-11    

      
        
    
    
",https://image1.xcarimg.com/attachments/my/1/91/62/913_120.jpg,xuser1926291,三星会员,4.25,外观,4,内饰,4,空间,4,舒适,5,油耗,4,动力,4,操控,5,性价比,4,购入信息,爱车车型,购入时间,2021/3/1,购车地点,延安新易达汽车销售服务有限公司 [陕西省],裸车价格,23万  (厂商指导价 24.97万),当前油耗,8L/100km,购入用途,上班,爱车简评,这辆车的底盘在软中略微带了些厚重，很擅长化解坑洼路面带来的颠簸，座椅舒适，配置也比较高。,爱车评价,[最满意],这台车子留给我印象最好的地方当然是在本身的驾驶体验上面了，动力表现很出色，底盘也非常扎实，可以说本身真的...,[不满意],这台车子的燃油经济性还是比较一般，目前的综合油耗也已经在10个左右了，虽然说享受到了非常出色的动力，但所付...,[外观],最有看点的一定是它的外观了，悬浮式车顶使得它的侧身造型看起来紧凑而又有动感，车身多处的镀铬饰条也体现出了一定的高级感。,[内饰],外观风格比较运动一些，但内饰呈现出的是一种非常沉稳大方的感觉，再说用料和做工也都是非常到位的。,[空间],尺寸大，空间利用率非常高，因此在保证了宽敞的乘坐空间的同时丰富的储物空间用起来也很方便，包括后备箱也一点都不小。,[舒适],真皮方向盘的手感特别棒，完全没有必要缝方向盘套，而且座椅也很符合人体工学，我的驾驶位还有腰部支撑功能，跳上去整个人感觉还挺放松的。,[油耗],我平时开车确实不那么温柔，但这辆车的油耗也是真不低呀，现在的平均油耗都在10个左右了，反正是超出了我的预期。,[动力],因为我对动力的要求会比较高一些，所以说当时直接也就选择了1.8T版本，这台车子实际的动力表现也确实很棒，有着很强的动力爆发性，也有着充足的动力储备。,[操控],这台车子带给我们的驾驶体验还挺可以的，尤其是本身的底盘真的是非常给力的，而且车内的辅助性操控配置也比较丰富，全速自适应巡航系统也能让人开车更省心一点。,[性价比],小众才个性，这辆车在各个方面都很符合我的气质，重点是它的价位也没有想象中的那么高，我觉得标致4008部比同级别的其他车差。,展开全部
"
    发表于  2021-11    

      
        
    
    
",https://image1.xcarimg.com/attachments/my/1/91/62/911_120.jpg,xuser1926291,三星会员,4.38,外观,5,内饰,4,空间,4,舒适,4,油耗,4,动力,5,操控,4,性价比,5,购入信息,爱车车型,购入时间,2021/3/1,购车地点,介休市大康汽贸有限公司 [山西省],裸车价格,23万  (厂商指导价 24.97万),当前油耗,9L/100km,购入用途,上班,爱车简评,最有设计感的一定是它的前脸造型了，整个车头所带来的视觉冲击力非常强，这辆车开出去回头率都是超高的。,爱车评价,[最满意],动力表现是真的很不错了，而且不管是这台8AT变速箱还是本身的底盘都是非常给力的，同时整个车内的安全性配置也...,[不满意],就目前来讲，车子用的非常满意，本身也没有发现任何问题，要说不太满意的地方，唯一就是这台车子的保值率相对会...,[外观],“无边界”前脸是标致最新的家族化设计，看起来真的是既个性又时尚，而且它的车尾造型也是很酷的，狮爪尾灯辨识度极高。,[内饰],以简约为主的内饰风格看起来特别大方，车内的用料也特别好，每个律师看起来真的很有科幻感，用料也很不错。,[空间],这辆车的账面数据都如此优秀，空间肯定小不到哪里去，坐进车内也会发现它的座椅布局非常合理，包括整个后备箱空间也是比较大的。,[舒适],这辆车的底盘在软中略微带了些厚重，很擅长化解坑洼路面带来的颠簸，座椅舒适，配置也比较高。,[油耗],其实1.8T发动机也没有想象中的那么费油，而且这辆车又不必要非得加95号汽油，现在我这车的平均油耗在8.5左右。,[动力],初段的油门调校更为灵敏一点，所以每次起步都特别迅速，随着车速的提高它的动力输出也会更加平稳，这样的动力表现真的太棒了。,[操控],这台8AT变速箱的反应速度非常快，清晰的换挡逻辑很好的保证了行驶过程中的平顺性，还有就是主动刹车以及车道偏离预警等等也很好的保证了行驶安全性。,[性价比],尽管车子的综合实力还可以，但是它的保值率确实比较低的，所以对于我们车主来讲，最大的影响就是在后期想要卖车的时候确实会卖得更低一些。,展开全部
"
    发表于  2021-11    

      
        
    
    
",https://image1.xcarimg.com/attachments/my/1/91/62/908_120.jpg,xuser1926290,三星会员,4.38,外观,4,内饰,4,空间,5,舒适,5,油耗,4,动力,4,操控,5,性价比,4,购入信息,爱车车型,购入时间,2021/5/1,购车地点, [西藏省],裸车价格,23万  (厂商指导价 24.97万),当前油耗,8L/100km,购入用途,上班,爱车简评,我感觉它的减震特别舒服，而且座椅坐上去贴合度也很高，跟我预期中SUV车型所带来的乘坐感受完全不同。,爱车评价,[最满意],外观和内饰设计都非常漂亮，真的是有着一定的科幻感，而且这台1.6T的发动机还是很有实力的，动力非常强，同时油...,[不满意],这台车子后期的养车费用相对还是比较高的，同时本身的保值率也比较低一些，尽管说车子本身的实力很强，但这些问...,[外观],最有设计感的一定是它的前脸造型了，整个车头所带来的视觉冲击力非常强，这辆车开出去回头率都是超高的。,[内饰],简单大方的内饰风格特别符合我的审美，整体的布局一点都不凌乱，这样操作起来也不会出现误触的情况。,[空间],标致4008是一台车身尺寸更大的紧凑型SUV，所以它的空间表现也很是出色，前后排的乘坐空间都是极其宽敞的。,[舒适],后排地板中央的凸起一点都不高，而且全车座椅的填充也都挺软的，不管坐到哪个位置都特别舒服，座椅的贴合度非常高。,[油耗],毕竟1.6T的发动机排量不那么大，它的燃油经济性还是很出色的，市区以及高速等等各种路况的综合油耗就在8个出头。,[动力],这台1.6T的发动机驱动这辆车没有任何问题，只是动力输出不那么猛罢了，但车子开起来绝对不肉。,[操控],法系车的底盘一向都是很给力的，标致4008也不例外，紧绷而又扎实的底盘使得行驶质感特别高级。,[性价比],买车时确实享受到了一定的优惠，但是这辆车的维保费用真不便宜，配件比较贵一些，同时后期的保值率也比较低，所以综合这些来讲我觉得它的性价比并不高。,展开全部
"
    发表于  2021-11    

      
        
    
    
",https://image1.xcarimg.com/attachments/my/1/91/62/905_120.jpg,xuser1926290,三星会员,4.25,外观,4,内饰,5,空间,4,舒适,4,油耗,5,动力,4,操控,4,性价比,4,购入信息,爱车车型,购入时间,2021/3/1,购车地点,晋中新宝狮汽车贸易有限公司 [山西省],裸车价格,23万  (厂商指导价 24.97万),当前油耗,8L/100km,购入用途,上班,爱车简评,这款车子我觉得他的外观是时尚的，现在的车基本上都有着非常独特的设计感，这款车的给我的感觉是非常霸气的然后还有运动的元素也在里边，这就是这款车给我最大的感受。,爱车评价,[最满意],我满意的是这台车子的外观设计看上去真的非常帅，而且也比较大气，当然更大的尺寸确实是有着更加大的空间，就包...,[不满意],我觉得这台车子的油耗确实是比较高的，现在的综合平均油耗基本上在9个多，在我看来这还是比较高的。,[外观],最有看点的应该就是它的前脸造型了，简直太帅了，整个外观看起来确实很霸气。,[内饰],中控台的造型以及车内的配色都是非常时尚的，我特别喜欢这样的内饰风格，而且车内的配置特别丰富,[空间],标致4008的空间在日常生活和工作中都特别实用，不用担心空间的问题。,[舒适],我感觉它的减震特别舒服，而且座椅坐上去贴合度也很高，跟我预期中SUV车型所带来的乘坐感受完全不同。,[油耗],经常市区用车的话还是很费油的，目前它的平均油耗就在9个左右。,[动力],这辆车的动力输出属于“快而不猛”的类型，动力响应是挺积极的，但绝对不会出现特别窜的感觉，这样车子开着也就更加平稳了。,[操控],转向十分容易掌控，本身的指向性非常精准，中间也不存在太大的虚位，而且它的底盘调教也非常扎实。,[性价比],决定买这辆车之前我已经进行了全面的了解，4008后期的养车成本还是很低的，而且它的定价本身就更为实惠一些，性价比还可以。,展开全部
"
    发表于  2021-11    

      
        
    
    
",https://image1.xcarimg.com/attachments/my/1/91/62/892_120.jpg,xuser1926289,三星会员,4.25,外观,5,内饰,4,空间,4,舒适,4,油耗,4,动力,4,操控,5,性价比,4,购入信息,爱车车型,购入时间,2021/4/1,购车地点,荆州市狮源汽车销售服务有限公司 [湖北省],裸车价格,23万  (厂商指导价 24.97万),当前油耗,8L/100km,购入用途,上班,爱车简评,外观是那种很亮眼的设计，尤其喜欢我买的这个颜色，开着好看的车每天心情都会很好，这款车很有设计感，这也是这么多人喜欢它的原因吧。,爱车评价,[最满意],这一款车，是很运动的车型感觉很年轻很有活力的，车头的造型就能给人很不一般的视觉感受，价钱也比较合理。他的...,[不满意],因为动他强，随意这款车的油耗在八个左右，不算特备省油。,[外观],这款车子我觉得他的外观是时尚的，现在的车基本上都有着非常独特的设计感，这款车的给我的感觉是非常霸气的然后还有运动的元素也在里边，这就是这款车给我最大的感受。,[内饰],价格虽然不贵，但是内饰布局除了豪华感，屏幕的尺寸也是刚刚好，不是特别大，毕竟是合资车各方面做的真的是不错。,[空间],我选择这款车，当时只是想只要不要太小就行了，尽管不是太大，不过我一米把的身高做进去，也不会拥挤，所以空间方面也没有太多的犹豫。,[舒适],车子的舒适性还是不错的，个人觉得买车就是提高生活的乐趣的，给你一个安静舒适的驾驶空间买这个是挺重要的，隔音也真的挺好，其实去哦一虽说不是特别软的那种，但是坐上去也还是很舒服的，支撑各方面都比较好。,[油耗],每天上下班开，景观他的油耗八个左右，但我局的他的动力水平和这个油耗的丢彼是差不多的，毕竟涡轮增加的发送机，油耗肯定是稍微的高些的。,[动力],我是特别在乎车子的动力的，其实我局的空间小点无所谓，但是动力一定要好，这款车子我很喜欢在高速上驾驶哟喂它的动力提速真的很快，开起来很爽。,[操控],开起来真的很灵活，因为扫空方面确实做的很好，不管是他的方向指向，还是油门的踏板，都是属于很灵活的调校，一辆车开起来感受是最重要的，它关系到你这台车的看法和最能体现它的价值。,[性价比],这一款车的性价比还是很高的，很适合年轻人，更适合家庭用车。空间大，话很舒服。还有就是这个品牌懂的人自己喜欢，因为喜欢它的动力，然后价格优惠，还有我喜欢想要的配置，藩镇我是比较认可的，,展开全部
"
    发表于  2021-11    

      
        
    
    
",https://image1.xcarimg.com/attachments/my/1/91/62/882_120.jpg,xuser1926288,用户被禁止发言,4.5,外观,5,内饰,4,空间,4,舒适,4,油耗,5,动力,4,操控,5,性价比,5,购入信息,爱车车型,购入时间,2021/4/1,购车地点,阜阳市银狮汽车销售服务有限公司 [安徽省],裸车价格,23万  (厂商指导价 24.97万),当前油耗,8L/100km,购入用途,上班,爱车简评,车子的舒适性还是不错的，给你一个安静舒适的驾驶空间买这个是挺重要的，隔音也真的挺好，座椅坐上去也还是很舒服的，支撑各方面都比较好。,爱车评价,[最满意],该说不说，自从买了这辆车以后，省油多了，比之前的车节约太多了，整体配置啊，外观啊，动力都比较满意，开着很顺手。,[不满意],是空间吧，空间感觉不是很够用，尤其是二胎家庭，希望以后可以改进一下，孩子们坐在后面玩一会都觉得不是很宽敞。,[外观],外观是那种很亮眼的设计，尤其喜欢我买的这个颜色，开着好看的车每天心情都会很好，这款车很有设计感，这也是这么多人喜欢它的原因吧。,[内饰],内饰无功无过吧，不容易吸灰的材质，好打理，各种配置也很方便实用，这就很好了。,[空间],空间要是没有孩子的，可能够用了，有孩子以后，出门拿的东西也比较多，孩子们也坐在车里玩，还是有一点不够用，不过后备箱的储物空间是比较大的，能放很多东西。,[舒适],这个车子音效很好，车子结构的问题吧，整个隔音效果也不错，在车里开音乐，基本没有太大的噪音，很享受。,[油耗],我平时上下班用的比较多，油耗在我的接受范围内，毕竟这动力，还是需要一定的油耗维持的，光动力强，油耗又过于低的车，那也不现实。,[动力],这样标配的发动机还是有不错的动力的，驾驶感很不错，如果满分一百分的话，减震可以打90，多一分怕你骄傲，上高速，转弯很流畅，不错。,[操控],车子本身的安全配置还是很给力的，出门也比较放心，刹车，油门响应很快，方向盘指向精准，不容易打过头，车本身也很灵活，很容易驾驭的。,[性价比],我很喜欢这辆车，买到它以后，很符合我的心理预期，很不错。,展开全部
"
    发表于  2021-11    

      
        
    
    
",https://image1.xcarimg.com/attachments/my/1/91/62/876_120.jpg,xuser1926287,三星会员,4.5,外观,4,内饰,4,空间,5,舒适,5,油耗,4,动力,5,操控,5,性价比,4,购入信息,爱车车型,购入时间,2021/4/1,购车地点,邳州市亿达汽车销售服务有限公司 [江苏省],裸车价格,23万  (厂商指导价 24.97万),当前油耗,8L/100km,购入用途,上班,爱车简评,车子的舒适性还是不错的，厚重偏软的底盘特别擅长化解路面上的坑坑洼洼，除了用料很足的内饰以为，偌大的空间也增加了全家人乘坐的舒适性，大盘的调教提挺好的，后排感觉震动不大。,爱车评价,[最满意],首先价格相对的便宜些，在这样的价格同时又满足了我对车型的要求，我觉得也就是它了。我太喜欢它的颜值了。而且...,[不满意],这款车最大的缺点就是空间了，正常的个子还是可以的，但是，坐上180身高的人就有些不太舒服了，因为头部空间实在...,[外观],这款车子我最喜欢的就是它的外观了时尚运动的，让我第一眼就喜欢上了它。这也是我选择这款车的重要原因之一。,[内饰],说实话这款车价格虽然不贵，但是内饰做的也是相当的好的，，屏幕的尺寸是刚刚好，不是特别大，总之，不是很奢华，但是很时尚。,[空间],这款车的前排还相对好一些，乘坐起来的没什么问题，就是后排空间有些小。,[舒适],车子的舒适性还是不错的，给你一个安静舒适的驾驶空间买这个是挺重要的，隔音也真的挺好，座椅坐上去也还是很舒服的，支撑各方面都比较好。,[油耗],八个多的油耗，毕竟涡轮增加的发送机，油耗肯定是稍微的高些的。对于这样的车子，也不算太费油,[动力],这款车的动力是不错的，高速开也是非常舒服的，起步也快加速强，真的很不错。,[操控],开起来真的很灵活，方向盘也很轻柔，开起来没有任何压力。一看就懂，一学就会。,[性价比],这一款车的性价比还是很高的，有着很好的内饰设计，也有着很棒的外观，动力和操控的各方面都调教的很好，所以我觉各个方面做的的真的不错，而且有了优惠，所以我认为这是一款性价比不错的一台车。,展开全部
"
    发表于  2021-11    

      
        
    
    
",https://image1.xcarimg.com/attachments/my/1/91/62/872_120.jpg,xuser1926287,三星会员,4.63,外观,4,内饰,4,空间,5,舒适,5,油耗,5,动力,4,操控,5,性价比,5,购入信息,爱车车型,购入时间,2021/4/1,购车地点,荆州市狮源汽车销售服务有限公司 [湖北省],裸车价格,23万  (厂商指导价 24.97万),当前油耗,8L/100km,购入用途,上班,爱车简评,很典型的年轻化的设计，现在年轻人应该都挺喜欢的，车头，车尾比例也很协调，材质应该也是那种比较防撞击的耐用材质。,爱车评价,[最满意],这款车不止外观漂亮，空间也挺大，通常合资车的性能都挺好的，再说了这是老牌子的车，值得放心。,[不满意],最不满意的就是也许是新车的缘故刹车有些生硬。还有就是隔音问题，跑高速的时候，风噪比较大。,[外观],形象外观很帅气，这辆车的造型很时尚，颜值非常的高，它的大灯也是设计的非常的有个性。,[内饰],内饰布局很新颖，而且合理，而且还上档次，尤其是中控台的屏幕尺寸挺大的，用起来很方便很时尚。,[空间],坐在后排的空间很充足，膝盖与前排又出不多两个拳头的空间。四个成年人坐下来也不会太拥挤，前排的空间也很相当不错的,[舒适],车子的舒适性还是不错的，厚重偏软的底盘特别擅长化解路面上的坑坑洼洼，除了用料很足的内饰以为，偌大的空间也增加了全家人乘坐的舒适性，大盘的调教提挺好的，后排感觉震动不大。,[油耗],目前我的这台车综合在8.5左右，我个人觉得还好吧，这辆车的燃油经济兴趣是不错。,[动力],这款车子的动力挺足的，拥有者好的发送机和平稳的变速箱，尤其是到了高速上，就能充分的体现出来它的优势，那感觉真的是棒极了。,[操控],方向盘的虚位小指向特别清晰，开起来有驾驶感。辅助功能也特别的使用，有发动机起停的技术，上坡辅助，新车刹车脚感很重，还需要多磨合磨合。,[性价比],性价比很高的一辆车，很适合年轻人，价格不贵，配置挺高，这个车的性价比真的挺不错的。,展开全部
"
    发表于  2021-11    

      
        
    
    
",https://image1.xcarimg.com/attachments/my/1/91/62/868_120.jpg,xuser1926286,三星会员,4.25,外观,5,内饰,4,空间,5,舒适,3,油耗,4,动力,5,操控,4,性价比,4,购入信息,爱车车型,购入时间,2021/3/1,购车地点,常德双星星致汽车销售服务有限公司 [湖南省],裸车价格,23万  (厂商指导价 24.97万),当前油耗,8L/100km,购入用途,上班,爱车简评,这款车子我觉得他的外观是时尚的，现在的车基本上都有着非常独特的设计感，这款车的给我的感觉是非常霸气的然后还有运动的元素也在里边，这就是这款车给我最大的感受。,爱车评价,[最满意],刚开的时候，动力很足，提速的时候有明显的推背感，性能不错，前脸和大灯又好看，颜值，实力都在那摆着呢，买它不后悔。,[不满意],座椅不知道是什么材质的，不是很软，支撑力不是很好，坐时间长了，不太舒服，包裹性不是很好，夏天不知道会不会容易吸热。,[外观],很典型的年轻化的设计，现在年轻人应该都挺喜欢的，车头，车尾比例也很协调，材质应该也是那种比较防撞击的耐用材质。,[内饰],内饰比较耐看，我选的比较大众化的颜色，协调，看着不突兀就好了，我觉得还得是看着舒服的颜色，有的颜色看起来太突出了，容易眼睛疲劳。,[空间],反正是一家人坐在里面不挤，够用，也不顶膝盖，腿，还有宽裕的空间可以放东西，里面还有储物格，放东西足够，看着也舒服，别人家不知道，反正我们家够用了。,[舒适],空调很好用，冷热切换很快，就是座椅不太舒服，包裹性不是很好，不是很软的那种材质，放在别的地方应该很高档，放在座椅上就不太舒服了。,[油耗],油耗跑下来平均才8个多点，除了特殊路况，油耗，保养，维修加起来也不贵。,[动力],提速快，转弯也稳，这车本身的动力也是出了名的实在，我又不跑山区，就平时上班，或者附近去玩一玩，这动力够够的了。,[操控],自动的车都好开，车又不大，开着很灵活，除了刚买的那时候，有点掌握不了以外，后面适应以后，开着很好开。,[性价比],价格买的时候很优惠，开着也不错，也让我很省心，没出过什么毛病。,展开全部
"
    发表于  2021-11    

      
        
    
    
",https://image1.xcarimg.com/attachments/my/1/91/62/866_120.jpg,xuser1926286,三星会员,4.63,外观,4,内饰,4,空间,5,舒适,5,油耗,5,动力,5,操控,5,性价比,4,购入信息,爱车车型,购入时间,2021/3/1,购车地点,荆州市狮源汽车销售服务有限公司 [湖北省],裸车价格,23万  (厂商指导价 24.97万),当前油耗,8L/100km,购入用途,上班,爱车简评,这款车座椅用料舒适性不错，空间大坐起来舒服，新车没有刺鼻的味道，发动机噪音非常小，语音识别准确率不错,爱车评价,[最满意],这一款车，是很运动的车型感觉很年轻很有活力的，车头的造型就能给人很不一般的视觉感受，价钱也比较合理。他的...,[不满意],因为动他强，随意这款车的油耗在八个左右，不算特备省油。,[外观],这款车子我觉得他的外观是时尚的，现在的车基本上都有着非常独特的设计感，这款车的给我的感觉是非常霸气的然后还有运动的元素也在里边，这就是这款车给我最大的感受。,[内饰],价格虽然不贵，但是内饰布局除了豪华感，屏幕的尺寸也是刚刚好，不是特别大，毕竟是合资车各方面做的真的是不错。,[空间],我选择这款车，当时只是想只要不要太小就行了，尽管不是太大，不过我一米把的身高做进去，也不会拥挤，所以空间方面也没有太多的犹豫。,[舒适],车子的舒适性还是不错的，个人觉得买车就是提高生活的乐趣的，给你一个安静舒适的驾驶空间买这个是挺重要的，隔音也真的挺好，其实去哦一虽说不是特别软的那种，但是坐上去也还是很舒服的，支撑各方面都比较好。,[油耗],每天上下班开，景观他的油耗八个左右，但我局的他的动力水平和这个油耗的丢彼是差不多的，毕竟涡轮增加的发送机，油耗肯定是稍微的高些的。,[动力],我是特别在乎车子的动力的，其实我局的空间小点无所谓，但是动力一定要好，这款车子我很喜欢在高速上驾驶哟喂它的动力提速真的很快，开起来很爽。,[操控],开起来真的很灵活，因为扫空方面确实做的很好，不管是他的方向指向，还是油门的踏板，都是属于很灵活的调校，一辆车开起来感受是最重要的，它关系到你这台车的看法和最能体现它的价值。,[性价比],这一款车的性价比还是很高的，很适合年轻人，更适合家庭用车。空间大，话很舒服。还有就是这个品牌懂的人自己喜欢，因为喜欢它的动力，然后价格优惠，还有我喜欢想要的配置，藩镇我是比较认可的，,展开全部
"
    发表于  2021-11    

      
        
    
    
",https://image1.xcarimg.com/attachments/my/1/91/62/863_120.jpg,xuser1926286,三星会员,4.25,外观,5,内饰,4,空间,4,舒适,4,油耗,4,动力,5,操控,4,性价比,4,购入信息,爱车车型,购入时间,2021/4/1,购车地点,都匀恒信华致汽车服务有限公司 [贵州省],裸车价格,23万  (厂商指导价 24.97万),当前油耗,23L/100km,购入用途,上班,爱车简评,外观是那种很亮眼的设计，尤其喜欢我买的这个颜色，开着好看的车每天心情都会很好，这款车很有设计感，这也是这么多人喜欢它的原因吧。,爱车评价,[最满意],最满意的就是外观很霸气，动力很强，配置很丰富，底盘回馈清晰,[不满意],内饰整体感觉很好，反应速度比较慢，没有主动的刹车功能,[外观],外观风格也是我比较喜欢的类型，看起来很霸气，显得更加运动一些，整个的车漆颜色也非常漂亮，车灯设计可以更霸气一些，侧面颜值满分。,[内饰],整个内饰的做工感觉很好，整体软包质感很好，没有出现异响，配色也是我比较喜欢的类型。,[空间],这台车子的空间表现确实是非常出色的，空间很宽裕，家用的话绝对没有问题的，一点都没有拥挤感。,[舒适],这款车座椅用料舒适性不错，空间大坐起来舒服，新车没有刺鼻的味道，发动机噪音非常小，语音识别准确率不错,[油耗],这台车子的油耗还是比较满意的，车体很大，油耗能控制在9实属不易。,[动力],这款车加速很快，在运动状态下推背感很强，在节能状态下也不觉得很慢。,[操控],这台车子所带来的驾驶感受的确是非常棒的，操作很顺畅完全感觉不到笨重，底盘调教整不会感觉到松散，转向精准度高。,[性价比],性价比的确非常高，用的配件都是大品牌，配置很高，保养便宜养车很轻松，同级别对手不多，高质量更少。,展开全部
"
    发表于  2021-11    

      
        
    
    
",https://image1.xcarimg.com/attachments/my/1/91/62/852_120.jpg,xuser1926285,三星会员,4,外观,4,内饰,4,空间,4,舒适,4,油耗,4,动力,4,操控,4,性价比,4,购入信息,爱车车型,购入时间,2021/3/1,购车地点,荆州市狮源汽车销售服务有限公司 [湖北省],裸车价格,23万  (厂商指导价 24.97万),当前油耗,8L/100km,购入用途,上班,爱车简评,方向盘的虚位小指向特别清晰，开起来有驾驶感。辅助功能也特别的使用，有发动机起停的技术，上坡辅助，新车刹车脚感很重，还需要多磨合磨合。,爱车评价,[最满意],该说不说，自从买了这辆车以后，省油多了，比之前的车节约太多了，整体配置啊，外观啊，动力都比较满意，开着很顺手。,[不满意],是空间吧，空间感觉不是很够用，尤其是二胎家庭，希望以后可以改进一下，孩子们坐在后面玩一会都觉得不是很宽敞。,[外观],外观是那种很亮眼的设计，尤其喜欢我买的这个颜色，开着好看的车每天心情都会很好，这款车很有设计感，这也是这么多人喜欢它的原因吧。,[内饰],内饰无功无过吧，不容易吸灰的材质，好打理，各种配置也很方便实用，这就很好了。,[空间],空间要是没有孩子的，可能够用了，有孩子以后，出门拿的东西也比较多，孩子们也坐在车里玩，还是有一点不够用，不过后备箱的储物空间是比较大的，能放很多东西。,[舒适],这个车子音效很好，车子结构的问题吧，整个隔音效果也不错，在车里开音乐，基本没有太大的噪音，很享受。,[油耗],我平时上下班用的比较多，油耗在我的接受范围内，毕竟这动力，还是需要一定的油耗维持的，光动力强，油耗又过于低的车，那也不现实。,[动力],这样标配的发动机还是有不错的动力的，驾驶感很不错，如果满分一百分的话，减震可以打90，多一分怕你骄傲，上高速，转弯很流畅，不错。,[操控],车子本身的安全配置还是很给力的，出门也比较放心，刹车，油门响应很快，方向盘指向精准，不容易打过头，车本身也很灵活，很容易驾驭的。,[性价比],我很喜欢这辆车，买到它以后，很符合我的心理预期，很不错。,展开全部
"
    发表于  2021-11    

      
        
    
    
",https://image1.xcarimg.com/attachments/my/1/91/62/843_120.jpg,xuser1926284,三星会员,4.63,外观,5,内饰,5,空间,4,舒适,4,油耗,5,动力,4,操控,5,性价比,5,购入信息,爱车车型,购入时间,2021/5/1,购车地点,泸州市浩翔贸易有限公司 [四川省],裸车价格,23万  (厂商指导价 24.97万),当前油耗,8L/100km,购入用途,上班,爱车简评,提速快，转弯也稳，这车本身的动力也是出了名的实在，我又不跑山区，就平时上班，或者附近去玩一玩，这动力够够的了。,爱车评价,[最满意],这款车不止外观漂亮，空间也挺大，通常合资车的性能都挺好的，再说了这是老牌子的车，值得放心。,[不满意],最不满意的就是也许是新车的缘故刹车有些生硬。还有就是隔音问题，跑高速的时候，风噪比较大。,[外观],形象外观很帅气，这辆车的造型很时尚，颜值非常的高，它的大灯也是设计的非常的有个性。,[内饰],内饰布局很新颖，而且合理，而且还上档次，尤其是中控台的屏幕尺寸挺大的，用起来很方便很时尚。,[空间],坐在后排的空间很充足，膝盖与前排又出不多两个拳头的空间。四个成年人坐下来也不会太拥挤，前排的空间也很相当不错的,[舒适],车子的舒适性还是不错的，厚重偏软的底盘特别擅长化解路面上的坑坑洼洼，除了用料很足的内饰以为，偌大的空间也增加了全家人乘坐的舒适性，大盘的调教提挺好的，后排感觉震动不大。,[油耗],目前我的这台车综合在8.5左右，我个人觉得还好吧，这辆车的燃油经济兴趣是不错。,[动力],这款车子的动力挺足的，拥有者好的发送机和平稳的变速箱，尤其是到了高速上，就能充分的体现出来它的优势，那感觉真的是棒极了。,[操控],方向盘的虚位小指向特别清晰，开起来有驾驶感。辅助功能也特别的使用，有发动机起停的技术，上坡辅助，新车刹车脚感很重，还需要多磨合磨合。,[性价比],性价比很高的一辆车，很适合年轻人，价格不贵，配置挺高，这个车的性价比真的挺不错的。,展开全部
"
    发表于  2021-11    

      
        
    
    
",https://image1.xcarimg.com/attachments/my/1/91/62/839_120.jpg,xuser1926283,三星会员,4.5,外观,4,内饰,4,空间,5,舒适,5,油耗,5,动力,4,操控,4,性价比,5,购入信息,爱车车型,购入时间,2021/3/1,购车地点,蚌埠福晟汽车贸易有限公司 [安徽省],裸车价格,23万  (厂商指导价 24.97万),当前油耗,8L/100km,购入用途,上班,爱车简评,内饰也很不错，看着挺大气的。座椅和方向盘质感很不错，没摸过其他车的，所以做不了对比。,爱车评价,[最满意],刚开的时候，动力很足，提速的时候有明显的推背感，性能不错，前脸和大灯又好看，颜值，实力都在那摆着呢，买它不后悔。,[不满意],座椅不知道是什么材质的，不是很软，支撑力不是很好，坐时间长了，不太舒服，包裹性不是很好，夏天不知道会不会容易吸热。,[外观],很典型的年轻化的设计，现在年轻人应该都挺喜欢的，车头，车尾比例也很协调，材质应该也是那种比较防撞击的耐用材质。,[内饰],内饰比较耐看，我选的比较大众化的颜色，协调，看着不突兀就好了，我觉得还得是看着舒服的颜色，有的颜色看起来太突出了，容易眼睛疲劳。,[空间],反正是一家人坐在里面不挤，够用，也不顶膝盖，腿，还有宽裕的空间可以放东西，里面还有储物格，放东西足够，看着也舒服，别人家不知道，反正我们家够用了。,[舒适],空调很好用，冷热切换很快，就是座椅不太舒服，包裹性不是很好，不是很软的那种材质，放在别的地方应该很高档，放在座椅上就不太舒服了。,[油耗],油耗跑下来平均才8个多点，除了特殊路况，油耗，保养，维修加起来也不贵。,[动力],提速快，转弯也稳，这车本身的动力也是出了名的实在，我又不跑山区，就平时上班，或者附近去玩一玩，这动力够够的了。,[操控],自动的车都好开，车又不大，开着很灵活，除了刚买的那时候，有点掌握不了以外，后面适应以后，开着很好开。,[性价比],价格买的时候很优惠，开着也不错，也让我很省心，没出过什么毛病。,展开全部
"
    发表于  2021-11    

      
        
    
    
",https://image1.xcarimg.com/attachments/my/1/91/33/667_120.jpg,gh1632627768,三星会员,4.25,外观,4,内饰,4,空间,5,舒适,5,油耗,4,动力,4,操控,4,性价比,4,购入信息,爱车车型,购入时间,2021/4/1,购车地点, [西藏省],裸车价格,23万  (厂商指导价 24.97万),当前油耗,8L/100km,购入用途,上班,爱车简评,这台车就是舒适性偏强的，副座还有腰部支撑，隔音真的非常好，基本上噪音很小，挺安静的，底盘会厚重一点，悬挂的调教偏硬，过一些坑路的时候会不平稳，后排空间大，还配备了全景天窗，视野很开阔。音响也是很不错的,爱车评价,[最满意],4008动力确实超级棒，还有外观太帅了，音响效果也很好。,[不满意],自己的车那有什么不满意的，都挺好的，反正我感觉，只有没什么大问题就可以了。,[外观],最满意的就是这帅气的外观，开在路上回头率爆表。车身造型很帅气，尤其是前脸大灯的设计很独特。,[内饰],内饰也很不错，看着挺大气的。座椅和方向盘质感很不错，没摸过其他车的，所以做不了对比。,[空间],空间大，后备箱空间很大，放好几个大储物箱应该没有任何问题，车门储物箱也够大够宽。,,,[油耗],目前行驶了3700公里，平均油耗为8.9左右，油耗还是不错的,[动力],动力简直不能太完美了，完美的甚至有些出乎意料，想加速只需轻点油门，动力随传随到伴随而来的涡轮啸叫声简直欲罢不能。,[操控],指向很准确，我作为一个至尊新手在转向的时候也不会感觉到吃力，底盘还行吧，跑过一次山路了感觉支撑性还是很好的，盘山路过弯，加速，减速都十分平稳，没有顿挫感，也不需要大脚踩油门,[性价比],性价比一流了，这个价格能买到这么大空间，外型漂亮的车，又有什么说的呢，主要配置也不低，倒车视频影像，这些配置都有。,展开全部
"
    发表于  2021-11    

      
        
    
    
",https://image1.xcarimg.com/attachments/my/1/91/62/835_120.jpg,xuser1926283,三星会员,4.25,外观,4,内饰,4,空间,4,舒适,5,油耗,4,动力,4,操控,5,性价比,4,购入信息,爱车车型,购入时间,2021/4/1,购车地点,泸州市浩翔贸易有限公司 [四川省],裸车价格,23万  (厂商指导价 24.97万),当前油耗,8L/100km,购入用途,上班,爱车简评,红色的内饰真是温文尔雅，用料也是非常的靠谱，看着非常有质感，完全看不出任何的塑料感，液晶仪表盘看起来也是相当有科技感，配备的中控屏幕也是非常高清，还有360度全景影像,爱车评价,[最满意],最满意的就是车子的外形了，很高端大气。还有就是车子的性能真的很好，加速的时候输出超级快。推背感满满的。,[不满意],最不满意的就是油耗量有些大了，不过跑高速的话应该会好一些。,[外观],车子属于是耐看型的，我觉得很好看的。特别是车头的部分，还有车尾灯也是超级好看的。法系的车真的是设计感十足的。这样的设计好几年都不会过时的。,[内饰],内饰这一块说实话我不是很喜欢，颜色太单一，不过液晶仪表盘时我很满意的，中控台设计的也很不错。内饰味道稍微也稍微有些大。,[空间],车子在空间这一块还是很好的的，设计的很合理，后排的乘坐空间也蛮大的，车内的储物空间也是很贴心很人性化的。后备箱也很宽敞，放两三个皮箱是绝对没有问题的。,[舒适],这台车就是舒适性偏强的，副座还有腰部支撑，隔音真的非常好，基本上噪音很小，挺安静的，底盘会厚重一点，悬挂的调教偏硬，过一些坑路的时候会不平稳，后排空间大，还配备了全景天窗，视野很开阔。音响也是很不错的，音质还是相当的可以，尤其是低音,[油耗],我觉得油耗还是有些高的，在市区本来就走走停停就费油，这真的是一笔不小的开支。,[动力],动力很猛的，车子提速很快，油门和刹车调校的也很灵敏。油门轻轻一踩就会有很强的推背感。这样的动力我很满意，在市区开也是足够的。,[操控],这台车的安全配置挺好的，同时它的方向盘很柔和，有很有韧性，非常好操控。,[性价比],外观也很好看。动力很足，舒适感很强，性价比还是比较高的。,展开全部
"
    发表于  2021-11    

      
        
    
    
",https://image1.xcarimg.com/attachments/my/1/91/16/160_120.jpg,gh1630674846,三星会员,4.38,外观,5,内饰,4,空间,5,舒适,4,油耗,4,动力,5,操控,4,性价比,4,购入信息,爱车车型,购入时间,2021/5/1,购车地点,泸州市浩翔贸易有限公司 [四川省],裸车价格,23万  (厂商指导价 24.97万),当前油耗,8L/100km,购入用途,上班,爱车简评,操控的话我觉得这台4008在驾驶感受和乘坐之间结合得很好，开的时候会觉得它悬架硬，座椅包裹性很好，而且过弯很灵活，方向盘也很精准，在走一些小道的时候很灵活，我十分喜欢它这个底盘的调教。,爱车评价,[最满意],最满意的肯定是外观这一块，GT版的颜值真的是帅到掉渣，有点轿跑的感觉，开出去回头率很高，外观无可挑剔，吊打同级别车型，是这个级别SUV外观的标杆了，还有就是安全方面，法系车安全性也是非常高的，几项碰撞测试成绩都是位列前茅的，驾驶模式也是非常多，有运动、舒适、越野、雪地满足日常各种需求，最后是底盘，法国人对底盘的调教可谓是相当的专业了，跑高速的时候非常的稳。因为是高配的原因，有全速自适应巡航、自动泊车入对于新手来说还是很实用的，还有电动尾门这些也是实用性很强的功能，不用自己动手，也大大提升了档次。,[不满意],最不满意就是座椅是非常还看的，但是有点偏硬，坐久了会有点不舒服，但也可能是新车原因，以后用久了可能会好点，还有就是变数箱的问题，换挡的时候顿挫感很强，冷车启动的时候，车比较抖，悬挂的也是偏硬的，平时肯定是没问题的，只不过遇到一些坑路或者减速带震动就会很明显了。,[外观],外观这块标志4008拿捏的死死的，说它是同级别SUV颜值最高的都不过分，加上家族式的是狮爪式尾灯，相当的霸气，后面两个大大排气管跟19寸的轮毂显得更加运动，时尚跟运动结为一体。,[内饰],红色的内饰真是温文尔雅，用料也是非常的靠谱，看着非常有质感，完全看不出任何的塑料感，液晶仪表盘看起来也是相当有科技感，配备的中控屏幕也是非常高清，还有360度全景影像,[空间],车里的包裹性挺强的，坐在里面有些紧凑感，驾驶席的感受最明显，前排空间还好，1米8的个子，调节好座椅，后面的前后空间还算可观，跷个二郎腿还是没问题的，但是横向空间就差点了，但是坐3个人还是OK的，只是没那么宽敞，可能车子设计偏运动的原因吧。后备箱空间中规中矩不是很深，能装上3个大的行李箱吧,[舒适],这台车就是舒适性偏强的，副座还有腰部支撑，隔音真的非常好，基本上噪音很小，挺安静的，底盘会厚重一点，悬挂的调教偏硬，过一些坑路的时候会不平稳，后排空间大，还配备了全景天窗，视野很开阔。音响也是很不错的，音质还是相当的可以，尤其是低音,[油耗],油耗跟那些日系品牌的自吸车对比的话肯定是不占上风的，只能说是正常的水平，毕竟是涡轮车，油耗高一点正常，也没有高的离谱，是自己可以接受的范围。,[动力],起步的时候会有一点肉，但是行驶中的时候提速很快，而且我这个是1.8t的版本211匹马力，平时是非常的够用的了，高速上超车的时候也可以打开运动模式，转速提高，动力响应非常快，超车是完全没有压力的。,[操控],操控没什么问题，完全不比小车差，方向盘也是很轻，基本上也是指哪打哪，但我觉得这车是偏舒适的，操控这样已经很不错了，还有换挡的时候会有点卡，尤其是在市区的时候，悬挂有点偏硬，过减速带会有点不平稳。,[性价比],因为之前也对比过那些车型，我感觉标志4008无论是哪方面都比它们强，这个外观加上这个配置也配得上这个价钱了，特别是在安全的配置，车道偏离预警、车道保持辅助、主动刹车这些功能都是非常实用的，性价比这一说，也是见仁见智，我个人觉得买对了，是自己喜欢的就是高性价比了。,展开全部
"
    发表于  2021-11    

      
        
    
    
",https://image1.xcarimg.com/attachments/my/1/91/62/832_120.jpg,xuser1926283,三星会员,4.38,外观,5,内饰,4,空间,4,舒适,4,油耗,4,动力,5,操控,5,性价比,4,购入信息,爱车车型,购入时间,2021/5/1,购车地点,威海鑫狮汽车销售服务有限公司 [山东省],裸车价格,23万  (厂商指导价 24.97万),当前油耗,8L/100km,购入用途,上班,爱车简评,它的防震效果以及防噪效果做的还是挺不错的，在过比较坑坑洼洼的道路时候不会有很大的震感。然后在高速上提速行驶的时候，关闭车窗就不会听到太大的风噪声。,爱车评价,[最满意],对这台标志4008我最满意的两大方面就是它的内外设计，首先法系车就是偏小众，它虽然可能没有一些中国市场的主流车销量那么大，但就是因为这个，它愿意把价格放得更低，把做工用料品质提上去，我觉得最吸引我的还是它的外观，前脸的造型说不上很运动或者很大气，但它给人一种高贵的感觉，很协调，很有个性，车内更是惊喜，这个内饰的设计我觉得在同级别来说真的无敌，坐上来给人的感觉就是科技豪华，而且配置很齐全，这些案件排在一起很像飞机坐舱。,[不满意],这台4008其实也有我不太满意的地方，我也实话实说吧，这个品牌确实不如丰田本田保值率高，而且出手的时候可能会难一点，但我觉得老百姓好不容易买台车，哪有这么快卖，还有就是品牌的辨识度可能不如它们，很多人不认识标志车，但在我这里我反而觉得是一个优点，还给我增添了几分神秘感，而且给人一种品味独特的感觉，总结起来吧，如果你很在乎保值率的话标志4008可能不是你的最佳选择。,[外观],外观方面这台4008也有很多亮点，首先车灯就是很独特的造型，设计得很有个性但看起来不会很突兀，前脸偏圆的设计，看上去很和谐，侧面看起来很壮，像个肌肉男，很结实，车尾灯是家族的三条杠，偏黑色，很有质感，看上去像跑车。,[内饰],内饰是一个飞机驾驶室的风格，很有设计感，坐上去眼前一亮的感觉，特别是这个仪表，很有科技感，我很喜欢这种设计，还有就是中控案件，有格调，而且很方便操作。,[空间],空间方面这台4008表现还算可以，前排的头部空间很大，而且视野很开阔，中央扶手箱也很大，还有一些小格子的设计，放一些小物件不会弄丢，第二排很宽敞，因为车身宽又高，而且这台车的中央凸起很低，坐三个成年人还很宽敞，第二排座椅也是可以放倒的，放倒之后很大，开口也很大，搬家放一些洗衣机啥的完全没问题。,[舒适],这台4008开起来虽然很有运动感，但坐起来我觉得又是偏舒适的，因为这个底盘系统很多黑科技，也是它的看家本领，而且座椅柔软度也刚刚好，座椅用料很足，还有很多纹理的设计，看上去很有高级感，隔音也挺不错，我觉得它不比其他车，只是没有好好去感受它。,[油耗],油耗的话对于同级别来说，比不上日系车省油，但比美系车好，我平时上下班代步偶尔出游的话大概在9个这样吧，跑高速的时候省油多了，大概在7个这样，对于这么大的SUV来说表现不是特别好，但也算可以吧，反正我能接受。,[动力],动力的话说不上很强劲，但对于一台家用车来说我觉得足够了，起步的时候不会很窜，油门很灵敏，但提速很有质感，这一点主要归功它的底盘悬架，虽然是一个SUV但过弯很稳，高速变道也很灵活，有时候感觉自己在开一个两厢车。,[操控],操控的话我觉得这台4008在驾驶感受和乘坐之间结合得很好，开的时候会觉得它悬架硬，座椅包裹性很好，而且过弯很灵活，方向盘也很精准，在走一些小道的时候很灵活，我十分喜欢它这个底盘的调教。,[性价比],性价比的话，我觉得标志4008这款车懂它的人自然懂，我作为一个法系车迷，我觉得如果你有考虑的话你就去试试它，只有试过你才知道它值不值。,展开全部
"
    发表于  2021-11    

      
        
    
    
",https://image1.xcarimg.com/attachments/my/1/91/62/831_120.jpg,xuser1926283,三星会员,4.13,外观,4,内饰,4,空间,4,舒适,5,油耗,4,动力,4,操控,4,性价比,4,购入信息,爱车车型,购入时间,2021/3/1,购车地点,都匀恒信华致汽车服务有限公司 [贵州省],裸车价格,23万  (厂商指导价 24.97万),当前油耗,7L/100km,购入用途,上班,爱车简评,主要是它那设计并不是那种大众的风格设计，有种独特的韵味在上面，车身也是比较有运动属性的，轮毂很漂亮，还有就是车身的侧面也比较流畅，还有他的小狮子的标志，很讨人喜欢，就是它的车灯是卤素的灯光,爱车评价,[最满意],最满意的是油耗以及舒适性。我觉得油耗算是比较低了，毕竟这么大体型，再加上这么大的一个排量能有现在这么低的油耗，已经算是很高的一个技术水平了，等我的新车磨合期过了，后续的油耗还会降得更加低，所以根本就不会存在什么养车困难的情况。然后舒适性也很不错，防震以及防噪的效果都很OK，在过坑坑洼洼的道路的时候不会有很强烈的那种震感，在高速上提速也不会有很大的噪音。,[不满意],最不满意的是空间以及内饰。我还是觉得它的空间比较小的，我个子1米78并不是很肥，但是我坐驾驶座的时候还是感觉有点拥挤，并且这台车的后备箱位置真的是太小了，我根本放不下什么东西。内饰也设计得不是很好，有种廉价感，简直就是拉低了整个车的一个档次，座椅材质居然是仿皮的，没有质感，坐上去又硬邦邦的，非常的不好。,[外观],其实我当初买这台车的原因之一就是它的外观，它的外观设计非常的霸气，黑色的车身给我一种稳重的安全感。但是有点不太好就是它的车漆有点薄了，昨天我父母在它的车头上面晒红薯，可能是因为草编的框有点粗糙了，导致车头的车漆划出了一两道的痕迹。,[内饰],我觉得内饰设计很low。特别是那个仿皮的座椅设置，真的是一点质感都没有，坐上去之后硬邦邦的。特别是凑近了闻之后，还会有一点皮臭味。8英寸的触控液晶屏也太小了点，我觉得我看着我眼睛生疼，如果再升级大一点的会更加好。,[空间],空间并不是很大，我觉得是挺小的，我的个子是1米78，坐进主驾驶座的时候觉得是有点挤。并且我在驾驶的过程中如果动作幅度太大可能就会碰到旁边副驾驶座上的人。后排距离前排的空间也不是很多，后排的人坐下之后，头部距离车顶有两个拳头的距离，但是他的腿就不太好伸展，还是有点压抑感的。然后后备箱的空间也并不是很大，放下一点东西之后就可以塞得满满当当的，并不太能满足我的日常需求。,[舒适],它的防震效果以及防噪效果做的还是挺不错的，在过比较坑坑洼洼的道路时候不会有很大的震感。然后在高速上提速行驶的时候，关闭车窗就不会听到太大的风噪声。,[油耗],这个油耗我觉得很低，在市内行驶的话，每百公里油耗是8升，在高速上行驶每百公里的油耗是6.5升。这个油耗简直就是在给我的钱包减压，我真的是爱了。,[动力],东风标致独有的发动机技术让它的动力输出很充沛。即使是在爬坡或者是在提速超车的时候都会有很强劲的推背感，不会有任何的拖拉感。说4008动力不够的，基本上都是不舍得踩油门的人吧，只要舍得踩油门，它就可以达到我想要的动力输出。,[操控],我觉得这台车的操控还是挺灵敏的，它的方向盘的转向很灵活，不需要太大的半径，并且它的倒车影像反应的情况是真实迅速的，可以很方便的就让我完成倒车入库这些艰难的过程。刹车也是很灵活，并不像其他车友说的刹车很肉。,[性价比],我当初买这辆车的时候，对这辆车抱了很大的期望。但是现在买车三个月之后，觉得我当初抱有的期望太大了。虽然整体看性价比还是不错的，但是从细节上看还是存在着许许多多微小的问题。可以很真实的说，如果当初我的购车预算在高点的话我会选择更加高配置的汽车，不过现在也买了这辆车了，那就只能继续开着了。,展开全部
"
    发表于  2021-11    

      
        
    
    
",https://image1.xcarimg.com/attachments/my/1/91/62/829_120.jpg,xuser1926282,三星会员,4.38,外观,4,内饰,4,空间,5,舒适,4,油耗,5,动力,4,操控,4,性价比,5,购入信息,爱车车型,购入时间,2021/3/1,购车地点,蚌埠致祥汽车销售服务有限公司 [安徽省],裸车价格,23万  (厂商指导价 24.97万),当前油耗,8L/100km,购入用途,上班,爱车简评,它的方向盘的转向很灵活，不需要太大的半径，并且它的倒车影像反应的情况是真实迅速的，可以很方便的就让我完成倒车入库这些艰难的过程。刹车也是很灵活，并不像其他车友说的刹车很肉。,爱车评价,[最满意],第一个满意的就是这款车子的价格，这要再早几年，这款车也是20多万的级别，但现在这款车优惠过后，裸车才15万出头，太划算了，这款车的外观我也挺喜欢的，设计的非常的漂亮，有运动风格的属性，特别的帅气，内饰的造型我觉得也不错，特别的精致与细腻，宽敞的空间也是让我觉得特别的舒服的，我买的是1.6t排量的这一款式，动力的表现也是挺不错的，而且这台车跑起来依然是非常的稳当，我之前开308的时候就对于法系车的底盘比较喜欢，就还4008依然是有这个性能的，开起来稳当让人觉得也比较安全,[不满意],不满意的地方，第一个就是他的车灯，只有日间行车灯是LED的，其他的全部都是卤素的车灯，虽然说价格有比较大的优惠，但是这个简配确实是让我挺不满意的，还有就是这款车没有配备GPS导航系统，这个功能应该用用不了多少钱吧？不知道为什么，这款车没有配备，只有高配的那一款才有GPS导航，还有就是倒车镜不能自动折叠，这个也比较麻烦，因为我有时候老是忘记，新车还是挺心疼的，就怕蹭一下,[外观],这台车的外观设计，我觉得还是不错的，主要是它那设计并不是那种大众的风格设计，有种独特的韵味在上面，车身也是比较有运动属性的，轮毂很漂亮，还有就是车身的侧面也比较流畅，还有他的小狮子的标志，很讨人喜欢，就是它的车灯是卤素的灯光，还是要再吐槽一下,[内饰],内饰的造型我特别喜欢的就是他的这个钢琴式的按键，不仅看上去比较高档，在操作的时候比较有手感，仪表盘也是液晶式的，很方便，功能也比较多，特别是他一个全景大天窗，也是增加了很大的舒适度，中控屏幕弄得挺大的，操作起来也比较方便，就是没有导航功能，是一个差评,[空间],空间方面表现我觉得还是不错的，毕竟我也是从308刚刚换过来，感觉这台车子很宽敞，乘坐空间很舒服，后排的空间乘坐三个人，也没有觉得多拥挤，后尾箱逻辑特别大，除物的能力还是比较强的，还有就是这台车车内的储物格比较多，特别是中央扶手特别大，里面很深，放东西特别的方便，我觉得家用来说是不错的一个表现，够用了,[舒适],如果是跟我之前的308比较的话，确实要舒服太多了，隔音性能增强了许多，车内显得还是比较安静的，而且这款车的座椅我觉得舒适度也提高了不少，主驾驶座椅还给了一个电动调节的方式，操作起来还是挺方便的，这台车的减震效果也挺好的，过减速带的时候不用在特别刻意的减速了，底盘也是我比较满意的地方，很扎实，转弯的时候，车身的稳定性比较强,[油耗],法系车相对于美系车来说也是比较省油的，这款车1.6t的发动机，现在油耗在8.5左右，我觉得也是比较正常的一个表现，并没有觉得他不够，反正我是可以接受的，家用来说也比较合适,[动力],我觉得这款车的动力还是比较充沛一点的，它配备的是一个1.6t的涡轮增压发动机，当然肯定没有高配的那款，1.8t的强一些，但是这款1.6t的动力表现，我觉得也够用了，毕竟我也不太喜欢飙车，再加上平时也不怎么跑高速，就是在市区上下班开的时间比较多，太大的动力，肯定油耗也会随之增加的，我觉得动力够用就好，并不一定要追求特别大的排量的，还没到那个阶段,[操控],很多人都觉得法系车设计的比较反人类，我觉得还好，可能是我之前开的就是法系车的原因吧，对于这款车上手还是感觉比较容易的，各项操作起来也都挺轻松的，上手很快，车子的方向盘还是挺灵活的，指向性也比较精准，也配备有倒车影像，不过这款车没有配备GPS导航系统，这点让我确实有点不太习惯,[性价比],要说这款车的性价比，我觉得也挺一般的，主要是这款车子的保值率不太高，现在也降价了，沦为了一款比较小众的车型，不过要说这车的品质，我觉得也还是不错的，优惠完后的价格挺合适的，就是在配置方面，有些功能没有，这算是一个遗憾吧,展开全部
"
    发表于  2021-07    

      
        
    
    
",https://image1.xcarimg.com/attachments/my/1/90/77/117_120.jpg,xuser1917711,三星会员,4.5,外观,4,内饰,4,空间,4,舒适,5,油耗,4,动力,5,操控,5,性价比,5,购入信息,爱车车型,购入时间,2021/4/1,购车地点,陕西威标汽车销售服务有限公司 [陕西省],裸车价格,25.3万  (厂商指导价 25.97万),当前油耗,7.3L/100km,购入用途,接送小孩,爱车简评,选择这款车，主要是因为它的外观很吸引人。当时主要是去看508L的，但是意外的发现了这台黑色的4008。瞬间被他炫酷的外观所种草，加上价格优惠下来比508L要便宜一些。就阴差阳错的买了这款。,爱车评价,[最满意],整体的设计还是比较独特的，是我比较喜欢的风格。不像其他车更多的偏向于豪华大气，而是更多的带有自己的设计风格。,[不满意],整体表现还行，就是感觉车内空间和轿车相比，还是差了点意思。还有就是不带电动尾门，配置上不够全面。,[外观],外观的设计比较的时尚，经久耐看，不愧是法系车的设计。最喜欢尾部的设计，贯穿的黑色装饰很有个性。,[内饰],标致的内饰是我很喜欢的。坐进去有点驾驶飞机的感觉。液晶仪表看上去比较有档次，而且显示的很直观。电子档杆使用起来也很方便。,[空间],整体的车身尺寸还是不错的，前排的挡风玻璃很大，加上全景天窗，整体的车里看着很通透。就是后排的腿部空间，感觉稍微有一点挤。,[舒适],座椅的材料用的可以，软硬合适。后悬架不是独立的，过一些减速带的时候车里会比较颠簸。车里的噪音控制得还可以，基本上听不到外面的杂音。,[油耗],以前听说过法系车油耗会比较高，但实际开下来的感觉还不错。现在的油耗在8升样子。,[动力],动力还是很强劲的，起步很快，没有延迟。市区各种提速超车也没任何问题。变速箱的换挡也很迅速，没顿挫。,[操控],这个小方向盘这设计，使用起来是非常的方便。过弯感觉很轻盈，方便，而且没有虚位。底盘的调校是法系车的王牌，很稳重。,[性价比],选4008的主要就是因为之前在车展上看过一次，就被他的整体的设计和造型吸引了。感觉和其他的车型都不太一样，有自己独特的设计元素。,展开全部
"
    发表于  2021-07    

      
        
    
    
",https://image1.xcarimg.com/attachments/my/1/90/77/116_120.jpg,xuser1917711,三星会员,4.38,外观,5,内饰,5,空间,5,舒适,4,油耗,4,动力,4,操控,4,性价比,4,购入信息,爱车车型,购入时间,2021/4/1,购车地点, [宁夏省],裸车价格,25.29万  (厂商指导价 25.97万),当前油耗,7.3L/100km,购入用途,接送小孩,爱车简评,选这车主要是因为他比较特别，整体的造型和设计都体现了法系车的浪漫情怀。开在街上的重叠不多，比较特立独行。,爱车评价,[最满意],比较满意的就是性价比了，虽然品牌不是太好，但是做工和用料还是很有良心的。新车内饰都基本上没有味道。,[不满意],现在有点后悔没有上尝先版，少了一键启动，液晶仪表和双色轮毂，整体的档次感一下就降低了。,[外观],虽然没有行李架，但是整体看起来还是很时尚，大气的。尤其是从侧面看起来，整体的造型比较的修长，就是低配的轮毂样式不是太好看。,[内饰],内饰的造型也是独具一格，风格很简约大气。最喜欢钢琴式的按键，看起来就很有感觉，使用起来也是比较方便的。新车味道也比较的小。,[空间],空间还行，在这个级别中算是比较优秀的表现了。主要是后排采用的平坦设计，坐起来还是很方便的。中央扶手的空间很大，可以放比较多的小物件。,[舒适],车辆在低速的时候噪音还是控制的挺好，高速上的时候风噪大一些。后排也带了空调出风口，车内舒适度还可以。,[油耗],油耗的表现还可以，现在开了不到1000公里。油耗8升多，算是合格的表现。,[动力],这台车的动力还是比较强的，但是SUV的起步还是不能和轿车比。涡轮介入后，加速效果还是很强劲的。,[操控],这个小方向盘的设计很不错，操作起来也是相当的方便。手感比较的轻盈，指向比较准。上手也是非常的方便。底盘比较稳，高度也够，通过性很好。,[性价比],就是喜欢法系车的设计，看上去不会那么的传统。也是一款性价比不错的车，本来想买尝先版的，预算不够，只能买低配了。,展开全部
"
    发表于  2021-07    

      
        
    
    
",https://image1.xcarimg.com/attachments/my/1/90/77/115_120.jpg,xuser1917711,三星会员,4.38,外观,4,内饰,4,空间,5,舒适,5,油耗,4,动力,4,操控,4,性价比,5,购入信息,爱车车型,购入时间,2021/4/1,购车地点,大连东汇汽车销售服务有限公司 [辽宁省],裸车价格,25.28万  (厂商指导价 25.97万),当前油耗,7.3L/100km,购入用途,购物,爱车简评,其实选这个还是挺简单的，主要是在小舅子的强烈要求下，然后再经过试驾之后，轻轻松松的给确定下来了,爱车评价,[最满意],最满意的就是底盘调校的很不错，整体的路感反应的很清楚，而且底盘的感觉也比较的有韧性。,[不满意],对他的大灯不是太满意，不是LED的，在夜间行车的时候会比较的爱。,[外观],外观的设计是我比较喜欢的，整体的轮廓感看得非常的清晰。前脸的线条用的比较多，整体的感觉很饱满。侧面的双色轮毂也增加了车辆的一些大气感。,[内饰],特别喜欢这种简约的内饰设计，不仅看起来很舒服，使用起来也非常的方便。上下采用的分层式造型，功能分布的也很合理。,[空间],整体的车内空间给我的感觉还是很宽敞的。尤其是前排挡风玻璃很大，让视野感觉非常的开阔。后排也采用的是平坦设计，坐三个人不会觉得太挤。,[舒适],整体的灯光亮度不是太好，尤其是前大灯，夜间行车过程中不是太方便。后悬架不是独立的，所以在对抗颠簸上有一点差。,[油耗],提车后大部分也是在市区用车。目前整体算下来油耗在7升多，还是可以的。,[动力],对这台1.6T的发动机还是比较满意的。整体提速的感觉非常的强劲，偶尔去户外的话，动力也能够满足需求。,[操控],法系车的操纵是我一直着迷的地方。从方向盘到底盘整体的路感反馈得很清楚，驾驶起来也非常的有乐趣。这种赛车式的小方向盘也提升的驾驶的便捷性。,[性价比],选择他就是因为我喜欢看拉力赛，一直都很喜欢法系车，他的操控，底盘都让我满意。自己又喜欢周末的时候去户外玩，于是就选择了这款4008。,展开全部
"
    发表于  2021-07    

      
        
    
    
",https://image1.xcarimg.com/attachments/my/1/90/77/113_120.jpg,xuser1917711,三星会员,4.5,外观,5,内饰,5,空间,4,舒适,5,油耗,5,动力,4,操控,4,性价比,4,购入信息,爱车车型,购入时间,2021/4/1,购车地点,吉林省联孚汽车销售服务有限公司 [吉林省],裸车价格,25.27万  (厂商指导价 25.97万),当前油耗,7.3L/100km,购入用途,接送小孩,爱车简评,本来一心是奔着探界者去的，但是由于价格没有谈。媳妇儿说反正标致也还是不错，就选了之前一直也很喜欢到4008。,爱车评价,[最满意],只能说总体来说都是非常满意的，要说最满意的应该就是它的外观和内饰尤其是内饰真的没得说，这个价位的车不敢说没有对手，但是我觉得还是非常有特色的,[不满意],这辆车让我还是非常满意的，当然人无完人，他也有不足之处，如果说比较不满意的就是座椅有一些偏硬开起来有一些晃，但我平时也在市区跑，也是可以接受的。,[外观],款车的外观也是吸引我购买它的主要原因。外观设计的很有个性，很符合我的审美，这辆车的尾灯也是很亮眼的地方，从各个角度看过去我都觉得很顺眼。,[内饰],内饰也是我非常满意的一点，中控设计的非常独到，很耐看。而且座椅的皮质感觉还可以，手感和用料都对得起这个价格,[空间],空间的话还是可以满足日常需求的，我一米八的个子坐在主驾驶也不会感觉特别拥挤，后排相对宽松坐三个成年人完全没有问题,[舒适],舒适性整体来说还算可以吧，就是座椅有一些硬陡的地方会比较晃。不过平时我都在市区内开。 也还算可以接受的,[油耗],这辆车的油耗总体来说还是比较满意的，在八点多左右，毕竞排量和车重摆在这里，还是在可以接受的范围内。,[动力],这辆车的动力也是很充沛的，s模式响应超快。跑高速时也非常省力，在市区内超车也是游刃有余，动力随叫随到,[操控],这辆车给我的感觉就是操控性非常的稳定。方向盘时马达那刹车系统也非常的灵敏。开起来也很轻松，底盘比较有韧性，高速行驶时不会感觉到侧倾。,[性价比],当初选车时看了很多车，直接让我满意的。就是它的外观看着很霸气，而且性价比也很不错，印象很棒，给我一种安全感，让我很放心,展开全部
"
    发表于  2021-07    

      
        
    
    
",https://image1.xcarimg.com/attachments/my/1/90/72/190_120.jpg,gh1626254275,三星会员,4.25,外观,4,内饰,4,空间,4,舒适,5,油耗,4,动力,5,操控,4,性价比,4,购入信息,爱车车型,购入时间,2021/4/1,购车地点,齐齐哈尔市皓民汽车销售有限公司 [黑龙江省],裸车价格,25.26万  (厂商指导价 25.97万),当前油耗,7.3L/100km,购入用途,自驾游,爱车简评,之前有一辆轿车，开了几年就想着换一辆SUV。 但是预算有比较的有限，看了几款之后，觉得4008的性价比各方面也挺不错的。,爱车评价,[最满意],最满意的就是他的性价比还不错。在这个价位能买到这种外观造型漂亮，内饰设计时尚，并且动力还不错的车，确实很划算。,[不满意],后悬架不是独立的，这一点我个人不是特别的满意。走一些坑洼路面的时候车里颠簸感会比较的明显。,[外观],这辆车的外观给我的感觉也是非常的大气，时尚。整个车身的线条运用的非常犀利，而且棱角分明。一些细节的处理又体现出了法系车的浪浸。,[内饰],同级别来比，内饰算是比较出色的了。整体的设计非常的简约，钢琴式的按键和电子换档，提升了整体的档次感。液晶仪表看着也比较豪华。,[空间],空间表现还不错，全景天窗让车里看起来特别的明亮。前排的挡风玻璃也比较大，视野很开阔。坐进去之后，头部和腿部都有比较好的活动空间。后排中间也是平坦设计，坐三个人没有任何问题。,[舒适],车内的各种按键，使用起来手感很舒服。空调和音响的效果都挺不错的。座椅的包裹性也比较好，把整个身体贴合的很舒服。就是后悬架不是独立的，在减震性上稍微差了一点。,[油耗],平时开车也是把发动机启停开启的，感觉在城区用车还是比较的使用。目前算下来8升多的油耗，还是很不错。,[动力],这台1.6T的动力在市区代步用车完全没有任何问题。起步的时候，虽然谈不上特别的强劲，但是中后期的提速还是不错的。,[操控],第一次开这种小方向盘的车，刚开始不是特别的习惯，但是开久了之后就觉得特别方便。过完转向都非常的流畅，而且标致车的底盘也比较扎实。,[性价比],这款4008整体给我的感受，就是非常的漂亮时尚。内饰造型颜值也很高，所以选车的时候也是毫不犹豫地选择了他。,展开全部
"
    发表于  2021-07    

      
        
    
    
",https://image1.xcarimg.com/attachments/my/1/90/77/106_120.jpg,xuser1917710,三星会员,4.5,外观,4,内饰,4,空间,4,舒适,5,油耗,5,动力,5,操控,5,性价比,4,购入信息,爱车车型,购入时间,2021/3/1,购车地点,黑龙江骏鹰大通汽车销售服务有限公司 [黑龙江省],裸车价格,25.25万  (厂商指导价 25.97万),当前油耗,7.3L/100km,购入用途,购物,爱车简评,当初买这款车的时候，就是感觉这款车的外观造型非常的大气时尚，对于我来说也是非常够用，完全能够满足我的需求。,爱车评价,[最满意],最满意的肯定是外观啊和led自动大灯。为了全黑的配色，也没管配置高低，反正就这一款。本来在中国就是小众车系了，配色更是小众。其次满意的是后排中间纯平，适给三人乘坐。,[不满意],这个车的普通模式有点像其他车的经济模式，不舍的踩油门起步就是比较慢。黑色的车身视觉性不太好，晚上开车容易撞。,[外观],外观很满意，就是应为这个外观样子才买的，不能不说全黑的外观除了酷之外更是性能操控的代表颜色。,[内饰],内饰没有什么异常的味道，只有标致传统的香味。整体做工非常好，用料好，所有地方都舒舒服服。,[空间],第一排主驾副驾的位置反而比2008还紧了一点，因为中控变大了，而且座椅更加包裹了。所以导致转身不是太方便。后排不能跷二郎腿，但是放松换腿还比较方便，相对宽松。,[舒适],前排包裹性非常强，导致平时停车的时候转身之类的不方便。而且膝部腿部空间不算太大，长时间容易酸。,[油耗],油耗平均8.5左右，相对比之前那辆手动的高好多。但是也降不下来了，估计差不多这样了，毕竟是自动挡的，可以接受。,[动力],动力可圈可点S模式响应超级快，堪比我之前的手动挡。普通模式很佛系，不过国道的时候开蛮好的。,[操控],方向盘依然是没有虚位，非常精准的。而且还是小的赛车方向盘容易操控，开起来不累。上下平底的让平时两手握起来可以有抓力，不累。,[性价比],之前有一辆2008手动，开了三年非常爽，出去旅游上山下乡又小灵活的让我无所不能。所以换车的话还是选择标志的车子，一进店就被4008黑曜完全吸引了，果断提车。,展开全部
"
    发表于  2021-07    

      
        
    
    
",https://image1.xcarimg.com/attachments/my/1/90/77/103_120.jpg,xuser1917710,三星会员,4.5,外观,5,内饰,5,空间,4,舒适,4,油耗,4,动力,4,操控,5,性价比,5,购入信息,爱车车型,购入时间,2021/3/1,购车地点,洛阳亨城汽车贸易有限公司 [河南省],裸车价格,25.24万  (厂商指导价 25.97万),当前油耗,7.2L/100km,购入用途,自驾游,爱车简评,之前15款明锐手动用的沥青隔音棉，忍了五年， 19年5月接受厂家换棉，臭味道依然如故。由于爱人用车较多，年底怀孕之后，直接选择换车了。 4008最大最大的优点就是没有味道，没有味道，没有味道！,爱车评价,[最满意],我对这辆车最满意的可能就是性价比方面了，虽然说是作为一辆合资车，但其实也会发现在同级别的合资车里没有几辆车的性价比是可以高得过它的,[不满意],我觉得这一辆车子的减震这一块还是需要有待提升一下，平时都不敢开出去跑山路，而且倒车影像也不是太好,[外观],外观看上去还是非常帅气的，我其实挺喜欢它的车脸设计，开出去的话还是很有回头率的,[内饰],内饰这一块可以说在同级别的合资车里算得上是数一数二了，做工精细而且塑料感不强,[空间],对于这辆车子的空间，作为辆家用车来说是没有问题的，后排一般坐三个人也是不会感觉到拥挤的,[舒适],座椅的支撑包裹性还是不错的，但是减震这一块还是需要有待改善，不是特别舒服,[油耗],油耗这块我还是挺满意的，7.6左右在同级别的车子里也算是很省油的了,[动力],动力这一块响应还是很快的，虽然说是自动挡，但是跟手动挡的挂挡切换效率没什么差别，像平时开高速100码都很轻松,[操控],因为自己本身也是开惯了标志系列的车，所以对它的操控性能还是很容易得心应手了，不会特别难上手,[性价比],家里本身就有一辆东风标致408，作为代步车也是开了好几年了都没什么大问题。那现在的话也准备给自家填辆家用车，所以标致旗下的车自然而然成为了首选。也是看这辆车的价格以及性价比方面都很不错，就选择了它,展开全部
"
    发表于  2021-07    

      
        
    
    
",https://image1.xcarimg.com/attachments/my/1/90/77/101_120.jpg,xuser1917710,三星会员,4.63,外观,4,内饰,4,空间,5,舒适,5,油耗,5,动力,5,操控,4,性价比,5,购入信息,爱车车型,购入时间,2021/3/1,购车地点,河南神源汽车销售有限公司 [河南省],裸车价格,25.23万  (厂商指导价 25.97万),当前油耗,7.2L/100km,购入用途,接送小孩,爱车简评,喜欢流线设计，还有……应该是叫狮爪尾灯吧，开夜路辨识度很高！还有就是全LED的仪表盘，可以切换几种模式，看上去高大上！动力相比也有较大优势，提速很快，超车贼爽！,爱车评价,[最满意],对于颜控而言最满意的地方当然是外观和内饰，这两个方面无一短板！整体来说颜值很高，而且还很难让人挑出毛病。外观L.ED大灯搭配运动化设计，整体比较符合二十多岁这个年龄段的人。内饰设计比较有质感，重点还是新车落地也不会出现异味。 另外后期保养费也不会太高，还是…,[不满意],还没有发现特别不满意的地方，如果非要找一个的话，建议增加后排座椅调整功能。,[外观],全系甚至于同价位的汽车里面，黑曜版的4008可以说是颜值第一；硬要说哪里让我不满意的话，那就是轮毂还是欠缺了一点味道，毕竟还是和普通精英版的一样，如果稍作改动一下就会更加特别了。,[内饰],内饰方面比较简洁干净，配色看上去比较有质感。不管是男生还是女生开都会比较合适，如果仪表盘的设计能够考虑一下个子高的人就更好了。而且内饰也不会散发出异味，这一点要比很多的车都好。,[空间],这一个系列是没有四驱，所以整体来说空间表现中规中矩；和途岳相比较的话，后排空间和后备箱要更大些。空间表现比较适合作家用车。之前我和朋友去过做慈善，把后排放倒之后能够塞满好几十箱四十斤左右的鸭梨；所以说对空间要求比较高的人也可以选择这一款车。,[舒适],隔音效果还是挺棒的，我之前的车上了高速之后不管是风噪还是胎噪都比较明显，4008就没那么严重。由于我身高已经超过185了，座椅和仪表盘的角度还是不太适合我；如果你的个子比较高也需要多注意一下这一个问题。再加上座椅没有腰部支撑的座椅，整体来说舒适度还是中等水平…,[油耗],和我上一部车相比较4008的油耗会相对高一点，不过也没有高出多少，也在我能够承受的范围之内。 过了磨合期之后，4008的平均油耗大概是在7左右，一箱油大概能够跑600公里，整体而言油耗还是中等水平。,[动力],相比起我的前一辆车，标致4008的1.6T发动机还是比较猛的。变速箱是爱信的6AT所以基本上换挡是没有什么感觉。动力来说只要你肯踩油门，一般都是能够上去的。就算你想要载货上高速，速度也都不会让你失望。前段时间我和朋友一起去旅游，高速上面还是挺轻松就能够上130的；,[操控],个人还是比较喜欢这款车的小方向盘的，比较灵活。不管是掉头还是停车方向反映还是比较快速的。也可能是因为我没有开过价格更高的车，个人而言这辆车的操控还是很不错的。,[性价比],我觉得空间够用，同级别性价比还是不错的，动力也还可以，反正挺和我眼缘的,展开全部
"
    发表于  2021-07    

      
        
    
    
",https://image1.xcarimg.com/attachments/my/1/90/77/095_120.jpg,xuser1917709,三星会员,4.63,外观,4,内饰,5,空间,4,舒适,5,油耗,5,动力,5,操控,5,性价比,4,购入信息,爱车车型,购入时间,2021/3/1,购车地点,唐山市冀东通汽车销售服务有限公司 [河北省],裸车价格,25.22万  (厂商指导价 25.97万),当前油耗,7.2L/100km,购入用途,接送小孩,爱车简评,4008黑曜16万落地，性价比还是相当不错的，表弟早我3个月19款CRV舒适落地19万，轮胎比CRV17寸大一寸18寸侧气帘后驻车雷达倒车影像自动启停车顶行李架真皮方向盘方向盘换挡全液晶仪表智能钥匙无钥匙进入,爱车评价,[最满意],外观超级喜欢，非常霸气，开出去有面子！内饰可以了，整体的用料也都挺良心的，日行灯很好，就是卤素灯有点欠缺，后期打算换个LED的。油耗上基本属于一个正常水平，当下在市区经常开，有8个油左右的表现还是挺满意的，毕竟怎么说也是一辆SUV，肯定不如最开始看上的卡罗,[不满意],加速的时候不太平顺，也没什么推背感，避震有点送，根部不敢走颠簸的路段，走颠簸路后排就感觉特别不舒服，这车设计的对后排乘客特别不友好。,[外观],外观没什么不满意的，就冲着外观买的，毕境年轻人谁不喜欢漂亮的东西啊，车子也得选自己喜欢的外形，虽然外观审美因人而异，但我是觉得挺好看的，犀利的小眼神，饱满的小屁股，回头率也挺高。,[内饰],设计的还是挺好的，车子回来就没有什么异味，方向盘包裹的皮的手感也非常的好，有高级感，我感觉要比卡罗拉的内饰好看！,[空间],家用的话空间足够了，后备箱空间真心不大，毕竟定位是紧凑suv，前排的腿部和头部空间都很宽敞。,[舒适],我开车较慢，经常走快速和城市一般道路，感觉舒适度没问题，隔音也可以接受开到颠簸的小坑洼就差舒适度朋友的反馈来说，还是不错的。,[油耗],这阵子跑下来我也算了算油耗，基本油耗不算高，但是开空调对油耗影响是有点影响的，我一般开车都开空调，开音响，所以这个油耗还是很不错的，我基本都在市区开，感觉总体还不算费油。,[动力],想超车时，响应很快。动力足够了，油门反应也挺灵敏的，但是我平常开的感觉比较安逸舒适，不想过于激烈的超车，可能suv的感觉比较稳重。,[操控],方向盘握感好还轻，很容易.上手操控，精准度也不错，基本是指哪打哪。日常在高速路上开着很平稳，整体感很强。,[性价比],可能还不熟悉这辆车吧，有些功能还没用过，感觉比较繁琐，没有LED大灯，反光镜折叠也取消了。另外，自动启停功能有点坑爹，刹车用力一踩，就熄火了，倒车入库的时候很难受。,展开全部
"
    发表于  2021-07    

      
        
    
    
",https://image1.xcarimg.com/attachments/my/1/90/77/093_120.jpg,xuser1917709,三星会员,4.63,外观,4,内饰,5,空间,5,舒适,5,油耗,4,动力,5,操控,5,性价比,4,购入信息,爱车车型,购入时间,2021/3/1,购车地点,河北盛威汽车贸易有限公司 [河北省],裸车价格,25.21万  (厂商指导价 25.97万),当前油耗,7.2L/100km,购入用途,接送小孩,爱车简评,之前的车子开腻了，打算换一辆车玩玩，朋友给我推荐的标致4008，看过车之后感觉这辆车挺酷的，动力挺强的，试驾的体验挺不错的，所以就买了它。,爱车评价,[最满意],以前出差都是开着公司的车，又老又难开，买了标致4008之后我就开着它出差了，座椅特别的舒服，开着它出差路上真的太舒服了。,[不满意],对标致4008很满意，但是有个别小缺陷需要改进。比如说后排没有中央扶手，坐在后排时间长了感觉胳膊没地方支撑着有点不太适应,[外观],标致4008的外观比较大气，运动感很强，车身的线条感很强，做工比较出众，轮毂样式好看，前后车灯都很时尚。,[内饰],内饰设计风格比较年轻，视觉效果不错，用料档次感很强，中控屏幕很大气，没有异味，如果后排也能加上中央扶手的话那就完美了。,[空间],标致4008的空间很宽敞，驾驶室的视野比较开阔，坐在车里太敞亮了。后排坐人也很舒服，空间比较充足，有时几个同事一起出差的时候都喜欢坐在我的车里，因为空间大，路上比较舒服。 后备厢的空间也很充足，储物能力很强。,[舒适],座椅的舒适度上乘，座椅填充的很充足，坐着很舒服。车内隔音效果很不错。减震效果也很好。,[油耗],现在油耗才7升，出差的时候非常省油，为公司节约了好多油费，这个油耗还是让我非常满意。,[动力],动力是真的舒服，高速一百码踩油门还有推背感，而且市区超车是真的轻松，变速箱的换挡很干脆，没有一丝顿挫。,[操控],标致的车子科技感比较强，车里有语音识别功能，配置很高，倒车影像非常的清晰，倒车的时候太管用了。方向盘操控感很好，转向灵活清晰，指向精准。,[性价比],一眼就被标致4008的外观吸引了，于是抱着试试看的态度试驾了，感觉不错，主要是安全系数这点很好，空间大刚好满足我家庭用车的需要，而且标致三大件口碑还不错，最后预算也够，所以最终决定了就是这个4008。,展开全部
"
    发表于  2021-07    

      
        
    
    
",https://image1.xcarimg.com/attachments/my/1/90/77/092_120.jpg,xuser1917709,三星会员,4.38,外观,4,内饰,4,空间,4,舒适,4,油耗,5,动力,5,操控,4,性价比,5,购入信息,爱车车型,购入时间,2021/2/1,购车地点,深圳市友车友汽车销售服务有限公司 [广东省],裸车价格,25.2万  (厂商指导价 25.97万),当前油耗,7.2L/100km,购入用途,接送小孩,爱车简评,上市的时候就超级惊艳内饰无疑我选择这款车的 最大理由之前看朋友开过的3008也比较不错再者 就是4008上市就种草了,爱车评价,[最满意],最喜欢的就是他的外观了，颜值高我看着心情都会不错，更别说开着了，感受着窗外别人注视着的目光，别提有多开心了。,[不满意],悬挂有点硬，每次开车走路况不好的路会颠起来，尤其是过减速带这种，颠簸感就会很明显，我要特意把速度压的很低，这样开就不会有啥颠簸感。,[外观],中网的设计是真的好看，屁股的设计也很动感，车灯设计，从侧面看层次感也有，再加上他的一个很深邃的大灯，在马路上就很有攻击力。,[内饰],中控屏有个很大的炫浮大屏看着还蛮有档次的，整个内饰制作的精致特别，用料观感很好，一点也不突兀，不得不说一点不足就是整个中控有点容易粘灰尘。,[空间],车的前排空间很宽敞，我坐在里面很舒服，视线很好，遮挡面积很小，后排对我来说都不挤，坐在上面都可以活动自如。,[舒适],舒适性总体来说还可以，因为它的底盘调教非常的舒适，所以乘坐的舒适性也非常的好。再加上座椅也足够宽大，里面的填充物也是比较柔软的，所以坐起来不会觉得难受。,[油耗],自从我提车之后，我基本就在市区开，油耗平均在9L左右，高速的话差不多7.2个，综合表现下来真的很省油。,[动力],虽然只有1.6L，但是毕竟有涡轮增压，动力肯定没问题，可能男生都喜欢开快车，个人感觉变速箱很灵活，反应很顺畅。,[操控],车子方向很稳，没有虚位，虽然是SUV，但是底盘很稳也很扎实，指向精准，其他的基本操作没啥说的，总而言之标致4008很好上手，操作感很满意。,[性价比],我这个人吧，有个有点就是善于发现美的事物，总我与标致4008这段相处的美好时光来看，性价比是真的很不错。,展开全部
"
    发表于  2021-07    

      
        
    
    
",https://image1.xcarimg.com/attachments/my/1/90/77/090_120.jpg,xuser1917709,三星会员,4.63,外观,4,内饰,5,空间,4,舒适,5,油耗,4,动力,5,操控,5,性价比,5,购入信息,爱车车型,购入时间,2021/2/1,购车地点,广东广物标远汽车贸易有限公司 [广东省],裸车价格,25.19万  (厂商指导价 25.97万),当前油耗,7.2L/100km,购入用途,购物,爱车简评,买车也看了很多紧凑型吉普车，最后选择标致4008还是因为它的性价比是其他品牌给不了的，后排平整化的空间加大了舒适性，,爱车评价,[最满意],最满意它的外观方面，感觉整体比较大气，而且车身的线条也特别的流畅，整体感觉还是比较霸气时尚的，感觉开出去特有面子。,[不满意],最不满意的地方就是感觉目前它的油耗略微的有些高，不过可能是车子重和车身比较大的原因吧。,[外观],外观方面不用多说是我最喜欢的一点，整体看起来比较动感时尚，非常不错，这一块也是法系车的强项。,[内饰],内饰方面属于中规中矩吧，整体的设计也是比较有风格的，做工和用料也比较不错，手感特别好，细节处理的也非常到位。,[空间],空间方面整体来说表现的还不错。完全满足我的日常代步需求，而且也可以偶尔和家人一起出去自驾游。,[舒适],舒适性比较不错，座椅柔软坐起来比较舒服，悬架功能比较好，减震的过滤性非常的到位，这点还是比较喜欢的。,[油耗],平时基本在百公里9.2个油左右感觉算是油耗比较高一点的，但是考虑一下他是个大SUV，这个油耗还是可以接受的。,[动力],动力方面表现的还是比较强劲的，毕竟这么大排量的发动机，再加上很聪明的变速箱，所以实际动力表现还是相当不错的，平时超车和代步也是完全没有问题。,[操控],方向盘比较轻盈，手感还是挺不错的，油门刹车的反馈都比较及时，整体来说操控性还是比较容易上手的。,[性价比],当时选择标致4008这款车总体感觉除了外观好看之外，各个方面的配置还算不错的，而且他的很多看不到的地方用料特别扎实，价格也在我的预算范围之内，也算是性价比比较高的吧，所以当时就选择了它。,展开全部
"
    发表于  2021-07    

      
        
    
    
",https://image1.xcarimg.com/attachments/my/1/90/77/087_120.jpg,xuser1917708,三星会员,4.63,外观,5,内饰,5,空间,5,舒适,5,油耗,4,动力,4,操控,5,性价比,4,购入信息,爱车车型,购入时间,2021/2/1,购车地点,厦门永达丰汽车销售有限公司 [福建省],裸车价格,25.18万  (厂商指导价 25.97万),当前油耗,7.3L/100km,购入用途,接送小孩,爱车简评,首先这款车之前的售价还是蛮高的，但是现在优惠力度大，综合它的产品来讲真的是很划算的。,爱车评价,[最满意],最满意的就是这款车的颜值了，外观的设计还是非常时尚帅气的，而且这款车的驾驶感受也是非常不错的，算是一款比较容易上手的车了。,[不满意],这款车的悬架减震调效的比较硬，而且隔音的效果比较一般。,[外观],外观的造型设计的确实非常的时尚大气，整个车身的线条比例看上去还是非常协调的，前脸的造型辨识度还是特别高的。,[内饰],中控内饰的整体造型风格我还是非常喜欢的，多功能的方向盘实用性特别高，就是储物空间搭配的太少了。,[空间],乘坐的空间对于我来说是完全能够满足的，前排座椅和后排座椅的腿部空间都是比较宽敞得，而且这款车的后备箱储物能力也不错。,[舒适],座椅的支撑性和包裹感我还是非常满意的，乘坐起来还是比较舒服的，隔音的效果比较一般，高速驾驶的时候风噪和胎噪是比较明显的。,[油耗],综合油耗大概百公里8个油左右吧，油耗的表现我还是非常满意的。,[动力],动力对于我来说是完全能够满足的，这款车的提速表现确实非常的强劲，即使满载的情况下，动力表现的也是非常充沛的。,[操控],驾驶这款车还是非常轻松的，方向盘的手感很好，指向也特别精准，而且车身的灵活性也不错，算是一款比较容易上手的车。,[性价比],选择标致4008这款车的一定是个居家过日子型的或者是刚步入社会不久的年轻人，这款车家用真的是太合适了，优惠力度大，所以性价比很高，底盘的操控很高级，同级别车型数一数二的水准。,展开全部
"
    发表于  2021-07    

      
        
    
    
",https://image1.xcarimg.com/attachments/my/1/90/77/085_120.jpg,xuser1917708,三星会员,4.63,外观,5,内饰,5,空间,5,舒适,5,油耗,4,动力,4,操控,4,性价比,5,购入信息,爱车车型,购入时间,2021/2/1,购车地点,福建吉诺佳宏汽车有限公司 [福建省],裸车价格,25.17万  (厂商指导价 25.97万),当前油耗,7.2L/100km,购入用途,接送小孩,爱车简评,买这款车也是因为这款车的性价比特别高，外观的造型设计的还是非常时尚大气的，而且这款车的价格也在自己的预算范围内，所以就买了这款车。,爱车评价,[最满意],首先就是它的外观了，观看起来也是比较圆润，挺厚实的，其次就是舒适性方面，无论是座椅还是噪音等方面也都做的很到位,[不满意],总体来说，不满意的地方还是有几点的，保值率低，后备箱空间小，深度不足，倒车影像也不怎么好,[外观],设计的很好，非常厚实，也许给人一种很厚重的感觉，看上去挺能给人安全感的,[内饰],内饰的用料做工挺好的，用色也是比较单调，做工挺精细的，再加上全景天窗，显得车内更加的优雅,[空间],虽然看过去空间挺大的，但是毕竟是紧凑型的SUV，所以空间肯定不是特别大，但是对我来说，平时用来代步还是完全足够的,[舒适],座椅的包裹性挺好的软硬适中，坐起来也舒服，但是空间就不是特别大了，毕竟是紧凑型的车，后排坐两个人倒是可以坐，三个人的话可能会有点挤，隔音效果做的挺不错的,[油耗],目前八个多的油耗我个人认为还是比较合理的，毕竟是一款SUV的车，而且都是在市区路段开，所以会比较耗油一点，这八个多的油耗我还是非常满意的,[动力],起步有一点肉，加速也是一般般，但也是够用，毕竞用来代步的车也没有其他要求，唯一要求的就是稳,[操控],方向盘的灵敏性挺好的，操控起来也挺容易上手，油门和刹车的反应也是挺灵敏的,[性价比],我对车也并不是太了解，主要就是外观好看，坐着舒服，性价比高等这些方面，试了一下这辆车的操控和舒适性方面都还不错，所以就买了,展开全部
"
    发表于  2021-07    

      
        
    
    
",https://image1.xcarimg.com/attachments/my/1/90/77/080_120.jpg,xuser1917708,三星会员,4.63,外观,5,内饰,5,空间,5,舒适,5,油耗,4,动力,4,操控,4,性价比,5,购入信息,爱车车型,购入时间,2021/2/1,购车地点,青岛宝狮汽车销售服务有限公司 [山东省],裸车价格,25.16万  (厂商指导价 25.97万),当前油耗,7.2L/100km,购入用途,接送小孩,爱车简评,最满意的地方当然是颜值和内饰了，我觉得在这个级别的车来说，我也看过很多车了。我觉得4008可以秒杀他们。,爱车评价,[最满意],最满意的就是这辆车的操控调校非常的出色。小巧灵动的方向盘，加上标致特别底盘设计，让我驾驶起来感觉很不错。,[不满意],不满意的就是这辆车的一些配置方面不是那么的人性化。前大灯采用的卤素大灯在夜间的照射效果比较差。,[外观],法系车的设计一直都是比较偏向大气和高级的。车头看起来非常的犀利，线条使用很流畅，让车身棱角分明。,[内饰],内饰的设计非常的时尚。超大的液晶仪表和小巧的方向盘设计都凸显了这辆车运动的气息。整体的用料基本上都采用的软质材料，质感比较高级。,[空间],4008的空间在同级的车型当中算是比较的出色了。全景天窗的加持让车内看起来十分的通透，不会那么压抑。宽大的挡风玻璃保证了行驶的良好视线，而且坐进去后身体也有很好的活动空间。,[舒适],标致车的用料十分的厚道，密封效果很出色。即使在高速行驶也没有太明显的噪音。就是后悬架的过滤颠簸能力比较一般，遇到复杂的坑洼路面感觉不是那么的舒适。,[油耗],这辆车的油耗确实给了我一个的惊喜。本来以为这种SUV的油耗会比较高，但现在的油耗不到八升，还是感觉非常出色了。,[动力],这台1.6T的发动机和宝马合作研发的，动力表现很出色。起步的时候会稍微有点延迟，但速度只要是上到30码之后，那种持续的爆发力让我感觉非常的给力。,[操控],标致一直主打的就是操控。灵巧的方向盘设计让我不管在市区还是高速超车，都感觉非常的方便。而且底盘调校的十分有韧性，对车身的支撑感很充足。,[性价比],选车的时候知道法国车很不保值。而且后续维修成本高。但是最终还是败给了它的外观和内饰。我觉得我是一个颜值控。没办法就自己喜欢才行,展开全部
"
    发表于  2021-07    

      
        
    
    
",https://image1.xcarimg.com/attachments/my/1/90/77/078_120.jpg,xuser1917707,三星会员,4.63,外观,5,内饰,5,空间,5,舒适,4,油耗,4,动力,5,操控,4,性价比,5,购入信息,爱车车型,购入时间,2021/1/1,购车地点,山东泰通汽车销售服务有限公司 [山东省],裸车价格,25.15万  (厂商指导价 25.97万),当前油耗,7.2L/100km,购入用途,接送小孩,爱车简评,我一直想买一辆SUV能够带着我感受一下大好的美丽风景。在对比了很多车型之后选择4008主要是因为它的性价比很出众。而且法系车的品质，在同级别的车型当中也算是比较的出色。,爱车评价,[最满意],最满意的就是这辆车的驾驶感觉了。小巧的方向盘设计操控起来十分的流畅，而且底盘对车身的支撑效果也很出色。,[不满意],不满意的就是后悬架还是采用的非独立结构，对路面的颠簸过滤的比较一般。大灯的亮度不是太好，在没有路灯的夜间行车照射亮度不够。,[外观],法系车的外观设计确实有自己独特的风格。前脸的造型十分的有辨识度，宽大的车头配上犀利的腰线在视觉上很有冲击力。尾部的贯穿设计看起来也十分的有设计感。,[内饰],内饰的造型是我看过这么多车当中比较科技时尚的。悬浮的中控屏尺寸合适分辨率很高，液晶仪表的视觉效果也很好。分层的造型让功能区域分布的十分合理，平时操控起来也很方便。,[空间],前挡风玻璃的视野非常的开阔，加上车身的结构让我坐在前排没有丝毫的压抑感，后排中间采用的平坦设计，坐三个人也十分的轻松。,[舒适],座椅的角度设计的很出色，包裹的造型也让我在长途行车的过程中不会觉得太疲惫。出色的密封效果也保证了，平时开车过程中车内的静音性。,[油耗],之前以为标致车的油耗会比较高。可目前行驶下来一直都稳定在8升出头，还是非常的省油了。,[动力],这台1.6T的发动机没有想象中的那么强劲，尤其是在起步初期会感觉到明显的延迟。但中后期的爆发力很充足，动力的输出也非常的有持续性。,[操控],法系车的操控一直以来都是它的王牌。小巧灵动的方向盘让我驾驶起来感觉十分轻松。底盘的调校也十分的沉稳，特别是在快速过弯的时候，车身能够保持非常稳定的状态。,[性价比],我选车的时候，在这款4008和大众的途岳之间纠结了很久。本来比较喜欢途岳的，但去了几家4S店销售态度都不是太好。相反标致的销售非常热情，带我来来回回的试驾了几次。加上这辆车的性价比和外观都比途岳更加的优秀一点，于是就入手了它。,展开全部
"
    发表于  2021-07    

      
        
    
    
",https://image1.xcarimg.com/attachments/my/1/90/26/430_120.jpg,gh1623365062,三星会员,4.75,外观,4,内饰,5,空间,4,舒适,5,油耗,5,动力,5,操控,5,性价比,5,购入信息,爱车车型,购入时间,2021/1/1,购车地点,重庆集大成汽车销售服务有限公司 [重庆市],裸车价格,25.14万  (厂商指导价 25.97万),当前油耗,7.1L/100km,购入用途,购物,爱车简评,标致4008这个车目前优惠力度很大，他的性价比非常高，选这车也是因为他的空间大，视野好，底盘操控非常出色，是一个家用很不错的车。,爱车评价,[最满意],这款车子比较省油，油耗量方面是我非常满意的，再有他的外观颜值也很帅气，空间也比较大。价格方面也是我能够接受的。,[不满意],这辆车其实大部分时间都是我自己开，所以对于它的前排空间我是比较满意的，但是后排的这个宽度相对来说就稍微窄了一些，会稍微紧凑一些，毕竟这不是辆大型的SUV，这方面肯定会有所缩减。,[外观],车子的外观设计非常的独特，大灯设计很新颖。车身线条很流畅，层次分明，一气呵成，外观颜值特别的帅气迷人。,[内饰],车子的内饰风格也比较简单大方，车内的布局也很合理，用料扎实厚道，做工也很整齐，室内效果非常的完美。,[空间],车子的乘坐空间特别的大。即使高个子坐进去也丝毫不会感到应激感，车内空间非常的宽敞，储物盒设计的也很到位，储物能力也特别强。,[舒适],车子的舒适性非常的不错，座椅的软硬度刚刚好。高速上行驶能听到些胎噪声，但是声音不大。根本没有什么影响，减震效果做得也非常好，过减速带的时候也没有什么颠簸感。,[油耗],车子的油耗量也是我特别喜欢的。特别的省油。即使在市区行驶也比较经济，油耗量也很低。油耗量方面也是我选择这款车子的一个重要原因。,[动力],车子的动力表现也非常的强劲充沛。轻点油门就很有推背感。特别是上坡路段行驶，丝毫感觉不到吃力感。特别的轻松。,[操控],车子的操控方面也是我比较喜欢的女生，也可以轻松驾驭方向盘比较轻盈配置也很丰富，辅助功能也比较实用，开着也特别的简单，不累。,[性价比],选择标致4008这辆车肯定还是因为它不光是价格合适，性价比高，在后期的保养维护方面也比较省心，这一套我都了解的差不多以后决定买它的。,展开全部
"
    发表于  2021-07    

      
        
    
    
",https://image1.xcarimg.com/attachments/my/1/90/77/072_120.jpg,xuser1917707,三星会员,4.63,外观,5,内饰,5,空间,5,舒适,4,油耗,5,动力,4,操控,5,性价比,4,购入信息,爱车车型,购入时间,2021/1/1,购车地点,天津市紫金双盛汽车销售服务有限公司 [天津市],裸车价格,25.13万  (厂商指导价 25.97万),当前油耗,7.1L/100km,购入用途,接送小孩,爱车简评,最满意的就是外观和驾驶座的设计。外观从整体上看，十分的硬朗，让觉得硬派十足，一种不怒自威的感觉油然而生。整体车型来看流线的设计与标致本身的狮身造型相得益彰，尽显阳刚之气。,爱车评价,[最满意],最满意的就是这辆车的性价比很出色，整体的用料和做工都很厚道。尤其是在网上看了拆车视频和介绍后，更是对它信心百倍。,[不满意],不满意的是车辆后悬架还是采用了非独立结构。对路面的颠簸不能起到很好的过滤，过减速带时车内的震动明显。,[外观],作为时尚的法系车，在外观设计上有自己的独特之处。车头的造型辨识度很高，车身的线条流畅。配合着尾部的狮爪尾灯，显得很独特。,[内饰],内饰的设计很前卫。环保式的座舱配上钢琴按键以及电子档把，瞬间给人一种高级的质感。用料上也足够厚道，软质材料基本上没有异味。,[空间],前挡风玻璃的宽大设计保证了充足的行车视野。而且头部的空间充足，坐进去不会顶头。后排采用了平坦的造型，一家人可以很舒适的乘坐。,[舒适],座椅的包裹性不错，虽然是织布材料，但是手感出色。车辆的密封性处理的很好，几乎不会有太大的噪音。就是后悬架不是独立的，抗颠簸的能力很一般。,[油耗],油耗的表现中规中矩。我提车后行驶的路况都不是太拥堵，现在的综合油耗维持在8升出头。,[动力],这台1.6T的发动机是和宝马合作研发的，动力调校的很出色。起步的时候会有点延迟，可是速度上了30码之后的爆发力很强劲。,[操控],小巧灵动的方向盘让我驾驶这种体积的SUV一点也没有压力。底盘的调校也很有韧性，在过弯的时候不会有太明显的侧倾感。,[性价比],综合来说，仅从油耗上看SUV市区行驶基本不超过十个油，就已经值得购买了。而且还有这么赞的驾驶舱，空间也是不错，所以这是一台相当不错的车子，绝对适合家用。,展开全部
"
    发表于  2021-07    

      
        
    
    
",https://image1.xcarimg.com/attachments/my/1/90/77/068_120.jpg,xuser1917706,三星会员,4.63,外观,5,内饰,4,空间,5,舒适,5,油耗,5,动力,4,操控,5,性价比,4,购入信息,爱车车型,购入时间,2021/1/1,购车地点,上海炜业龙阳汽车销售服务有限公司 [上海市],裸车价格,25.12万  (厂商指导价 25.97万),当前油耗,7.1L/100km,购入用途,接送小孩,爱车简评,在波澜起伏的2020年，给自己的目标就是能够拥有人生的第一辆车。本来预算在20万左右的，可是反复的疫情让我觉得手上留点钱挺有安全感的。在15万以内的SUV中对比了很多车型，最后选择了性价比出色的4008。,爱车评价,[最满意],最满意的还是标致这个品牌的实用性和耐用性，以及标志的人性化的设计风格，和它的霸气的前脸。同时法西斯又具有浪漫的情怀，这一点还非常深得老婆喜欢。,[不满意],不满意的一点暂时还没有，如果偏要说的话可能就是自动启停有点坑爹一下就熄火了，在等红绿灯的时候用的很不爽。,[外观],外观还具有挺强的设计感的，挺具有法系，那么设计风格，设计感很强很漂亮，侧面看起来很大气，车子前面看起来很有神。,[内饰],类似的设计也是比较的新颖，比较的独特，这一点我还蛮喜欢的，和很多特相比，它有自己独特的设计味道。,[空间],空间是非常够用了，比我之前的那辆车空间大多了，前排座椅和后排座椅的空间都非常大，车内的储物空间设计的也非常多。,[舒适],座椅舒适度可以，海绵也很舒服。座椅的包裹性很强。我老婆坐在车上说这个舒适度比我们之前的练车要好。,[油耗],油耗的话也是在我能够接受的范围之内，100定速巡航6个油左右。用车成本可以稍微小一点。,[动力],铠一般模式动力都很足，刚起步的时候可能动力感觉一般般，当你无人接触的时候，感觉开起来非常的迅猛，能给你加速非常大的信心。,[操控],操控的话法，在操控这一点不不用多说，转弯的时候包括刹车各方面都是得心应手都非常的好。刹车踏板比较灵性，一刹就能刹住了，保证了行车的安全性。,[性价比],之前一直开的是老款的，3008开的老款，3008七八年没有给我带来任何的问题，没有哪一次把我摇在路上。所以我对标致车的实用性和耐用性还是非常放心的，现代汽车品牌那么多到处选也不知道选什么品牌，还是一如既往的支持标志车，然后想换一个空间大一点的。于是就选择了标志4008。,展开全部
"
    发表于  2021-07    

      
        
    
    
",https://image1.xcarimg.com/attachments/my/1/90/77/064_120.jpg,xuser1917706,三星会员,4.38,外观,4,内饰,4,空间,5,舒适,5,油耗,4,动力,4,操控,5,性价比,4,购入信息,爱车车型,购入时间,2021/1/1,购车地点,北京标龙京津汽车销售服务有限责任公司 [北京市],裸车价格,25.11万  (厂商指导价 25.97万),当前油耗,7.1L/100km,购入用途,接送小孩,爱车简评,因为家里的经济情况并不是特别好，所以选车的时候不能完全按照自己的喜好来选择，最初家里人建议选择国产MPV，但是我对MPV车型不太感冒，所以还是坚持了SUV。,爱车评价,[最满意],我这车子买回来之后我最满意的地方就是它的外形，非常的霸气时尚，具有年轻的样子，这种造型深得我心，给我留下了非常深刻的印象。,[不满意],我觉得它的空间方面表现的比较中规中矩，如果要是后排能够再宽敞一点就好了，自身的车身有所限制，这也是没办法的事情。,[外观],能够将运动风与时尚风结合于一身的SUV是我一直在寻找的，当时看到这个外观我就非常喜欢，在内心也种下了一颗想要买它的种子。,[内饰],内饰和外观一样时尚和年轻，这种运动风的感觉隐藏在车子的每一个角落，都能够感受得出来。,[空间],其实如果我平时正常开的话是没有什么大问题的，大部分时间也都是我自己开车，但是满员乘坐的话后排会稍微有些拥挤。,[舒适],遇到一些路况不太好的情况下它的滤震效果挺不错的，没有什么明显的感觉。,[油耗],每天开车的频率还是非常高的，它的油耗在我看来是比较不错的一个表现，不能说是特别省油但是也不费油。,[动力],即使这辆车子非常的厚重，但依然不影响它在市区里边驰骋的感觉，刺激的驾驶感受让我非常喜欢。,[操控],相对来说配置还是非常丰富的，在操控感受这方面做的挺优秀的，油门和刹车比较灵敏，反应也很快。,[性价比],这车子它的优点是非常多的，我当时试驾的时候觉得容易操控，并且动力也比较强。再加上价格合适，结合这么多优点于一身，我自然是愿意选择买它了。,展开全部
