publish,标题,图片,名称,名称1,评分,评分2,评分3,评分4,评分5,评分6,评分7,评分8,评分9,评分10,评分11,评分12,评分13,评分14,评分15,标题16,信息,信息_链接,信息17,信息18,信息19,信息20,信息21,信息22,信息23,信息24,信息25,标题26,jia_text,信息27,dw_22,dw_2228,dw_23,dw_2329,dw_1,dw_130,dw_2,dw_231,dw_5,dw_532,dw_11,dw_1133,dw_3,dw_334,dw_4,dw_6,dw_635,dw_7,dw_736,dw_8,dw_837,openall
"
    发表于  2023-04    

      
        
    
    
",驾驶位的座椅体验无需多说，非常舒适，左右两侧的空间非常充足 第二排空间：特别是后排空间非常充足，满足我一家人的使用，满载都不会觉得空间上有拘束感。 后备厢容积：后备箱空间还是可以的，而且支持电动后备箱，日常使用起来非常方便。,https://image1.xcarimg.com/attachments/my/1/94/67/291_120.jpg,xuser1956729,三星会员,4.75,外观,5,内饰,续航,5,空间,4,舒适,4,动力,5,操控,5,性价比,购入信息,爱车车型,https://newcar.xcar.com.cn/m67567/,2023款星越L增程电动版1.5T DHT增程电动旗舰版,购入时间,2023/3/1,购车地点,重庆国鑫汽车销售有限责任公司 [重庆市],裸车价格,25万  (厂商指导价 25.37万),续航里程,9.5km,爱车简评,无论是它的动力体验、驾乘体验、续航表现、空间表现、科技体验、内饰用料体验、省心体验等等等，一下子想不到还有哪方面了，不过下面会细细道来，慢慢补充。,爱车评价,[最满意],满意度上，提车很快，刚好有现车，一周就让我提车回家了，所以在一个月的体验下来我对星越Lhip的方方面面很满意，排名不分先，无论是它的动力体验、驾乘体验、续航表现、空间表现、科技体验、内饰用料体验、省心体验等等等，一下子想不到还有哪方面了，不过下面会细细道来，慢慢补充。,[不满意],要说一个不满意的点，我觉得会是外观上了，在腰线和尾部的设计上，新发布的车型都没有进一步去调整，而且它是一款新能源的车型，对我来说只有中网的变化，无法一下从侧脸或者尾部就能辨认这款车是星越L家族体系里面最高级最新的车型。,[外观],前脸依然式星越L的家族式的设计语言，矩阵式排列的中网设计，非常有辨识度，同样也是家族式设计的双日行灯 双透镜大灯，支持自适应大灯、迎宾灯光等功能，而车尾部分同样也是家族式的设计了，细长而贯穿式的尾灯设计，非常吸睛，层次感十足，唯一让我感到不好的地方就是外观整体上和星越L的其他车型太相似了。,[内饰],内饰斯上黑色焦糖棕双拼色配色，内饰整体感觉非常舒服，高级感拉满最为吸睛的就是中控的一块超级大联屏，搭载最新银河OS系统，配合高通骁龙8155芯片，能够让我享受到目前行业非常不错的智能座舱体验，在与智能驾驶系统辅助的情景之下，星越LHIP可自行分析、匹配路况，从而进行自动调节驱动模式的输出，体验了不错的科技与智能属性。 座椅加热：在冬天，座椅加热真的是个好东西，期待夏天座椅通风带来的体验。,[续航],纯电续航官方宣称205KM，实测冬天空调22°，单人驾驶实测续航可达187KM（上牌时来回实测），续航达成率比较高，满油满电时表显续航1300KM，驾驶290公里后，续航下降380km左右（中间有停车看视频等动作），比较满意。,[充电],充电时间：快充是85kW的功率，而且在30-80%之间充电，只需要30分钟不到，所以我一般都是快下班的时候提早40分钟去充电，它支持在app设定充电规则的，可以设定什么时候充电，什么时候断开充电，但由于不想占用公司的资源太久，所以一般我都是要充电的时候才去停车场充电。,[空间],星越L HiP的尺寸是4770*1895*1689，轴距2845mm，让它的空间体验得以保证到，一贯以来星越L的定位都是紧凑型的suv，但是用户体验下来都说有中型suv的感受，而这款hip的版本也毫不例外有这样的空间表现。,[舒适],[动力],驾驶体验方面得好好说说了，首先星越L hip它是属于增程式的suv汽车，也是全球首款搭载3档DHT变频电驱系统车型，可以实现纯电输出、混合输出、增程输出，三种动力模式，一次过让我体验到纯电车型的驾驶舒适感，也能体验到增程车型的低成本用车。 起步/加速动力：在起步阶段，纯电时候，电门还是很轻快的，轻点电门车就有反应，如果是混动模式，加速体验会更为畅快 方向盘轻重：虽然车型较大，但是方向盘还是很轻便的，单手操控也能随心所欲，而且方向盘的尺寸让它的握持感非常好。,[操控],驾乘体验是妥妥的亮点、开起来特别轻盈、重心很稳，紧急转向时车身姿态非常好，加速虽说不上快，但绝对沟通，实测O-100大约8S左右，空间足够大，同级中应该属于较上水平，座椅为纳帕真皮，填充物也足够的柔软，乘坐非常舒适，后排座椅角度可以调整，长时间乘坐也不累,[性价比],我工作日都是用的纯电模式来上下班，而且公司有免费的充电桩，所以工作日对我来说基本都不用花钱，对于它25万的售价，可以让我体验三种驾驶模式，纯电续航更是可以达到200出头，这是很多PHEV车型无法比拟的，关键他还有增程模式，让续航去到1250km，太强了，出了续航强之外，科技配置上，星越Lhip还是很强的，所以对于这个价位来说，很值。,展开全部
"
    发表于  2023-04    

      
        
    
    
",星越L智能化配置很齐全，什么前后驻车雷达啊、透明底盘啊等等这些都有。,https://image1.xcarimg.com/attachments/my/1/94/67/289_120.jpg,xuser1956728,三星会员,4.88,外观,5,内饰,续航,5,空间,4,舒适,5,动力,5,操控,5,性价比,购入信息,爱车车型,https://newcar.xcar.com.cn/m67871/,2023款星越L增程电动版1.5T DHT增程电动至臻版,购入时间,2023/2/1,购车地点, [吉林省],裸车价格,23万  (厂商指导价 23.97万),续航里程,17km,爱车简评,星越L的内饰还是深得我心的，内饰比较上档次，里面的配色我也很喜欢，而且新能源的车子在中控台的设计上都是科技感很强的，星越L也不例外，中控屏特别大，感觉很棒！,爱车评价,[最满意],最满意星越L的外观和内饰，非常的有质感。星越L的外观给人的感觉很大气，第一眼看就爱上了！内饰更不逊色于外观，高级感更强烈，整个车子在做工上都是非常精细的，细节里处处透出品质。,[不满意],在车内空间上，这辆车做得没有这么好，虽然车子从外部看起来挺大的，但是坐在车内觉得空间有点狭小，尤其是后排的腿部空间很窄，腿稍微长一点，后排就容纳不下了，对腿长的人很不友好。,[外观],我最喜欢车子的部分就是它的外观了，星越L的外观非常的大气，整车车型设计圆滑、厚实，很耐看。整个车子很长，但是看着又不觉得突兀，在车身设计上非常协调。车子从尾部看，科技感比较强，贯穿式的尾灯，彰显车子的高级感，真让人越看越着迷！,[内饰],内饰也是这辆车的亮点之一，这辆车应该是吉利汽车里面内饰最好看的一款了，而且在质感上也很不错，整体内饰非常的梦幻，且充满了科技感。内饰在用料上以软包为主，很少有塑料件，所以整体看起来质感很好，摸起来也觉得舒服！,[续航],在目前冬天的情况下车子的续航大概是185公里左右，在这么冷的天气状况下，星越L的表现还是很棒的，在同级别车中的续航还算可以！,[充电],车子刚提车没多久，电池还是很新，所以在续航上肯定是不会有问题的。,[空间],星越L在空间上的表现很不错，打开车门能感受到车子车内空间非常的宽敞。星越L无论是哪一排的座位，空间表现都是非常出色的，尤其是驾驶位的空间，非常宽且高，坐在驾驶位腿部和头部剩余的空间都非常大，可以随意活动。正好车子平时都是我一个人上下班开，驾驶位空间大对我来说可是再好不过了！,[舒适],[动力],车子因为是新能源车，开起来特别轻盈，而且车子的重心很稳，即使大幅度的转弯或者是掉头，都不会觉得难受。车子在静谧性方面做得也不错，隔音效果很好，基本上能隔绝大部分噪音，驾驶的时候不会很吵。,[操控],星越L在纯电模式下，动力特别充足，而且在行车过程中静谧性特别好，很安静，不会像以前那样会有发动机的噪音干扰，所以驾驶感受特别好！,[性价比],性价比仁者见仁智者见智，主要还是看觉得这辆车买的值不值吧。我觉得星越L的性价比很高，因为车子值得购买。星越L用于上下班代步可以节省很多油费，因为基本上不会用到油，纯电模式下自己可以满足日常的上下班出行了。,展开全部
"
    发表于  2023-04    

      
        
    
    
",纯家用可能是为了省钱，在市区主要是操控灵活，开起来很舒服，真正发挥实力的是外面国道高速上。,https://image1.xcarimg.com/attachments/my/1/94/67/287_120.jpg,xuser1956728,三星会员,4.75,外观,5,内饰,续航,5,空间,5,舒适,5,动力,4,操控,4,性价比,购入信息,爱车车型,https://newcar.xcar.com.cn/m67871/,2023款星越L增程电动版1.5T DHT增程电动至臻版,购入时间,2023/3/1,购车地点, [黑龙江省],裸车价格,23万  (厂商指导价 23.97万),续航里程,6km,爱车简评,试驾的时候其实能感受到的就是起步动力，本来试驾也就是绕车他们店跑一圈，也不会开的太快，到自己手里驾驶，才能真实感觉到吉利星越LHip动力的强势和充沛，起步用电就很轻。,爱车评价,[最满意],有句话叫“好看的皮囊千篇一律，有趣的灵魂独一无二”，我是觉得好看这件事容易实现，但是综合实力考量是很难达到的，就像我选车之所以纠结了很久，无非就是没有遇到一个让我各个方面都十分满足的汽车，吉利星越L Hip外观设计时尚、空间宽敞舒适、驾驶动力强劲，综合这些才敢说它性价比是真的不错，二十多万的价位我觉得花的很值，再有就是最简单直接的能耗很低，油耗5L油可比小型车的油耗都低呢。,[不满意],座椅肯定是黑色耐脏，现在这个颜色好看是好看，但是有点脏就能看出来，还挺可惜的，再有不是顶配有些配置是没有的，并线辅助、自动泊车入位等没有，可能有人觉得不重要，但我觉得要是预算允许还是顶配更好。,[外观],这辆车车身线条感很丰富，整体造型很魁梧、沉稳，它尾部是现在流行的贯穿式尾灯组，辨识度要比那种双侧尾灯的要高，车身颜色搭配也很高级。,[内饰],日常使用中座椅不耐脏，虽然我是上下班开，但是身上总有不经意碰到脏东西的时候，那就很容易沾到座椅上面，这样一看还是黑色更抗战一些。,[续航],首先是没有续航烦恼，其次这车可以快充，用电大概跑一百八九十公里吧，估计天气真正暖和之后续航轻松上200，用油的话差不多5.2L吧，也是很省的。,[充电],这款车在充电方面又很大的改进，一般8到9小时就可以充满，而且续航有保障。,[空间],我身高有185厘米，对空间要求还蛮高的，这辆车的天窗很大而轴距长，车子内部前后距离能够让我坐到不顶腿的程度，上面全景天窗和两侧窗户自带通透感；我这车后备箱用的最狠的一次，就是帮我一哥们搬家，他是要搬去新房子没什么大件东西但是衣服被子这些东西很多，所以我就把后排座椅放倒给他拉过去的，也是一趟搞定。,[舒适],[动力],它起步猛我很满足，之前开过的车都是起步发肉，那感觉真难受；要想在城市中开车，辅助驾驶功能也很重要，它的全速自适应巡航、车道居中保持、道路交通标识识别等也很实用。,[操控],提速快而猛有直接推背感，甚至载人爬坡都是轻松的，记得过年假期我还趁着高速免费开了好几个地方呢。,[性价比],这车在我的驾驶中是没有出过什么问题的，刚开始担心的一些问题也没有发生，吉利品牌的综合实力强劲，回头想想自己这二十多万花的蛮超值的。,展开全部
"
    发表于  2023-04    

      
        
    
    
",后座腿部活动自如，家人朋友坐了都说舒服宽敞。,https://image1.xcarimg.com/attachments/my/1/94/67/276_120.jpg,xuser1956727,三星会员,4.88,外观,4,内饰,续航,5,空间,5,舒适,5,动力,5,操控,5,性价比,购入信息,爱车车型,https://newcar.xcar.com.cn/m67567/,2023款星越L增程电动版1.5T DHT增程电动旗舰版,购入时间,2023/2/1,购车地点, [上海市],裸车价格,14万  (厂商指导价 25.37万),续航里程,7km,爱车简评,座椅舒适性：座椅包裹性到位，整体舒适性都挺不错。空间是真的够用，皮质材料很耐脏，软硬度刚刚好。,爱车评价,[最满意],最满意的肯定是省钱，家里有油车，但现在油价飞涨，而且跟我老公上班一个在南边一个在北边每天绕路真的是开的心疼，现在换了新能源。我选择的是400续航的，每天就是上下班接送孩子，偶尔去趟商场超市，充满电大概也能跑一个星期，最重要的是之前油车一个月得加五六百的油，现在电车充一次电只需要三十多块钱一个月大概也就一百多块钱。真的是赚到了。,[不满意],最不满意的是他的钥匙，塑料感强，好小巧，圆形的，为了迎合哪吒风火轮的形象，但是他一直转来转去。很容易掉下来摔坏。带一个钥匙套的话，没过几天又会转到按键不同的位置，分不清哪个是开哪个是关，还是希望可以改良优化一下。,[外观],外观最满意了，第一次见它是在街上打了网约车就是哪吒u，第一印象就感觉设计有特色，比较年轻活力，车灯也很喜欢，车身线条流畅，辨识度很高，是我喜欢的。,[内饰],内饰整体颜色大气高级，中控台布局很喜欢，全液晶的仪表科技感十足。双层扶手也很人性化。,[续航],怎么说呢，电车的缺点就是冬天更费电，续航只能达到一半，我是冬天买的，开空调这些都会降低续航，这几个月天气变暖和了，充满电能跑380公里左右，也算正常吧。,[充电],充电时间：充电支持快充和慢充两个充电口，一般快充半个小时就能充到一半以上，相当给力了。它的三电是终身质保，买电车的话最重要的就是电瓶了，这点很放心。,[空间],空间前后很宽敞，这台车还有网约车，所以他的轴距宽，空间很大，我的身高1.75米，坐进去还是很宽敞的。 后备厢容积：后备箱空间也足够日常使用。,[舒适],[动力],开习惯油车的话刚开电车会感觉轻飘飘的，但是越开越上瘾，起步是真的快，方向也很轻。,[操控],操控起来平稳，顺畅，动力也相当足，稍微深踩速度直接就上去了，高速也妥妥的。开了有一段时间了，目前感觉相相当顺手，顺心。,[性价比],买之前看了很多的电车，有奇瑞两门四座的，也有比亚迪海豚和元，前后对比后最终还是被哪吒吸引了。性价比高，省钱经济满足各方面需求。 售后服务：售后也很方便，送了首保。,展开全部
"
    发表于  2023-04    

      
        
    
    
",因为座椅底座够长，靠背角度得当，所以乘坐起来还是挺舒适的。,https://image1.xcarimg.com/attachments/my/1/94/67/271_120.jpg,xuser1956727,三星会员,4.88,外观,5,内饰,续航,4,空间,5,舒适,5,动力,5,操控,5,性价比,购入信息,爱车车型,https://newcar.xcar.com.cn/m67567/,2023款星越L增程电动版1.5T DHT增程电动旗舰版,购入时间,2023/1/1,购车地点,潍坊福链汽车销售有限公司 [山东省],裸车价格,23万  (厂商指导价 25.37万),续航里程,1.5km,爱车简评,轮胎方面则采用花瓣形状，美观的同时还能有效降低风阻，这种密闭面积大的轮毂的设计，现在很多新能源都是采用这种设计格调了 车头造型：一块一块小方块拼凑而成的阵列设计中网，特别有辨识度。,爱车评价,[最满意],都2023年了，怎么要入手一台新能源车型了，最终经过层层对比敲定了星越LHIP这一款增程式suv，用车一个多月了，最为满意的就是它那套动力系统，一次过让我体验到现在市面上所有新能源车的驾驶乐趣，每一种驾驶模式都让我有不同的驾驶体验，除了动力体验上，另外它的颜值、空间也是我对这车满意度最为高的属性了，下面会展开分享。,[不满意],买车的时候不满意就是没等到磨砂灰的颜色，本来下定的时候是选了磨砂灰的，但是销售说这个颜色很难等到，等的周期会比较长，那时候又开过年了，如果过年没车出行的话就很不方便，最后还是选择了这个幻彩望舒蓝配色，但子现在对这个配色真的越看越顺眼。,[外观],买星越lhip之前我都对比过它的竞品，例如理想one、问界M5等，但唯独就是被星越L的外观所吸引到，特别是它的前天大灯造型，并行的日行灯设计，特别有杀气的感觉，整体外观辨识度很高，看着很舒服，特别是这个颜色，非常特别 腰线设计：车身侧边线条流畅，层次感还蛮强。,[内饰],整体的设计风格采用和星越L的设计，既然hip前脸都和燃油版有辨识度了，为什么内饰上的设计没有和然后区分开来，唯一能区分的我认为就是内饰上的配色了，黑棕的拼色设计还是挺好的，豪华感还是挺高的。 内饰用料：内饰用料的话，对于25万的车型，完全没有落后，车内大量采用的是真皮包裹，豪华感有了。,[续航],HIP拥有41.2kWh的电池，充满一次电就足够我几天上班使用了，用车成本大幅降低。,[充电],充电时间：hip的电池支持快充，由30%-80%，不用半小时就可以让纯电的续航提升100多km,[空间],星越LHIP在空间上毋庸置疑了，简直是用完美来形容，要知道这车在定位上紧紧的紧凑型的定位，但是我用车后发现，它的空间是真的大，无论前排，后排，乘坐体验感都是相当好的，坐过我车的人都会说空间真的好 ☆ 空间设计亮点：很喜欢中控台下面的分层式设计，空间也挺好的，放放纸巾盒等小物件是不错的选择 后备厢容积：后备箱空间不能说是优秀，只能说是够用，因为空间都留给前中排，所以后备箱的空间会相对没那么大，但是足够我们一家人的出行需求了 第二排空间：前排调整好座椅后，无论是头部空间和腿部空间都非常充足，按照我179的的身高调整好前排座椅后，后排的腿部空间还有2.5个拳头空间体验。,[舒适],[动力],星越LHIP一共有三种动力模式，有三种体验感受，各有各的特点：增程模式：这个模式比较智能，当驾驶者深踩油门，系统识别到有更强的动力需求时，发动机会介入发电与电池一起来驱动电动机，这个发动机的启动，除驾驶员之外其余乘客是很难感知了，说明它的启动声音非常小。,[操控],纯电模式：这个时候，发动机就不参与动力驱动了，全靠电池 电动机的组合来驱动汽车行驶，纯电模式有200km左右，实际体验下来180km的续航是轻轻松松，让我的出行成本更低，而且驾驶体验更好；混动模式：这个模式动力输出是最好的，这个时候发动机会一直介入工作，力求保证驾驶者对动力需求而进行并联驱动，保证动力输出的及时性。 起步/加速动力：左右带有一个41.2kWh的电池，纯电模式下的的起步不用多说了吧，电机强而有力的，反应迅速。,[性价比],一个多月的综合驾驶体验来说，对于一台25万的增程式suv，我认为我是买得很值的，平时上下班基本都是用的纯电模式来通勤，非常省钱，而且驾驶体验又好，多种模式的选择，让我买一得三的感觉油然而生 售后服务：售后服务很好，因为对于这么高智能的车型，还有很多不懂的地方，很多时候都是问的销售才解决得到，他们回复很及时也很全面，必须为他们点赞,展开全部
