标题,字段,信息
购入信息,"
    
    
        购入信息
        
            
                爱车车型
                2021款天际ME7Pilot edition 领航版 530km
            
            
                购入时间
                2020-11-01
            
            
                购车地点
                 [上海市]
            
            
                裸车价格
                28.98万  (厂商指导价 28.98万)
            
            
                                    续航里程
                   530km
                
            

        
    
    
    
    
                购入用途
        
                                上班
                                    接送小孩
                                    自驾游
                        
            
    
    
	
    
        爱车简评
        性价比比较高，可以这样理解，不说有百万豪车那样夸张，但是百万之内没有一款车可以跟天际汽车比较。
    
	    
",爱车车型
爱车评价,"
     爱车评价     
                
             [最满意]这款智能SUV车非常满意，带给我们换新的驾驶体验。              [不满意]基本没有这款车的不足之处，要说不满意就是这款车上市时间晚了点。                             
                    [外观]
                    说到外观可以这样说有着保时捷的体型，线条入人眼观舒服。
                
                            
                    [内饰]
                    天际汽车的坐椅是Nappa高级真皮坐椅，坐着非常舒服。
                
                            
                    [空间]
                    空间一家五口肯定满意，坐位非常舒服，而且储物也够用。
                
                            
                    [舒适]
                    天际汽车的坐椅是Nappa高级真皮坐椅，坐着非常舒服。
                
                            
                    [动力]
                    讲到动力就比汽油车好不知多少，根本就不能比的。
                
                            
                    [操控]
                    操控就更有优势了，而且灵活性比较好，转向非常好。
                
                    
                

                

        
            
                0
                +1
            
          
        
        
    
",
