publish,标题,图片,名称,评分,评分1,评分2,评分3,评分4,评分5,评分6,评分7,评分8,评分9,评分10,评分11,评分12,评分13,评分14,评分15,评分16,标题17,信息,信息_链接,信息18,信息19,信息20,信息21,信息22,信息23,信息24,信息25,信息26,标题27,purpose,purpose28,purpose29,purpose30,标题31,jia_text,信息32,dw_22,dw_2233,dw_23,dw_2334,dw_1,dw_135,dw_2,dw_236,dw_3,dw_4,dw_337,dw_438,dw_6,dw_639,dw_7,dw_740,dw_8,dw_841,openall
"
    发表于  2021-06    

      
        
    
    
",dududin04,https://image1.xcarimg.com/attachments/my/0/31/05/427_120.jpg,新手上路,4.88,外观,5,内饰,5,续航,5,空间,5,舒适,5,动力,5,操控,5,性价比,4,购入信息,爱车车型,https://newcar.xcar.com.cn/m60061/,2021款威马W6620km ACE极智版,购入时间,2021/5/1,购车地点, [河南省],裸车价格,18.98万  (厂商指导价 28.48万),续航里程,500km,购入用途,上班,购物,接送小孩,自驾游,爱车简评,买车的优惠力度不大，也没有赠送什么，说实话多少是有点不平衡的，在性价比方面感觉缺少竞争力。,爱车评价,[最满意],首先就是这辆车的颜值是真的很高，整体的设计偏向圆润流畅饱满，不会过于的棱角分明，还有一丝丝的可爱，非常的年轻化，没有雾灯处的进气造型衬托的前脸格外的干净简洁，还非常的大气，LOGO不仅会亮，还会变色，这是特别独特的设计，车身的颜色上也是双色设计，配上悬浮式的车顶，我一眼就喜欢上了。其次就是它的内饰，也是非常的时尚，棕色和黑色的双色拼接，格外的时尚别致，透露着一股高级感，和其他车不一样的是这车使用了3块屏幕来实现人机交互，看着就非常具备科技感，还有人脸识别，支持15秒内连续对话，感觉还挺智能化的，而且仪表盘拥有3种不同主题的界面，可以根据自己的喜好随意调整，这些设计是一般车型都不具备的，我觉得还挺新鲜的。,[不满意],这是一台刚上市的车，上个月买的时候，基本上没有什么优惠力度，也没有什么赠送的东西，就送了脚垫，感觉就没怎么便宜，心里不是很平衡。再有就是这个车竟然不支持爱奇艺会员，我之前充的会员算是白费了。最后就是它的异味有点大了，我对这种味道比较敏感，坐车上老想打喷嚏，不过毕竟是新车，还得需要散味儿。,[外观],这个车整体圆润大气又时尚，一些细节方面的设计也很到位，虽然是SUV，但是丝毫没有笨重感，看着还是非常秀气的，而且整个车身线条也比较柔和，没有那种特别硬朗的感觉，完全是我想要的样子。,[内饰],黑棕拼接的颜色搭配是我第一眼就爱上的地方，透露一股豪华高级感，还特别有层次，在用料做工方面也是下足了功夫，非常的用心，一看就上档次，同时12.3英寸的中控以及三屏设计，科技感满满，并且还采用了隐私玻璃，隔音效果没得说，整体有种高贵的气质。,[空间],[舒适],毕竟是一台中型SUV，内部空间也是符合标准的，就算是家用的话也是非常足够的，而且SUV的话空间也是灵活多变的，后排座椅可以放倒，偶尔需要放置物件的时候就很方便实用，不过也是因人而异吧，像我的话平时都是自己开，因为我家里还有一辆燃油车，这辆新能源只是平时在市区上下班代步开，所以对这个空间的需求也不是很高，坐进去还是非常自在的，并且这车还标配全景大天窗，这样车里也不会觉得压抑沉闷。,因为底盘的调校非常舒适，再加上一般新能源的车都要比燃油的车静谧性要好，隔音效果非常不错，所以在驾驶的过程中不会受到外界噪音喧扰，同时仿皮的座椅也是非常柔软的，前排的座椅还有加热的功能，在天冷的时候是非常实用的，包裹感也很不错，舒适性还是非常高的。,[动力],动力倒没有专门的测试过，开了一个多月了，我觉得开这车还挺轻松顺滑的，在红绿灯路口的话起步还是非常迅速的，每次我都是第一个跑出去的，动力输出可以说还是挺强劲的，起步的时候也不肉没有顿挫，偶尔加速也是能跟的上的，并且电动机在驾驶过程中也是非常的安静，这是燃油车不能比的我感觉。,[操控],开着它还挺顺手的，不觉得累，非常的轻松，而且还有4种驾驶模式可以切换，同时在面对路面不平坦路段的时候没有多余的抖动和上下起伏，这个底盘调校的还是非常的舒适的，皮质的多功能方向盘握感也好，轻重合理，全系标配360度全景影像，加上还有其他各种辅助功能，很好驾驭。,[性价比],还好它是新能源的车，后期养车成本肯定不高，加上这车各个方面的设计也是与众不同的，配置也非常丰富，综合考虑的话还是值得入手的。,展开全部
"
    发表于  2021-06    

      
        
    
    
",65tbrvy1,https://image1.xcarimg.com/attachments/my/0/31/05/433_120.jpg,新手上路,4.88,外观,5,内饰,4,续航,5,空间,5,舒适,5,动力,5,操控,5,性价比,5,购入信息,爱车车型,https://newcar.xcar.com.cn/m60060/,2021款威马W6520km PRO全能版,购入时间,2021/4/1,购车地点, [上海市],裸车价格,18.98万  (厂商指导价 24.08万),续航里程,520km,购入用途,上班,购物,跑长途,,爱车简评,从产品配置及价格来看，W6的各方面还是挺不错的，使用了这一个多月整体感觉还不错，作为家用才是不二之选。,爱车评价,[最满意],对于威马EX6期盼已久，终于在今年刚上市就选购了这款车，主要还是比较喜欢它独特的外观及科技感不错的内饰设计，拥有它真的是一件很快乐的事情，虽然它的陪伴没有多长时间，但是对它的优缺点也有了相应的了解，下面就简单的说说，1、外观大气、时尚不缺乏运动感，内饰设计档次感高，更像一台豪华车。2、这款车静谧性不错，分区空调特别实用，不仅舒适性高，更加节能为电池电量提供了保障性，3、价格实惠、配置很高，不但安全性好，而且在娱乐性、舒适性方面都做的不错，有了它给我带来很多乐趣。,[不满意],丛目前使用来看，并没有出现过不满意的地方，整体感觉这款车用起来挺顺手的，可能是使用的时间比较少吧，有没有问题只能交给时间，如果让我说的话那就是除了新车有味道话，别的方面都是挺满意的。,[外观],W6有着不错的大灯设计，并且采用LED光源，大灯下方采用的是日行灯是不是有点像凯迪拉克的味道，不过还是挺时尚的，侧面线条简约一气呵成彰显大气，尾部贯穿式尾灯又是一个特色，夜晚开着它出去绝对是一道不错的风景线。,[内饰],内饰的用料还算扎实，尤其是仪表中控屏连接在一起确实实在高档车中才见到过，特别赋有豪华感，车内的科技配置还是挺多的到现在有的功能我还没有碰过，后期在试着去尝试一下，新车存在一些味道，目前为止还是存在，所以需要经常透透气这样会更好一些，希望这个夏季温度能将其带走，其它方面倒没有什么。,[空间],[舒适],作为一款中型SUV，我感觉空间表现不错，家用完全够用，不过话说回来平时也就我一个人开，其实最满意的是后排座椅放倒这个功能，可以让后备箱扩展更大的空间，平时出去累了躺在后面睡睡觉还是挺不错的。,这款车的空调采用分区控制，可以通过个人喜爱自行操作，除此之外隔音效果也很棒，再加上包裹性还不错的座椅即使长时间驾驶也会有着不错的舒适性。,[动力],这台车加速特别快，在红绿灯起步方面绝对是一部电动汽车的特长，高速超车特别容易，所以在动力方面完全够用。,[操控],EX6的悬架支撑性不错，有些很硬朗，所以在行驶过长中不会存在车身摆动的问题，这款车配备了几种驾驶模式选项，可以根据路况去选择模式不管遇到什么困难都能够从容的解决，驾驶乐趣感进一步的提升。,,,展开全部
"
    发表于  2021-06    

      
        
    
    
",qwer1egx38,https://image1.xcarimg.com/attachments/my/0/31/05/439_120.jpg,新手上路,4.88,外观,5,内饰,5,续航,5,空间,5,舒适,5,动力,5,操控,5,性价比,4,购入信息,爱车车型,https://newcar.xcar.com.cn/m60060/,2021款威马W6520km PRO全能版,购入时间,2021/4/1,购车地点, [江苏省],裸车价格,18.98万  (厂商指导价 24.08万),续航里程,520km,购入用途,上班,购物,自驾游,,爱车简评,红绿灯起步挺快的，这是汽油车不好比的，跑高速的化W6的动力表现也很不错，超车特别轻松，所以应对日常的出行这种动力表现挺不错的。,爱车评价,[最满意],时间好快已经来到六月份了，回想四月份提W6的场景时还是历历在目的，那时候确实很开心，终于有了第一台电动汽车，W6陪伴我一个多月，对它也有一定的了解，喜欢它的方面很多，比如有以下几方面，首先车子比较时尚富有科技感，有些不错的车内空间为平时一家人出行提供了保障，乘坐舒适性大大提升。其次内饰看上去比较奢华，整体式仪表及中控配合下方空调控制面板，再加上棕色搭配内饰不仅高档而且视觉冲击力还是挺强的，具有很强的商务气息。最后这台车的电耗不大，使用成本不高，应对当然高昂的油价选择它确实很不错。,[不满意],谈到不满意的地方主要有以下几点，首先油漆比较薄容易产生划痕，所以买回来没多久就镀晶处理，花了大几千块，据说只能维持两年左右的时间后期还要处理。其次刚买的时候没有优惠，礼品嘛也就送了贴膜和脚垫，现在想想还是有点不甘心。最后就是品牌档次不高，很多人都不知道这是一台什么车，市场上又少，后期二手车不容易出手，其它方面都表现的不错。,[外观],整车外观大气、时尚，前保险杠很大气大灯两侧日行灯贯穿整个车头同尾部形成鲜明对比特别上档次，灯光采用LED光源为车子节能提供了保障，开在路上确实是不错的风景线。,[内饰],相比较外观，内饰风格更加的豪华上档次感，前面的层次感挺强的，尤其是仪表及中控屏的相容设计特别高档，空调控制也采用面板控制更加直观，而且档次感挺高的，在加上棕色内饰搭配，让进入这款车的人都会第一时间爱上它，真的是太不错了。,[空间],[舒适],在内部空间方面很不错，平时一家五口出行，后面两个老人一个孩子空间坐起来特别舒服，选择SUV嘛也主要是空间灵活多变，平时带带物品把后排座椅放到带带大点物品还是可以的，所以使用性很强。,这款车的空调系统分区控制能够满足不懂人对温度的需求挺人性化的，座椅包裹还行软硬适中，即使长时间乘坐也不会感觉疲劳，这台车的隔音还不错，尤其在市区开听听喜欢的歌曲，即使堵车也不会感觉很烦躁，反而还会有种很惬意的感觉，所以舒适性这块挺不错的。,,,[操控],这款车给我的驾驶感受像开台德系车，底盘的厚重感很好，由于悬架支撑好所以过完车身倾斜角度不大，还有就是方向盘比较轻快，容易控制，对于女同志来人操作它也很容易，所以平时泊车也特别容易的多，驾驶体验感很好。,[性价比],W6是一台新上市的车型，所以在价格政策上没多多大的政策，这一点大家都能够接受的，不过从目前的销量来看还是比较少的，所以势必会影响后期的二手车保值率问题，打算长时间使用还是不错的选择，总之对于它的性价比来说表现的一般。,展开全部
"
    发表于  2021-06    

      
        
    
    
",jeffcw,https://image1.xcarimg.com/attachments/my/0/30/23/667_120.jpg,新手上路,4.88,外观,5,内饰,5,续航,5,空间,5,舒适,5,动力,5,操控,5,性价比,4,购入信息,爱车车型,https://newcar.xcar.com.cn/m60059/,2021款威马W6520km NEX探索版,购入时间,2021/4/1,购车地点, [江苏省],裸车价格,16.98万  (厂商指导价 22.08万),续航里程,520km,购入用途,上班,购物,自驾游,,爱车简评,空间比较大，后排底盘基本平整化设计所以平常坐五个大人没问题，灵活多变的空间日常使用完全够用。,爱车评价,[最满意],"很高兴今年4月家里来了个新成员威马W6,对于这台车的来临可谓是皆大欢喜，也是家中第一步电动汽车，对于这款车有很多地方都是让人满意的，首先这款车比较圆滑大气，又不缺乏时尚感，内部空间比较大，坐五个成年人没问题，平时还可以带带东西更不错。其次续航里程不错，充一次电跑个500公里，这个里程确实是很不错了，用车成本比较低。最后就是配置很好，像常规的导航、媒体、人机交互系统都有配备，还有些智能系统比如远程控制等功能都有配备，更加科技智能化。",[不满意],不满意的地方是我买的这款属于标配，轮胎规格及轮毂尺寸都有点小，如果换成高配就完美了。其次就是这款车刚刚上市在政策上优惠的很少，在加上是新车型担心后期会不会有些问题出现，最后就是保有量不大，一方面影响二手车价格！另一方面担心后期更换配件有些贵。,[外观],"首先，油漆的光泽性不错。整车大气、时尚，灯光采用LED光源,节能同时提高行车安全。不太满意轮胎轮毂尺寸较小,如果大于尺寸就更加完美了。不过，整个车的外观还是比较满意的。",[内饰],"内饰的用料比较扎实，手感特别不错,我最喜欢的是整体式仪表与中控屏,特别大气，时尚，富有豪华感。新车稍微有点味道，不过不是太大。时常通风的话，味道会逐步散去。对于内饰还是比较不错的，特别豪华时尚。",,[舒适],,首先这台车座椅包裹性不错，长时间驾驶，不会感觉到疲劳。整车隔音效果不错，跑高速的话，声音很小，驾乘起来特别舒服，空调制冷效果不错，后排设有出风口确保乘坐的舒适性。,[动力],整车起步挺快，高速及市区超车比较容易，明显要比同级别汽油车提取快了很多。,[操控],操作起来特别顺畅，方向盘一方面轻快不说，指向性特别好，底盘悬架有些硬朗，所以日常驾驶车辆的厚实感还是挺强的。安全性更高。,[性价比],除了品牌知名度不高外，其它方面挺不错的，作为家用值得推荐。,展开全部
"
    发表于  2021-06    

      
        
    
    
",heweiajk9,https://image1.xcarimg.com/attachments/my/0/31/05/426_120.jpg,新手上路,4.88,外观,5,内饰,5,续航,5,空间,4,舒适,5,动力,5,操控,5,性价比,5,购入信息,爱车车型,https://newcar.xcar.com.cn/m60059/,2021款威马W6520km NEX探索版,购入时间,2021/5/1,购车地点, [四川省],裸车价格,18.98万  (厂商指导价 22.08万),续航里程,500km,购入用途,上班,自驾游,跑长途,,爱车简评,如果像我们一样城区道路用车过于频繁的话还是很适合买这样一台纯电动车的，最起码后期的养车成本要便宜的多，其次就是这辆车所给出的配置也极其丰富，带给我们的用车体验特别棒，我觉得威马W6买的挺值得的。,爱车评价,[最满意],这台车子的颜值的确很高，可能在很多人看来，它的外观设计没有什么太大的特色，但也正是这种简约稳重的风格确实是比较吸引我的，和现在许多那种讲究棱角的车子确实是有着很大的不同，整个车子的外观看上去的确非常精致，也非常年轻；，同时这台车子的续航能力也的确是比较强的，这也是我当时最看重的一点，实际所带给我们的驾驶感受同样也是相当不错的，更多的还是一种轻松，更多的还是一种更强的动力保障，当然这也离不开本身比较丰富的科技性配置，再加上这台车的安全性，同样也做得相当不错，所以它所带给我们的用车体验也确实是很棒的。,[不满意],对于一台中型SUV来讲，这台车子的车身尺寸确实不大，当然车内的空间肯定也不会有特别大了，这也是我目前发现这台车子的唯一问题，当然如果说作为普通家用的话，那这个空间一般是完全够用的。,[外观],威马W6看起来的确是比较精致的，之所以这么说是因为这辆车的车身尺寸略小一点，当然这只是一方面，除此之外整台车的做工工艺也是很到位的，再加上这辆车的外观造型也很有设计感，更多的也是讲究简约，讲究一种不一样的时尚，尤其是这种缓缓下坠的车顶还挺显高级的。,[内饰],这辆车的内饰看起来真的很显高级，12.3英寸的中控车机和同尺寸大小的全液晶仪表盘采用了互通式的设计，内饰真的是科技感满满，而且后边还采用的是隐私玻璃，这样车内的私密性也就大大提高了不少。,[空间],[舒适],虽说威马W6是被定位为一台中型SUV的，但是它的车身尺寸就是很多紧凑型SUV的标准，车内空间也的确是够用了，但想要达到那种宽敞的水平，其实还是有些不太现实的，所以从一个更客观的角度来讲，我觉得这台车子的空间表现也并不是特别出色的。,行驶过程中能明显的感觉到这辆车的底盘调教是更加偏向舒适性的，在遇到起伏路面时就会发现悬架会第一时间拉住车身，这样车身也就不会有多余的抖动了，还有就是皮质材料包裹的方向盘握感也比较好，因为大小真的非常合适，而且本身所用到的材料也是非常不错的。,[动力],之所以能买纯电动车正是因为我对动力没什么要求，买车就是为了代步而已，其实这台电动机还是很给力的，整个行程中都能保持着源源不断的动力输出，而且电动机的动力响应也特别积极，所以它的动力也完全可以达到那种随叫随到的状态，所以说我觉得这台车的动力表现也的确是非常出色。,[操控],首先这台车子的动力输出的确很平顺，而且底盘也是比较扎实的，同时这辆车的辅助性操控配置也是非常高的，全系标配360度全景影像，还别说实用性真的非常强，毕竟车侧以及车后的盲区都是比较多的，这样一来就方便多了，而且它的底盘也挺有质感的，最起码跑在烂路上时也不会有明显的松散感出现。,,,展开全部
"
    发表于  2021-06    

      
        
    
    
",13801582180a,https://image1.xcarimg.com/attachments/my/0/31/05/436_120.jpg,新手上路,4.88,外观,5,内饰,5,续航,5,空间,5,舒适,5,动力,5,操控,5,性价比,4,购入信息,爱车车型,https://newcar.xcar.com.cn/m60060/,2021款威马W6520km PRO全能版,购入时间,2021/4/1,购车地点, [河南省],裸车价格,18.98万  (厂商指导价 24.08万),续航里程,520km,购入用途,上班,接送小孩,,,爱车简评,W6的方向盘手感很好，而且转向灵敏性不错，指向性特此好，配合支撑性不错的悬架，平常过弯或者变道时车身稳定性很好，驾驶乐趣感很棒,爱车评价,[最满意],提威马W6虽然只有一个月的时间，对于这款车的总体表现还是挺满意的，首先这款车比较大气、时尚，蓝色油漆配合这款车彰显高贵的气息，包括车灯及车身线条都很漂亮，所以对于外观绝对满意。其次、内饰色调也很好看上去特别赋有豪华，而且整体式仪表及中控屏一体设计让内饰散发出高贵感，还是挺不错的。最后、这台车开起来特别顺便，舒适性不错，座椅包裹性及车子的静谧性都很好，总得来说满意的地方挺多的，这边就不一一介绍了。,[不满意],谈到对这款车不满意的地方主要有几点，首先、品牌知名度不高，每次开出去人家都不知道什么品牌。其次、这台车轮毂有点小气，如果换大一尺寸就完美了。最后、车内钢琴烤漆面板有些不耐脏这一点听不喜欢的。,[外观],外观时尚、大气，圆滑的前脸设计特别漂亮，前大灯及后尾灯科技感挺强的，LED光源带来节能同时也带来行车安全性，每次开出去获得不错的回头率。,[内饰],整车内饰层次感很强，用料扎实。一体式仪表中控屏在高档车中才能看到的，不管内饰的每一处细节做工精致，摸起来的手感还是挺不错的，所以家人都比较喜欢它。,[空间],[舒适],W6的空间还是挺大的，坐五个成年人没有任何问题，后备箱空间很大日常使用够用，后排座椅放倒后可以平时带带东西，实用性很强。,整台车驾驶感觉很厚实，隔音效果控制不错，跑高速声音小，当然乘坐很舒服，在加上包裹性不错的座椅，长时间乘坐不累，家人都非常喜欢。,[动力],这款车的动力比较强劲，提速挺快的，平时上个坡没有问题，高速超车特别轻松，所以驾驶感觉很不错。,[操控],。,[性价比],虽然W6才上市不久，在价格方面没有优惠政策，过个半年左右肯定会有些优惠政策的，现在买主要涂个新嘛，整体使用车子还不错，目前市场认可度不高，所以势必影响它的二手车贬值率，现在又不卖就不想了，喜欢就好！,展开全部
"
    发表于  2021-06    

      
        
    
    
",v5_borailqy,https://image1.xcarimg.com/attachments/my/0/31/05/435_120.jpg,新手上路,4.75,外观,5,内饰,4,续航,5,空间,4,舒适,5,动力,5,操控,5,性价比,5,购入信息,爱车车型,https://newcar.xcar.com.cn/m60060/,2021款威马W6520km PRO全能版,购入时间,2021/5/1,购车地点, [上海市],裸车价格,18.98万  (厂商指导价 24.08万),续航里程,520km,购入用途,购物,自驾游,跑长途,,爱车简评,本身价格就不是特别贵，而且它各方面配置还都挺丰富的，而且纯电动车最大的好处就是日常消耗比较低，最起码后期不会产生太高的养车费用，综合考虑的话这辆车还是很值得买的。,爱车评价,[最满意],首先我觉得这台车子的价格定的还是比较合适的，同时本身所带给我们的驾驶感受也非常棒，开起来就特别灵活，也特别轻松，本身的动力表现也是非常出色的，后期的动力储备足够充足，而且前段的动力输出也是比较猛的，整个车子内部的配置给的也非常高，所带给我们的舒适性体验也是相当不错的，最重要的就是实际的续航能力还是比较强的，这的确很重要。,[不满意],作为一台中型SUV，这台车子的确实不小，但实际的空间其实也算不上是特别大的，还有就是整个车子内部的空间设计做的也不是很OK，所以说车内的储物空间同样也不是很丰富。,[外观],其实这台车子的外观远不像它的名称这么粗犷，反而整台车子看上去还挺秀气的，半封闭式的车头造型以及个性的大灯造型使得它的前脸看上去时尚又前卫，外观留给我的印象真的是极其深刻了。,[内饰],我觉得这台车子车内的用料还挺舍得的，整体的做工也非常用心，自然而然整个内饰看起来就比较上档次一些，而且我这车内也没有太大的异味，这一点就非常让我满意了。,[空间],[舒适],并不是空间不够用，只是我觉得对于一台中型SUV来讲，W6的车身尺寸的确算不上是特别大的，所以它的空间也根本没有达到我所预期中的效果，而且车内的空间利用率也很一般，车内的储物空间不是很实用，所以我觉得这件事在这些细节上的设计还是需要更下功夫一些的。,电动机在工作过程中本来就比较安静，这辆车本身的隔音效果也很是不错的，行驶过程中不会受到太大的噪音影响，再加上这辆车的减震也很舒服，整台车子所带给我们的乘坐感受还是很OK的。,[动力],这辆车的动力表现可以说是非常出色了，没想到这台电动机的动力输出还这么强劲，而且电动机的动力响应也特别积极，起步提速都是相当快的。,[操控],我觉得这辆车开着还挺顺手的，转向很轻盈，而且指向性也很精准，同时这里的辅助性操控配置相对也是比较高的，360度全景影像的显示也很清晰，这样在正常开车过程中也能让人省事不少。,,,展开全部
"
    发表于  2021-06    

      
        
    
    
",注册才能浏览,https://image1.xcarimg.com/attachments/my/0/31/06/226_120.jpg,新手上路,4.88,外观,5,内饰,5,续航,5,空间,5,舒适,4,动力,5,操控,5,性价比,5,购入信息,爱车车型,https://newcar.xcar.com.cn/m56075/,2021款威马W6520km ACE极智版,购入时间,2021/4/1,购车地点, [四川省],裸车价格,19.6万  (厂商指导价 26.08万),续航里程,500km,购入用途,上班,购物,接送小孩,自驾游,爱车简评,操控这一块也是值得称赞的地方，操控让人感觉很舒服很踏实，方向盘的指向性很精准，也很清醒，一点也不笨重，开着不累，是一款适合新手开的车子。,爱车评价,[最满意],威马W6外形非常的吸引我，我觉得这是我最满意的一点，这款车子他就那么一种独特的魅力，让你看到他第一眼时，就忘不掉他，当时我记得对他的印象很深。后来也看了很多的车子，但是还是选择威马W6，他给我的印象最好的，修长的车身显得运动十足，车子看上去酷酷的，两个大灯也很有气势。,[不满意],这个价位的车子虽然存在一些小的毛病。威马W6也不例外，他在隔音方面处理的不是很很好，有时能听到嘈杂的声音，尤其是跑高速时，风噪的声音还是比较大的。,[外观],外观是最吸引我的地方。每次看到这个车的时候，我的内心都十分的开心，我特别喜欢这种别致的造型，不喜欢那种普普通通的款式。就是用这种独领风骚的感觉。每次开车到单位的时候，我感觉他都能特别吸引人眼光。,[内饰],中控屏的尺寸很大，分辨率也很高，各种功能比较丰富，我比较喜欢威马W6这种颜色的搭配，再加上内饰的用料，很有质感，让她看上去非常的时尚，并且充满着科技感。而且它的缝线等细节地方处理的也相当不错，肉眼能看到地方我都很满意。,[空间],[舒适],威马W6那是一辆新能源车，但是它内有乾坤，车内的空间布局很合理。坐在车中身体很灵活，腿脚都可以分开，正常乘坐，完全没有问题。,它的座椅还是很舒服的，坐上去很柔软。并且也不会塌陷下去，有时候跑高速的话，长时间坐着也不累，不过美中不足的是它的隔音方面做得没那么优秀，有时在高速行驶时，车窗紧闭的情况下依然能听到风噪的声音，不过在市区行驶时还是很不错的，车内很安静。,[动力],动力很强劲，在日常的加速过程中，动力还是很迅速的，有时候爬坡也不会显得很迟缓，总体来说动力的输出还是比较生猛的。,,,[性价比],这款车的价格不是很贵，在我的预算范围之内，另一个方面，在使用的这段时间中，它的电耗表现也让我很满意，在以后的养车时没有太大的经济压力，而且它的质量也相当的不错，现在的汽车的品质肯定是有所保障的。,展开全部
"
    发表于  2021-06    

      
        
    
    
",b_yf8,https://image1.xcarimg.com/attachments/my/0/31/05/430_120.jpg,新手上路,4.88,外观,5,内饰,5,续航,5,空间,5,舒适,4,动力,5,操控,5,性价比,5,购入信息,爱车车型,https://newcar.xcar.com.cn/m60060/,2021款威马W6520km PRO全能版,购入时间,2021/5/1,购车地点, [四川省],裸车价格,18.98万  (厂商指导价 24.08万),续航里程,500km,购入用途,上班,购物,接送小孩,自驾游,爱车简评,适合各种路况，SUV的车型坑洼崎岖的路段都可以驾驭，转向精准，手感正常,爱车评价,[最满意],首先这台车子的外观设计的确非常漂亮，整体看上去十分精致大方，而且本身的续航能力同样也是比较强的，这也是我当时选择电动车最看重的地方，这台车子也确实没有让我失望，整个车内的空间也比较大，配置给的很高，所带给我们的档次感同样也是非常不错的，同时车内也的确是达到了高度的智能化，这不仅仅是看上去上档次，更多的也是实际的我的体验也非常棒，所以我觉得在这个价格里面去选择一台这样的电动车还是非常划算的。,[不满意],其实这台车子的底盘舒适度的确是不太OK的，而且整个的动能回收也不是很平顺，所以说这在实际的用车过程中也的确是会产生很明显的顿挫感，虽然说看起来都不是什么特别大的问题，但这对于实际的舒适性体验也的确是有着比较大的影响。,[外观],威马W6的外观让人看上去真的是时尚又前卫，尤其是它的前脸造型虽说是比较简单一点，但是这个贯穿式的头灯就已经很有料了，整台车的车身线条也比较柔和一点，没有那种特别硬朗的感觉，但丝毫不影响整台车的气势，同时这台车子的车漆也做得非常漂亮，完全是我想要的感觉。,[内饰],车内的用料做工到中控台的布局再到车内的配色都是极其讲究的，所以整个内饰看起来也就很显高级了，这台12.3英寸的中控车机和同尺寸大小的液晶仪表盘同样也采用了互通式的设计，这样也让它的内饰看起来特别具有科技感，当然更重要的是实用性非常强，反应速度比较快一些，内部的功能同样也是比较丰富的，尤其是这个面部识别以及OTA升级等等都是一些非常实用的配置。,[空间],[舒适],作为一台五座中型SUV，威马W6的车内空间肯定是非常宽敞了，前后排坐进去让人都觉得无比自在，这辆车对高个子的人来说就很友好，后排坐满三个成年人也都是绰绰有余的状态，而且这辆车全系标配全景大天窗，每一次打开天窗遮阳帘感觉车内也不会显得很压抑。,这辆车的动能回收确实不是很平顺，行驶过程中总是容易有明显的顿挫感出现，尤其是对容易晕车的人来说一点都不友好，其次就是这辆车的底盘也很没有韧性，对路况的适应能力不够好，这样在行驶过程中就避免不了经常会出现明显的顿挫感，所以说它所带给我们的驾驶体验也的确是比较一般的。,[动力],这辆车带给我的动力体验还是挺不错的，没有想到这台电动机的动力储备还可以如此充沛，车子开起来真的没有丝毫的肉感，起步提速以及后半段的加速过程也都是很轻松的，而且电动机在工作过程中也比较安静，不会发出太大的噪音，所以不管是从车子本身来讲还是从其配置来讲，我觉得它所带给我们的舒适性体验都已经是很不错了。,[操控],威马W6的车身尺寸的确是比较大的，但是有360度全景影像作为辅助就好多了，并且这个配置也是全系标配，这样在停车时也都能很好的定位，很清楚的搞定车子周围的盲区，而且这辆车的底盘也颇有质感，同时配合它的超大轮毂也能传递清晰的路感，所以我觉得这辆车开起来真的是运动感十足。,[性价比],综合而言我觉得这辆车买还是的挺划算的，虽然说买车的时候没有享受到什么优惠政策，但纯电动车完全是不同于传统燃油车的，这辆车后期的养车成本就特别低，再说它所带给我们的用车体验的确是相当不错的，所以我觉得威马W6就很适合我们了，关键是价格给的也足够合适。,展开全部
"
    发表于  2021-06    

      
        
    
    
",都灵ijv1,https://image1.xcarimg.com/attachments/my/0/31/05/431_120.jpg,新手上路,4.88,外观,5,内饰,5,续航,5,空间,5,舒适,4,动力,5,操控,5,性价比,5,购入信息,爱车车型,https://newcar.xcar.com.cn/m60060/,2021款威马W6520km PRO全能版,购入时间,2021/4/1,购车地点, [上海市],裸车价格,18.98万  (厂商指导价 24.08万),续航里程,520km,购入用途,上班,越野,,,爱车简评,虽然W6是一款刚刚上市的新车，在价格方面没有政策，但是从它的产品配置及大气的车身尺寸相比较而言在定价方面不是很高的，,爱车评价,[最满意],威马W6一款电动汽车品牌中的典范车型，首先在这台车上有很多的高的科技及未来的造车元素集于一身，虽然使用这台车仅仅只有一个多月的时间，但从它的身上可以看的出他的未来感。首先来聊聊我对这款车比较中意的几点，1、车子外观大气、饱满，精致的车灯设计不仅带来美学效果外，同时在夜晚行车带来安全性。2、比起家中的汽油车在开起来的平顺性方面表现的很好，动力输出很直接，刹车油门响应的都比较好，比较线性，开起来特别舒服，再加上不错的静谧性处理，即使跑高速也会带来很不错的舒适感。3、灵活的空间表现应对日常的出行完全没有任何问题，SUV最大的优点就是底盘高，整个人的驾驶视野比较宽敞，前面的视野特别棒，后排纵向尺寸比较大，所以坐三个成年人不拥挤，而且坐着也特别舒服，其它方面满意地方还是挺多的，这边就不一一说了。,[不满意],其实不满意的地方主要是1、它是一台刚刚上市的新车，没有优惠政策也没有赠品送感觉有点不太舒服。2、车子18寸轮毂有点小气，如果换成19寸那就更完美了。3、这台车的悬架支撑性有些过硬，小区过些减速带回馈感受还是挺强的，给人的舒适性带来稍微的不适应性，其它方面倒还不错，也没有发现有其它不满意的地方。,[外观],时尚、大气的外观让W6看上去特别招人喜欢，封闭式前脸及宽大的保险杠一看就是一台电动车，这款车的大灯及后尾灯设计的更具有质感，光源采用LED彰显档次同时又提升行车安全性，侧面同前脸一样一气呵成更加大气，18寸轮毂感觉有些小气，在大一号就更完美了，尾部饱满大气，贯穿式尾灯不仅档次高，而且在夜晚行车时给后方驾驶人员不错的警示性，提升行车安全，所以它的外观还是挺不错的。,[内饰],首先天天W6用料比较扎实，内饰的层次感还是很强的，整体式大屏将仪表中控屏融为一体彰显豪华感，这块屏的质感还不错，清晰的很好操作起来特别棒，还有就是空调控制也是采用屏幕控制这一点我感觉很不错，通过对屏幕的左右上下滑动可以实现温度及风量的调节，这一点可以在行车过程中盲操作，挺不错的，同时语音可以控制一些常规功能使用起来的辨识度特别高，所以更加科技化、智能化，更符合我们年轻人的需求，真的是太棒了。,[空间],[舒适],作为一台中型SUV.威马W6的空间表现还是挺不错的，平常还是自己使用的比较多，只有周末带带孩子及父母到附近的景点转转，所以车内坐五个人完全没有任何问题，灵活多变的空间为出行带带行李及儿童用品还是能够满足的，所以对空间这块挺满意的。,这款车在隔音方面控制的比较不错，所以在跑高速时还是比较舒服的，座椅的包裹性及柔软度都很好，即使长时间驾乘都不会有不舒服的感觉，唯一让自己不太满意的是这款车悬架调教比较硬，所以在过些减速带或者复杂的路况时会感觉到有些颠簸，舒适性会稍微受到一些影响，不过平时走的都是平坦路况，这方面可以不必过于在意了。,[动力],对于动力方面还是能够满足需要的，红绿灯起步还算不错，车速跑起来前段还是能够感受到有推背感，后端的话普普通通，但是在城市道路上使用已经错错有余，不管是上高架还是上地库都有不错的动力表现，所以家用商用两不误。,[操控],W6虽然是一款SUV，但是在操控性方面还是不输轿车的，由于底盘悬架调教比较硬朗，所以在行驶的过程中会感觉到特别扎实，方向盘方面特别轻快易于操作，对于女性来说操作起来特别方便，不错的车身稳定性让驾驶起来有自信，有乐趣。,[性价比],所以它是一台普通家用车不错的选择，厂家给这款车的质保期要比目前汽油车的时间更长一些，也足够看的出对这款车质量有信心，开了这一个月也没有碰到问题出现，虽然时间短但也能说明质量还不错，所以总得来讲选择它还是比较不错的。,展开全部
"
    发表于  2021-06    

      
        
    
    
",虾米hk9,https://image1.xcarimg.com/attachments/my/0/31/05/434_120.jpg,新手上路,4.88,外观,5,内饰,5,续航,5,空间,5,舒适,5,动力,5,操控,5,性价比,4,购入信息,爱车车型,https://newcar.xcar.com.cn/m60060/,2021款威马W6520km PRO全能版,购入时间,2021/4/1,购车地点, [河南省],裸车价格,18.98万  (厂商指导价 24.08万),续航里程,500km,购入用途,上班,接送小孩,,,爱车简评,性价比个人感觉还是不错的，但是呢这个品牌的市场二手车保值应该不是很好，有待市场考证。,爱车评价,,,[不满意],满意地方多，不满意的地方目前发展的还真的不是很多，就说一点吧。新车味道比较大，女儿是过敏体质，对这个味道貌似还有点反感。一坐车就打喷嚏，现在真在想办法，看看能不能尽快的把味道给散一下，平时在家都会把车窗打开通风，希望后期要好点。还有就是这个车也不支持爱奇艺会员，之前别人送了个会员现在完全用不上了，要是能兼容更多的\'app就好了。其他方面不满意的有待发展。,[外观],W6沿用了威马新势力的全新设计语言，侧面没有太多线条，看起来很圆润，同时也很饱满，一体式贯穿灯组和后一体式流光贯穿尾灯呼应，让整体车的层次感更加立体感。,,,[空间],[舒适],后排空间还是很宽敞的，三个大人并排很宽敞的，后排座椅也是可以调节前后的，老人和孩子坐在后面挺舒服的。腿部和头部的空间也是比较大的。储物空间表现不愧之中级SUV，空间非常的宽敞了。,第一眼看到这个车的时候就回给你感觉，很稳重，夯实，开车的静谧性还是很好的，隔音做的很不错，我市区用比较多，开起来还是很舒服的，关联了帐号后，专属人脸识别技术，实用性感觉还是挺好的。,[动力],动力这款车很强劲的，推背感很强的，不输给1.5t的汽油车的动力的，还有这个车没有发动机，纯电动汽车只有电机，电机直接给力，几种驾驶模式，我还是偏喜欢运动模式，很给力。,[操控],操控性也是挺不错的，车虽说很大，到时开起来的感觉，很好，因车比较高，视野还是很开阔的，驾驶加速体验随叫随到，没有拖沓的感觉，底盘做工也很夯实，很稳。,,,展开全部
"
    发表于  2021-06    

      
        
    
    
",diuhaieqvz6,https://image1.xcarimg.com/attachments/my/0/31/05/438_120.jpg,新手上路,4.88,外观,5,内饰,5,续航,5,空间,5,舒适,5,动力,5,操控,5,性价比,4,购入信息,爱车车型,https://newcar.xcar.com.cn/m60060/,2021款威马W6520km PRO全能版,购入时间,2021/4/1,购车地点, [上海市],裸车价格,18.98万  (厂商指导价 24.08万),续航里程,520km,购入用途,上班,,,,爱车简评,作为一台刚刚上市不就得新车，威马W6还得需要市场的考验，从目前的价格及配置来看还是挺不错的，不过对于这台车的保值率可能还需要加倍努力，反正这台车我打算来到报废，至于保不保值那就交给时间吧。,爱车评价,[最满意],4月份提车到现在已经一个多月份时间，对于这台车也慢慢的适应了它，刚开始时还有点不敢开，感觉有点大，现在呢已经操控有些自如了，真的是习惯性更好了，增购这台车也是为了自己后期出行更加方便，对于这台车有很多值得一提的地方可以分享给大家，仅仅代表我对这台车的看法，如果有不妥的地方大家可以一起交流交流。主要有以下几点：1、整台车看上去的质感还是挺棒的，相比较前两款车W6更加智能更具有科技感，虽然车身看上去不是很长，但给人的视觉效果就是很宽敞饱满再加上不错的油漆质感让整体车更加的彰显高贵。2、内饰设计更加能够迎合很多很的喜爱，整体式中控及仪表大屏，以及空调控制辅助屏幕让整台车看上去高贵了不少，车子内部的空间非常大，而且座椅坐上去的厚实感也挺强的，所以内部表现家人都非常满意。3、巡航里程不错，平时充一次电能够跑靠近500公里的路程，这相当于一个挺远长途的路程，整体表现很不错。4、威马W6的驾乘体验都很不错，在操控性方面得到了很大的进步，同时在静谧性这块也比较不错，所以在驾乘体验上还是非常舒适的一款车。,[不满意],其实每一款车都有它不足地方，当然威马W6也不例外，主要有以下几点，1、这款车刚刚上市不久，卖的不是太多，后期二手车保值率不高。2、新车的味道有些大，买回来一直在开窗透气，现在稍微好了些，期待天气暖和了晒晒能够将味道去除。3、中控内部遇到颠簸的路况时会产生一些异响生，当然将音乐开大是听不到的，可就是心理有点不太舒服。,[外观],这款车漂亮示宽灯贯穿左右融为一体同尾灯遥相呼应，我最喜欢它的发光标，科技动感，封闭式前脸设计让人一眼看过去就是一台电动汽车，识别性还是挺强的，侧面线条简约彰显大气一面，所以我对它的外形是非常满意的。,[内饰],整车内饰是那种人见人爱的地方，这样说一点都不夸张，我第一眼看到它的时候就喜欢上了它，仪表中控屏整体化在高档奔驰车上看到的，彰显它高贵的气质，空调控制面板同样采用触屏设计不仅易于操作，更加提升档次感，除了内饰有些味道外其它方面还是挺不错的，相信经过一个夏天这个味道能够消散。,[空间],[舒适],大气的外观当然有着不错的空间表现，本人身高17.6米将前排座椅放到最低头部大约两个拳头位置，后排方面也还算，头部两个拳头、腿部两个半拳头，由于地板高度要高一些，所以坐在后排的人有点向后躺的姿势，还是挺舒服的，后备箱方面家用完全够用，如果对空间还有更多的要求的话，可以将后排座椅靠背放倒，有些不错的储物空间，即使长一些的东西也能装的下，实用性很不错。,谈到舒适性，不得不说一说它的隔音效果，确实处理的很好，这样就不会让驾乘人员感觉到烦燥，在加上包裹性不错的座椅即使跑个几个小时路程也不会感觉很累，整车空调效果很棒自动空调保证不错的乘坐环境，8个扬声器给驾乘人员带来丰盛的音乐盛宴。,[动力],由于电动汽车的电机低速扭矩大，所以在提速这块还是挺快的，平常超车都很轻松，加上厚实的底盘设计，让超车过弯都更有自信，所以对于这款车的动力家用商用都能够满足。,[操控],W6给我的感觉就是很好开，方向盘轻快指向性好，配和360℃影像泊车特别容易，在加上调教还不错的悬架系统，所以在过弯或者紧急避让时带来不错的驾乘体验。,,,展开全部
"
    发表于  2021-06    

      
        
    
    
",empiltuwx,https://image1.xcarimg.com/attachments/my/0/31/05/425_120.jpg,新手上路,4.88,外观,5,内饰,5,续航,5,空间,5,舒适,5,动力,5,操控,4,性价比,5,购入信息,爱车车型,https://newcar.xcar.com.cn/m56075/,2021款威马W6520km ACE极智版,购入时间,2021/4/1,购车地点, [江苏省],裸车价格,18.98万  (厂商指导价 26.08万),续航里程,520km,购入用途,购物,自驾游,,,爱车简评,从目前的价格及产品配置来看，这款车的性价比还是挺高的，使用一个月也没碰到问题，说明这款车品质还不错，如后期有什么问题在和大家一同分享，不过作为家用W6确实是不错的选择。,爱车评价,[最满意],虽然使用这部车紧紧只有一个月的时间，但很想将这台车的使用感受分享给大家，虽然有点仓促，但这仅仅代表我的个人使用感受，话不多说下面天天我对这台车满意的几个方面，首先、车子外观大气饱满，封闭式前脸及宽大的保险杠让这台车看上去特别的大气，车身线条没有那么多的棱角，沉稳的同时又不缺乏时尚及运动感，每次开出去回头率还是挺棒的。其次、这款车的内饰设计比较上档次，整体式仪表中控屏这在豪华车中才能看的到的，空调控制面板也采用屏幕来控制即美观又高档，整体内饰层次感挺强的，座椅包裹性好皮质柔软度适中再加上不错的自动空调带来绝佳的驾乘舒适性。最后、这台车有着不错的续航里程表现，充一次电能跑靠500公里的路程，相当于一次长时间的高速里程，解决高速频繁充电的麻烦，这一点确实很不错，同时这台车设有快充及慢充两种模式，可以根据个人时间来合理选择充电方式，总得来说还是挺不错的。,[不满意],每台车都有自己不足之处，即使几百万的车子同样如此，更别说十来万的W6了，对于这款车不满意的地方，首先、电子旋钮档把处的面板虽然是钢琴烤漆彰显档次感，但是一点也不耐脏，如果不勤奋做卫生的话那边会很丑，擦试的力度还不能大，大了还容易产生划痕，这一点我是不太喜欢的。然后、威马品牌知名度不大，很多人都不认识这个品牌，目前市面上真对威马推出的附加配件也比较少，所以想买些相配套的东西有些难，希望后期销量上去了会好一些。,[外观],沉稳大气的外观又不缺乏时尚、运动感，宽大的保险杠让这台车前脸看上去大气饱满，发光标让这台车的识别性很强，全车采用LED光源，不仅节能而且还能提升行车的安全性很不错，侧面造型没有棱角，线条一气呵成彰显大气，尾部依然饱满大气，尤其是贯穿式尾灯特别吸引眼球，特别上档次，夜晚灯光效果也不错，大大提升行车安全性。,[内饰],W6的内饰给人的感觉就是豪华，整体式中控屏同仪表融为一体，彰显档次感，这块屏的分辨率还是挺高的，反应灵敏度不错操作起来特别容易的多，宽敞的内部空间人坐在里面特别舒服，多功能方向盘功能挺齐全的，平时我最喜欢的是语音控制系统，通过语音就可以控制媒体、天窗、导航、空调等多方面的功能，即实用又安全，所以拥有它就好像拥有一个智能的玩具一样，非常不错。,[空间],[舒适],W6车内空间还是挺不错的，前排各处都能找到储物空间，方便小的物品存放，对于1.73身高，80kg的胖子来说坐在里面不拥挤，前排头部两个半拳头，腿部比较宽松。后排腿部两个半拳头，头部一个半拳头，由于纵向尺寸比较大所以平常后面坐三个成年人没有任何问题，后备箱电动开启更加的实用方便，空间表现家庭使用完全够用，当然后排支持4/6放倒，平时外出游玩累了放倒后可以躺在里面睡睡觉也是一件很不错的事，对对于空间我非常满意。,首先W6有着不错的车内空间，就这一点就会让驾乘来说特别舒服，配套功能像自动空调后排出风口，配合空气净化及PM2.5装备，让人舒服的同时保障车内空气的清洁度，更具有人性化一面，再加上包裹性不错的座椅搭配让驾乘人员有些不错的舒适性体验。,[动力],这款车的动力方面感觉还算可以，日常使用加油门还会有些推背的感，平常红绿灯起步还是挺快的毕竟电动汽车要比汽油车低速的扭矩大的多，平常跑高速的话稳定性还是挺不错的，超车也特别容易，特别给力！,[操控],虽然这台车不像轿车那样有着不错的操控性，但是总体来看比较均衡的，尤其在方向盘这块没有虚位，而且转向力度不大特别好控制，市区停车也特别方便，由于车身重，加上悬架调教感觉一般，所以在车速快过弯的时候车身倾斜角度还是有些大，所以有的时候我都会放慢速度过弯，一方面是为了解决倾斜问题，另一方面也是为了行车安全，但总得来讲这款车还是比较好驾驭的。,,,展开全部
"
    发表于  2021-05    

      
        
    
    
",hxlffc,https://image1.xcarimg.com/attachments/my/0/31/05/423_120.jpg,新手上路,4.88,外观,5,内饰,5,续航,5,空间,5,舒适,5,动力,5,操控,5,性价比,4,购入信息,爱车车型,https://newcar.xcar.com.cn/m60060/,2021款威马W6520km PRO全能版,购入时间,2021/4/1,购车地点, [山东省],裸车价格,18.98万  (厂商指导价 24.08万),续航里程,520km,购入用途,上班,购物,自驾游,,爱车简评,W6作为一款新车，目前的价格还是有些高的，如果价格还能优惠一些那绝对是很不错的选择，作为一款长期使用的代步车，选择它还是挺不错的。,爱车评价,[最满意],很开心拥有了一台威马W6这款电动汽车，虽然和这台车的相处时间只有一个月时间，但对于这款车的喜欢可以用爱不释手来形容了，自从拿到车到现在每天都基本有它和我相伴，每次开出去真的是太帅了，对这款车满意对的地方主要有以下几个方面，首先、是这台车的整体做工工艺真的很不错，车子缝隙连接处处理的非常不错，油漆方面也比较亮，看上去的档次感还是挺强的，质感很好让人看上去就是一台很贵的车子。其次、整台车的驾驶感觉具有很强的厚实感，底盘比较扎实跑高速没有发飘的感觉，其次就是整车隔音处理的很不错噪音很小，即使深踩油门车内的声音也不是很大，乘坐舒服性大大的提升，还有、它的空间表现不错，不管坐在前排还是后排都有不错的腿部及头部空间，每次坐满员的情况下后面都比较宽松，所以即使跑个长途坐在里面的人都会感觉特别舒服。最后、车内的配置挺高的，360℃影像，前后雷达都为泊车提供不错的保障，而且中控屏与仪表屏里程在一起确实高档车所拥有的配置，就连空调按键也采用屏幕触摸式设计，让整台车的科技感大大提升，带来不错的驾驶乐趣感。,[不满意],谈到不满意的地方，首先车子刚刚上市没有任何优惠政策，只能原价购买这款车，选择的时候车子款式比较少，其次、这款车的轮毂尺寸较小，如果在大一个尺寸就更好看了，最后，就是品牌知名度不高，路上能看到的威马车比较少更别谈W6了。,[外观],外观大气，稳重又不缺乏时尚感，灯光采用LED光源经济环保更加使用，前脸大灯两侧日行灯确实是很不错的设计，让整台车的漂亮更加宽大及厚实，每次开出去回头率还是挺好的。,[内饰],整体内饰的层次感还是挺强的，尤其是仪表及中控融为一体这绝对是高档车的一种特有的设计，屏幕的清新度及反应灵敏度还是挺不错的，可见威马确实把实实在在的东西给了我们这些老百姓，就连空调控制也设置了一个控制面板，档次感还是挺强的，我最喜欢它的语音控制即方便又实用，而且在驾驶的过程中便于操作避免行车中不安全性因素发生，还是挺不错的。,[空间],[舒适],W6的空间表现挺不错的，平常5个成年人坐在里面一点都不拥挤，轴距2.7米多一点，如果体型瘦小一点在后面翘个二郎腿都没有问题，后备箱日常家用足够，放把后排座椅放倒后会获得不错的空间表现，平常带带行李及帐篷出去旅旅游还是很惬意的一件事。,W6给人的感觉就是厚实稳重，座椅的厚度及包裹性都比较强，柔软度适中，所以长时间乘坐还是挺舒服的，整车隔音控制的也很好所以不管是高速还是市区使用都有着不错的舒适感，空调效果也比较不错，同时后排设有出风口，不管是前排还是后排在炎热的夏季都能保证舒适的体感，每次开着它出行真的是太舒服了。,[动力],W6的动力表现还是挺足的，我家里另一部车每次上地下车库时都会感觉比较吃力，而且给油门发动机噪音也比较大，而W6完全解决这个问题，爬坡特别轻松，平时城市中超车也比较容易的多，不管家用还是商用它的动力表现完全够用。,[操控],这款车虽然是一台SUV车，但在操控方面不输轿车，尤其是方向盘操作起来特别轻松，不仅指向性好而且没有虚位开高速特别舒服，底盘悬架调教比较硬朗对车身有着不错的支撑性，所以每次我城市道路上过弯时自信心还是挺足的，操作感非常棒。,,,展开全部
"
    发表于  2021-05    

      
        
    
    
",davidchuabx1,https://image1.xcarimg.com/attachments/my/0/31/05/437_120.jpg,新手上路,4.88,外观,5,内饰,5,续航,5,空间,4,舒适,5,动力,5,操控,5,性价比,5,购入信息,爱车车型,https://newcar.xcar.com.cn/m60060/,2021款威马W6520km PRO全能版,购入时间,2021/4/1,购车地点, [四川省],裸车价格,19.28万  (厂商指导价 24.08万),续航里程,520km,购入用途,上班,,,,爱车简评,大部分软包，科技感很强，摸着挺好，选这个车有一小部分是喜欢内饰,爱车评价,[最满意],既然选择了这个车，说明我对这款车的整体是比较满意的，不然也不会选择它对吧。首先说外观把，没上市的时候在网上查看过这个车，觉得整体比较圆润饱满，我喜欢贯穿式的车灯，所以比较满意，很喜欢这个车灯设计，新能源大部分都没有中网，当时觉得前脸看着怪怪的，后来去实体店看了，前脸还是很好看的，比较大气，LOGO还会亮，还会变色。双色车身设计，悬浮式车顶，这个虽然没啥用，但大部分厂家现在都喜欢用这个。内饰也比较时尚，三连屏，看着就有科技感，功能什么的也很齐全，可以绑定华为账号，还有人脸识别，保存过之后，上车就会自动识别，调到你以前设置好的内容。有语音助手，喊小威或者威咪都可以唤醒它，还支持15秒内连续对话，也可以连续命令它做一些事，并且还不会冲突，这个感觉挺好，而且只要有的功能都可以语音完成。多媒体系统里面还有其他软件，因为是华为系统，里面用的是华为视频，华为音乐，但这俩我都没会员，目前不支持下载其他软件，但里面提前给你安装的软件有很多，基本可以满足你的吃喝玩乐穿住行，地图用的是百度的。座椅坐的舒服，都打孔了，看着还是很有质感的，后排空间很大。操控的话，还阔以吧，地盘可以调，方向盘灵敏度可以调，刹车也可以调,[不满意],来吐槽缺点吧，我有爱奇艺会员，居然不能下载爱奇艺，上款车型都有爱奇艺，这个居然没有。后排座椅46放倒，放不平，想用的时候肯定不方便。其他没发现，以后再说。,[外观],不喜欢也不会买它，我买的灰色，灰色有科技感，运动感,,,[空间],[舒适],储物空间：门板的储物盒很薄，厚点的抽纸放不到里边放行李：东西能拉很多，但就是座椅不平后排座椅：后排座椅放不平，万一想躺那睡觉，斜着，到底舒服吗全家出游时：出去玩拉东西和人我感觉够用横向对比：威马有厂，有4S店，其他新势力好多没有，这也是选择的一部分原因车大：水平不高的人慢慢练吧乘坐空间：我176坐着没问题，大家也说座椅舒服，后排可以二郎腿，185以上估计不能二郎腿,悬架可以，虑震还行，挺体舒适度很高，符合这个价位了,[动力],反正很强，说了你们也感受不到，自己去体验一把加速表现：推背感很强，带着同事，他说有眩晕感动力平顺性：经济模式提速很线性，运动模式很暴利跑高速：高速很稳，毕竟1.9吨呢,[操控],很好，但好像入弯时没轿车开着有信心。朋友开过也说比油车好开,[性价比],对比过，才买的，比其他的车型强把，C11没车，不要它,展开全部
"
    发表于  2021-05    

      
        
    
    
",Mr.Y1,https://image1.xcarimg.com/attachments/my/0/31/05/428_120.jpg,新手上路,5,外观,5,内饰,5,续航,5,空间,5,舒适,5,动力,5,操控,5,性价比,5,购入信息,爱车车型,https://newcar.xcar.com.cn/m60062/,2021款威马W6620km X特别版,购入时间,2021/4/1,购车地点, [湖南省],裸车价格,19.28万  (厂商指导价 25.98万),续航里程,600km,购入用途,上班,购物,接送小孩,自驾游,爱车简评,本来预算在15.6万左右的，刚出的这个W6还不错，看过比亚迪，各种纠结下还是选择了威马,爱车评价,[最满意],封面图上就是我的小绿车啦~加了3000选择了晨曦绿，这个颜色非常nice，当时买的时候这个车我还选装有电加温的功能，也不担心极寒天气。SUV各种路况都能应对，车内功能很强大，开车的时候，完全不需要用手点来点去，W6的语音交互很灵敏。,[不满意],暂时没有什么不满意的地方，当时有纠结这个价格，后来那个销售服务态度挺好，那天提车还给我订花花了。,[外观],外观圆润，很年轻运动，做工出众，很满意。贯穿式的M字日行大灯，道路行驶不仅安全，而且辨识度高，开在路上引人注目,[内饰],内饰运动时尚，中控的连屏也时尚大气，很满意,[空间],[舒适],我1米65，坐在后面都可以跷二郎腿，完全够用，,座椅挺舒适的，比ex5座椅软许多，长时间坐也不会累，挺好的,[动力],电车的加速能力就完全不用多说了，启动很快，提速优秀,[操控],适合各种路况，SUV的车型坑洼崎岖的路段都可以驾驭，转向精准，手感正常,,,
"
    发表于  2021-05    

      
        
    
    
",lk933705kmtv,https://image1.xcarimg.com/attachments/my/0/31/05/429_120.jpg,新手上路,4.88,外观,5,内饰,5,续航,5,空间,5,舒适,4,动力,5,操控,5,性价比,5,购入信息,爱车车型,https://newcar.xcar.com.cn/m60060/,2021款威马W6520km PRO全能版,购入时间,2021/5/1,购车地点, [江苏省],裸车价格,18.98万  (厂商指导价 24.08万),续航里程,500km,购入用途,上班,购物,接送小孩,自驾游,爱车简评,后排坐两个人很宽敞，坐三个人有些略拥挤。储物空间：储物空间个人感觉中规中矩吧,爱车评价,[最满意],非常好开，起步很快，红绿灯路口起步甩隔壁大奔一条街；智能体验一流的，基本上做到能动口绝不动手。,[不满意],目前来说还没啥不满意的，如果说有的话，可能味道还是有点大，不过新车都这样，没办法,[外观],我选的白色，其实绿色真的很帅气，不过要加3000大洋车灯设计：必须说到车灯，晚上一闪一闪的威马车标+贯穿式车灯，在小区停车场回头率很高,[内饰],内饰质感不错，个人感觉在同价位的新能源车里排前列，这也是我最终选w6的重要原因之一。仪表中控：中控三个屏幕还是很有科技感的，操作系统很流畅，据说芯片最强大的8155，没有卡顿。坐在车内看屏幕电影，体验感很棒。,,[舒适],,除了后排过沟沟坎坎道路时略有感觉颠簸外，其他空间、座椅啥的都还是很满意的，车窗关闭后的噪音过滤比我想象的好。,[动力],加速表现：动力没得说，至今还记得前几日在红绿灯路口起步甩隔壁大奔一条街的快感。基本上起步都是一骑绝尘。1.83吨重的车能有这样的加速，还是很惊喜的。,[操控],方向盘基本上指哪打哪，而且力度可以自己调整，这点蛮人性的，点赞。底盘及悬架：底盘挺稳的，不过在过坑坑洼洼道路时，后座略颠簸一些。,[性价比],刚开始了解新能源时，也是被各种自动驾驶、科技感看花眼，后来逐渐回归理性，车子毕竟是代步的工具，不论如何炫技，还是要回归到安全、续航、空间、售后、价格这几个最传统也是我最看重的层面里来找最具性价比的。在对比了多款车之后，在15-20万的suv新能源车里，目前来看，w6是我觉得最具性价比的车子。以上是个人观点，仅供参考。声明一下，威马没给我广告费，*当然，如威马沈老板看到，觉得写得还算中肯，看在码这么多字不容易，考虑下呗？哈哈哈*希望威马和其他国产新能源车企越来越好，也希望中国的新能源车越来越好，实现中国人在汽车领域弯道超车的梦想。,展开全部
"
    发表于  2021-05    

      
        
    
    
",dogi2002bij,https://image1.xcarimg.com/attachments/my/0/31/05/432_120.jpg,新手上路,3.88,外观,3,内饰,3,续航,5,空间,4,舒适,5,动力,3,操控,4,性价比,4,购入信息,爱车车型,https://newcar.xcar.com.cn/m60060/,2021款威马W6520km PRO全能版,购入时间,2021/4/1,购车地点, [湖北省],裸车价格,18.98万  (厂商指导价 24.08万),续航里程,500km,购入用途,上班,购物,接送小孩,,爱车简评,座椅舒适，减震调教优秀，家里人后排坐着感觉比之前的标致车舒服。,爱车评价,[最满意],稳，驾驶和乘坐舒适，减震调教优秀。空间不错。,[不满意],车机需要进一步优化，车辆设置选项经常重置，需要手动重新设置，没有保存选项。系统界面退步，还没有ex5的界面设计好，无线充电板据了解每台w6都回提示无线充电功能错误。倒车动力太差，普通的矮台阶都上不去，还要往前开一段距离，然后利用惯性倒车冲上去，很危险。,[外观],不过不失，不知道我选的绿色以后会不会不好补漆。晨曦绿，加价3000，漆面很薄，很轻的磕碰都容易伤。,[内饰],毕竟成本限制，能看到摸到的地方用料还是比较足。,[空间],,六岁和三岁的两个小孩加一个大人，后排空间宽敞。,,[动力],倒车软绵无力，矮台阶都上不去！日常行驶动力不错。,[操控],操控没什么缺点好说的。自动驾驶也只是特定场景，没有测评意义。,[性价比],性价比如果拿到了升舱活动的话还是很高的。吐槽的也有：现在买w6的车主基本上都是升舱活动买的全能版，没有标配行车记录仪，但是后视镜前面那里又预留了行车记录仪的空间和线路，还用个黑盒子罩了起来，即没办法让车主自己装一体式的行车记录仪，厂家也不提供官方加装的渠道，武汉话说就是把事情做夹生了。,展开全部
