publish,标题,图片,名称,名称1,评分,评分2,评分3,评分4,评分5,评分6,评分7,评分8,评分9,评分10,评分11,评分12,评分13,评分14,评分15,评分16,评分17,标题18,信息,信息_链接,信息19,信息20,信息21,信息22,信息23,信息24,信息25,信息26,信息27,标题28,jia_text,信息29,dw_22,dw_23,dw_2230,dw_1,dw_131,dw_2,dw_232,dw_5,dw_233,dw_534,dw_235,dw_11,dw_1136,dw_3,dw_337,dw_4,dw_438,dw_6,dw_639,dw_7,dw_740,dw_8,dw_841,openall
"
    发表于  2023-07    

      
        
    
    
",小鹏G6的内饰使用了大面积的浅色材质，对于家里有两个孩子的使用环境来讲，可能会不好打理，希望后期可以推出不同颜色的内饰选择；再就是车内实体按键较少，需要语音操作或在中控屏幕寻找相应功能，担心车机有卡顿风险，再就是隐藏式门拉手，对于东北或西北等极寒条件下的车友不太友好，有被冻住打不开门的风险。,https://image1.xcarimg.com/attachments/my/1/94/92/254_120.jpg,xuser1959225,三星会员,4.88,外观,5,内饰,4,续航,5,空间,5,舒适,5,动力,5,操控,5,性价比,5,购入信息,爱车车型,https://newcar.xcar.com.cn/m70319/,2023款小鹏G6755 超长续航版 Pro,购入时间,2023-06-01,购车地点, [上海市],裸车价格,22万  (厂商指导价 23.49万),续航里程,400km,爱车简评,小鹏G6其实也是主打运动风格。不过，小鹏G6相比特斯拉Model Y要更加圆润和更具时尚感，Model Y简洁了一些，粗糙了一些不过看着更硬朗。从个人角度上看，G6颜值比Model Y高。,爱车评价,[最满意],[不满意],小鹏G6是小鹏汽车在2023上海车展推出的电动中型轿跑SUV，竞品车型是model Y。比较喜欢小鹏G6的前脸造型，与小鹏G9的相似度很高，整体车身采用溜背造型，配有隐藏式的门把手和无框车门设计，车内的座椅舒适性和包裹感都很在线，座椅采用了米蓝双拼皮面，也很有高档感。小鹏G6的最长续航可达755千米，同时还支持800V高压快充，充电10分钟可续航300公里。,[外观],小鹏G6设计较简洁，车头最明显的是贯穿式的日行灯灯带，但在中间小鹏车标处断开，大灯采用的是分体式设计，同时大灯下方还有两颗激光雷达，提供高阶的驾驶辅助功能；小鹏G9的车身侧面溜背式设计和Model Y 有几分相像，车身尾部整体偏简洁的设计，上方还有一个电动尾翼，给整车颜值提升了不少，电动尾翼在80km/小时时会自动打开，增加下压力，以提高车身稳定性，在车速降到60km/小时时，会自动收起小尾翼，同时也支持手动打开和关闭。,[不满意],小鹏G6的内饰使用了大面积的浅色材质，对于家里有两个孩子的使用环境来讲，可能会不好打理，希望后期可以推出不同颜色的内饰选择；再就是车内实体按键较少，需要语音操作或在中控屏幕寻找相应功能，担心车机有卡顿风险，再就是隐藏式门拉手，对于东北或西北等极寒条件下的车友不太友好，有被冻住打不开门的风险。,[续航],[内饰],据悉小鹏G6 车型共有 66kWh、87.5kWh 两种不同容量的电池版本，其中 66kWh 为磷酸铁锂电池，87.5kWh 为三元锂电池，搭载 87.5kWh 的后驱版续航为 755km。但是关于续航数据是官方给的，我也没测过，Model Y的，我也没长测过，所以这块不做比较了。,小鹏G6车内配备的是悬浮式的中控屏，还有一条嵌入式长条状的液晶仪表，车内没有保留物理按键，整体给人一种科技感十足的简洁感。方向盘采用了时下流行的双辐式方向盘，配色也采用了双拼的设计，整体握感非常舒服。后排座椅在靠背中间有可下翻的扶手，并且还集成了两个杯托，整个下拉的阻尼感还是非常舒适的。车门内侧也进行了皮质包覆，尤其是肘托部位的蓝色，视觉感受很棒，整体摸起来也很舒服，侧门开启方式是按键式的，且处于把手前侧，开门动作可以一气呵成。,[充电],充电十分快,[空间],小鹏G6的整车尺寸比小鹏G9小一圈，定位于中型SUV，车长4753mm，车宽1920mm，车高1650mm，轴距达2890mm尺寸和Model Y 非常接近。试乘者身高177，在前排座椅调整到舒适的坐姿，来到后排，膝盖距前排靠背有两拳有余的距离。横向空间中规中矩，如果体型稍显敦厚的乘客，稍显局促，可能会影响到舒适性。后备箱的空间十分规整，整体的装载量也非常可观，且后排座椅支持4/6放倒，基本可以达到纯平的状态，空间的灵活性进一步提升。此外还有小惊喜，在后备箱盖板下方，小鹏G6还专门设计了存放充气床垫的储物格，值得点赞！,[舒适],小鹏G6的座椅材质采用了上蓝下米的双色皮质包覆，坐上去给人一种舒服的包覆感，整体质感偏软，但又不失承托性，长时间乘坐也不会感觉不舒服。,[动力],因此次探店为上海车展期间，未有实际试驾体验，待小鹏G6到店后，再次跟进实际驾驶感受。,[操控],本次上海车展，小鹏G6并没提供试驾环节，还是要等一等，有了试驾车，我体验之后，再为大家分享。到时候我一定找台特斯拉Modele Y，一起比较下，回头也给大家分享。,[性价比],上海车展期间，小鹏G6正式亮相，目前尚未公开具体价格，预计售价会在22-28W的价格区间，以Model Y 作为竞品车型，小鹏G6还是有一定的竞争力的。,展开全部
"
    发表于  2023-07    

      
        
    
    
",身为老p5车主，觉得g6这个新车槽点就是太便宜了，价格太香了哈哈哈哈哈哈,https://image1.xcarimg.com/attachments/my/1/94/91/855_120.jpg,黄黄汽车咨询,三星会员,4.88,外观,5,内饰,4,续航,5,空间,5,舒适,5,动力,5,操控,5,性价比,5,购入信息,爱车车型,https://newcar.xcar.com.cn/m70319/,2023款小鹏G6755 超长续航版 Pro,购入时间,2023-05-01,购车地点, [辽宁省],裸车价格,22万  (厂商指导价 23.49万),续航里程,350km,爱车简评,小鹏智驾yyds 在性能操控方面，完全没有想到一台SUV可以这么稳。果然是麋鹿测试成绩82km的表现。底盘在运动的同时，有带着舒适的柔韧。过颠簸路段十分平稳自如，丝毫不拖泥带水。,爱车评价,[最满意],[不满意],今天在逛商场，偶然间看到小鹏体验店，没想到进去就没了5000？ 是的没错，本来只是想看看，没想到忍不住直接下定了。 进店销售就带我去深度进行了外观的讲解以及试驾体验。,[外观],延续了小鹏家族外观的设计语言。它采用了流线型设计，前脸造型犀利有力，给人一种非常动感的视觉效果。另外车身侧面则更加突出了SUV车型的特点，线条硬朗有力。还有，G6还配备了LED大灯和高亮度LED日间行车灯等配置，使得整个车辆看起来更加时尚和科技感。,[不满意],身为老p5车主，觉得g6这个新车槽点就是太便宜了，价格太香了哈哈哈哈哈哈,[续航],[内饰],续航700完全没有里程焦虑，800v技术低能耗充电快，简直不要太爽了。在试驾体验G6的过程中，我还特别注意问道销售关于G6的电池续航里程表现，据她形容是非常优秀的，,内饰简约高级，座椅带座椅靠背通风，很适合夏天爱出汗的女生，方向盘质感也好小巧，双头无线充电，还带通风，再也不用担心手机发烫,[充电],因为G6搭载了800V电池，充电巨快！！在单次充满电的情况下，它可以跑超过600公里。这意味着即使是长途旅行也不用担心电量不足&补能的问题。,[空间],空间表现也是不错的，以我174的身高为准，腿部空间接近三拳，对于腿部的承托也比较的到位。头部空间一拳，并且因为是全景天幕的缘故，光线和视野都显得比较开阔，坐起来并没有什么压抑感。,[舒适],座椅舒适度于我而言并不是那种特别软的，而是软中带着支撑性，不会让你觉得坐不稳，这可能也与它强调驾驶乐趣有关。,[动力],十分果断老练，简直就像老司机。甚至不比我开的差。小鹏智驾yyds 在性能操控方面，完全没有想到一台SUV可以这么稳。果然是麋鹿测试成绩82km的表现。底盘在运动的同时，有带着舒适的柔韧。过颠簸路段十分平稳自如，丝毫不拖泥带水。,[操控],"小鹏G6采用了最新的ADAS高级驾驶辅助系统，包括城市XNGP（G6的4.3.0系统的XNGP太流畅了，有老司机的味道了）、自适应巡航、车道偏离预警、盲点监测等功能。因为深圳有开通XNGP，所以特地让销售带着我开了一段路，整体下来感受很棒，真的基本可以""解放＂双手。小鹏的辅助驾驶可以帮助类似我这种新手司机更加轻松地控制车辆，提高行车安全性。同时，G6还配备了360度全景影像系统和智能泊车辅助系统等功能。这些不仅提高了行车安全性，而且让新手司机变得更加轻松愉悦。",[性价比],因为太多人锁单，导致提车周期拉长了要12周内，不过也不着急车开，好车值得等,展开全部
"
    发表于  2023-07    

      
        
    
    
",车屁股有点过于圆润，显得整体有点儿呆住了。。,https://image1.xcarimg.com/attachments/my/1/94/92/252_120.jpg,xuser1959225,三星会员,4.88,外观,5,内饰,4,续航,5,空间,5,舒适,5,动力,5,操控,5,性价比,5,购入信息,爱车车型,https://newcar.xcar.com.cn/m70318/,2023款小鹏G6580 长续航版 Max,购入时间,2023-06-01,购车地点, [辽宁省],裸车价格,25万  (厂商指导价 22.99万),续航里程,300km,爱车简评,实车发现比图片好看太多，实车非常圆润有质感，加上小尾翼简直不要太帅。,爱车评价,[最满意],[不满意],今天在逛商场，偶然间看到小鹏体验店，没想到进去就没了5000？ 是的没错，本来只是想看看，没想到忍不住直接下定了。 进店销售就带我去深度进行了外观的讲解以及试驾体验。,[外观],延续了小鹏家族外观的设计语言。它采用了流线型设计，前脸造型犀利有力，给人一种非常动感的视觉效果。另外车身侧面则更加突出了SUV车型的特点，线条硬朗有力。还有，G6还配备了LED大灯和高亮度LED日间行车灯等配置，使得整个车辆看起来更加时尚和科技感。,[不满意],车屁股有点过于圆润，显得整体有点儿呆住了。。,[续航],[内饰],在试驾体验G6的过程中，我还特别注意问道销售关于G6的电池续航里程表现，据她形容是非常优秀的，,座椅舒适度于我而言并不是那种特别软的，而是软中带着支撑性，不会让你觉得坐不稳，这可能也与它强调驾驶乐趣有关。,[充电],因为G6搭载了800V电池，充电巨快！！在单次充满电的情况下，它可以跑超过600公里。这意味着即使是长途旅行也不用担心电量不足&补能的问题。,[空间],空间表现也是不错的，以我174的身高为准，腿部空间接近三拳，对于腿部的承托也比较的到位。头部空间一拳，并且因为是全景天幕的缘故，光线和视野都显得比较开阔，坐起来并没有什么压抑感。,,,[动力],"小鹏G6采用了最新的ADAS高级驾驶辅助系统，包括城市XNGP（G6的4.3.0系统的XNGP太流畅了，有老司机的味道了）、自适应巡航、车道偏离预警、盲点监测等功能。因为深圳有开通XNGP，所以特地让销售带着我开了一段路，整体下来感受很棒，真的基本可以""解放＂双手。小鹏的辅助驾驶可以帮助类似我这种新手司机更加轻松地控制车辆，提高行车安全性。同时，G6还配备了360度全景影像系统和智能泊车辅助系统等功能。这些不仅提高了行车安全性，而且让新手司机变得更加轻松愉悦。",[操控],驾驶感受：十分果断老练，简直就像老司机。甚至不比我开的差。小鹏智驾yyds 在性能操控方面，完全没有想到一台SUV可以这么稳。果然是麋鹿测试成绩82km的表现。底盘在运动的同时，有带着舒适的柔韧。过颠簸路段十分平稳自如，丝毫不拖泥带水。,[性价比],我订的是755max版，裸车价25.49，基本上没别的优惠了，(可以找销售要点小礼品)，提车需要等10周左右。,展开全部
"
    发表于  2023-07    

      
        
    
    
",外型方面，仁者见仁智者见智，有的觉得非常运动时尚，有的觉得比例不协调不好看。,https://image1.xcarimg.com/attachments/my/1/94/92/251_120.jpg,xuser1959225,三星会员,4.75,外观,4,内饰,5,续航,4,空间,5,舒适,5,动力,5,操控,5,性价比,5,购入信息,爱车车型,https://newcar.xcar.com.cn/m70318/,2023款小鹏G6580 长续航版 Max,购入时间,2023-06-01,购车地点, [北京市],裸车价格,25万  (厂商指导价 22.99万),续航里程,400km,爱车简评,新款小鹏G6则是店里最吸引人的焦点，当天小鹏的店人真的好多阿（新上新款的原因？），销售完全忙不过来了！！,爱车评价,,[不满意],,[外观],运动时尚，线条不错，橙色很动感，其他颜色的车身也不错，灰色很大气。,[内饰],内饰简约不简单，坐垫非常软，手感不错，虽然不是nappa真皮，但环保哇。,[续航],,能耗低，续航高，800V充电速度确实很快啊，老车主羡慕了,,[充电],在静态体验G6的过程中，我还特别注意问道销售关于G6的电池续航里程表现，据她形容是非常优秀的，因为G6搭载了800V电池，充电巨快！！在单次充满电的情况下，它可以跑超过600公里。这意味着即使是长途旅行也不用担心电量不足&补能的问题。,[空间],后排空间做的不错，甚至大过G9，得益于一体化车身，把空间给节省了出来。后排空间上是有3拳的，算是比较充裕。后排放倒有1500l的容量。,[舒适],"G6作为一款电动SUV车型,外观时尚、内部空间宽敞、配置丰富、性能出色。如果你正在考虑购买一款电动SUV，那么真的可以去小鹏店里亲身体验一下，",[动力],平稳度不错，转弯有质感，加速度很好，续航扎实，运动性能也不错。,[操控],它采用了流线型设计，前脸造型犀利有力，给人一种非常动感的视觉效果。另外车身侧面则更加突出了SUV车型的特点，线条硬朗有力。,[性价比],目前官方给予订金2000抵扣5000的优惠政策，老车主换新也有一定的积分及送电优惠。,展开全部
