publish,标题,图片,名称,评分,评分1,评分2,评分3,评分4,评分5,评分6,评分7,评分8,评分9,评分10,评分11,评分12,评分13,评分14,评分15,评分16,标题17,信息,信息18,信息19,信息20,信息21,信息22,信息23,信息24,信息25,标题26,purpose,purpose27,purpose28,标题29,jia_text,信息30,dw_22,dw_2231,dw_23,dw_2332,dw_1,dw_2,dw_133,dw_234,dw_3,dw_335,dw_4,dw_436,dw_6,dw_637,dw_7,dw_738,dw_8,dw_839,openall
"
    发表于  2020-08    

      
        
    
    
",aken_zhangt,https://image1.xcarimg.com/attachments/my/0/30/71/478_120.jpg,新手上路,4.75,外观,5,内饰,4,续航,5,空间,4,舒适,5,动力,5,操控,5,性价比,5,购入信息,爱车车型,购入时间,2020/7/1,购车地点,济南中升丰悦汽车销售服务有限公司 [山东省],裸车价格,24.58万  (厂商指导价 24.58万),续航里程,400km,购入用途,上班,购物,接送小孩,爱车简评,我喜欢的我就觉得性价比封顶，价格合适，而且续航里程特别的不会让你有太多充电的烦恼。还有丰田不错的口碑，安全配置各方面这些都不用多说，所以性价比你自己看。,爱车评价,[最满意],最满意的应该是它的外观。看到它的第一眼就被吸引了，颜值还是蛮高的。它的前脸设计的非常流畅自然，给人一种协调、层次分明的感觉。它的价格才20万＋，但颜值看起来不止20万。这辆车开起来感觉特别轻松，动力还不错，感觉全家人都能开。而且这辆车是新能源的，说实话我这是第一次开纯电动的车，感觉还挺特别的，它开起来蛮轻松的，而且上手比较容易，总体来说我还是挺满意的。,[不满意],不满意的有两点，一是没有优惠，二是空间有些小。这辆车上市时间不长，还属于新款车，我买的时候店里除了送了些小东西以外，一点优惠都没有，说实话这点我确实不太满意，因为其他车型都是有优惠的，这款没有优惠总觉得有些不满意。还有这辆车的空间稍微小一点，如果满员的话会有些拥挤，前排还好，后排空间确实有些不足，连我的家人也给我提过这个问题，我感觉这辆车瘦子坐还好，如果胖子坐可能真的太挤了。,[外观],[内饰],这辆车的外观看起来非常美观，我就是被它的外观吸引的。我感觉这辆车的外观是属于比较时尚的那种，适合年轻人开。车子的线条流线感十足，而且有种层次分明的感觉。它的尾部设计简约不繁杂，看起来特别大气。这辆车的车型属于适中的那种，长大约4.4米，宽1.8米左右，高度大约1.6米，而且车子的漆面光洁度不错，看起来颜值非常高。我对这辆车的外观还是非常满意的。,这辆车的内饰属于平平无奇的那种，感觉有一股塑料感，给人一种廉价的感觉。不过我家人觉得内饰还不错，可能不同人的看法不一样吧。新车刚开回去的时候，异味特别重，喷了好多喷剂才祛除下去，和车子的其他地方相比，车的内饰应该属于它的一个缺点吧。,[空间],前排空间还可以，后排空间真的有些小。我家人和朋友都说后排空间不足，满员的话有些挤，可以坐两大一小三个人。前两天我带朋友去附近的景点玩，两个朋友都胖胖的，坐在后排，按照他们的话说，坐在后排几乎没有活动的空间，感觉有些不舒服。而且这辆车的后备箱容量也不大，感觉放的东西有限，比我之前那台车差远了。,[舒适],这辆车的舒适性还是蛮高的，我感觉这辆车的座椅坐起来非常舒服，美中不足的是它没有护腰的作用，如果这辆车能加上护腰作用就完美了。我感觉这辆车的座椅非常软，坐上去感觉还是挺不错的，这辆车属于比较舒适的那种，所以即使没有护腰，开的时间长了腰也不会特别难受。我感觉这是它一个非常大的优点。不过对于后排来说空间稍微有点狭窄，所以舒适感不如前排好一些。,[动力],动力还是可以的，我一般都在城区开，路段比较平稳，所以感受不到它在陡路上的情况，不过前段时间带着家人上高速，它提速还是蛮快的，加速就是一脚油门的事儿，而且提速很稳，给人一种特别安全的感觉。,[操控],我感觉这台车操控特别方便，而且操作很简单，很容易学会。这辆车的方向盘摸起来非常有质感，而且很好控制，转弯的半径比较小，感觉单手也能操控。除此之外，这辆车的动力响应特别灵敏，基本上是轻踩油门，发动机就会立即响应的那种。,[性价比],我感觉这辆车的性价比还是可以的，虽然价格不算便宜，但是这种车后续的花费比较少，相对来说还是蛮省钱的。说实话，我之前对电动汽车一直抱有不友好的态度，汽车汽车，不用汽油能是汽车？但用了之后才发现，这种新能源车其实还是挺好用的。我感觉这台车在各个方面性能做的还是非常不错的，最起码在我看来这辆车没买亏。,展开全部
"
    发表于  2020-08    

      
        
    
    
",sunraydu,https://image1.xcarimg.com/attachments/my/0/30/71/466_120.jpg,新手上路,4.88,外观,4,内饰,5,续航,5,空间,5,舒适,5,动力,5,操控,5,性价比,5,购入信息,爱车车型,购入时间,2020/7/1,购车地点,合肥特优达汽车销售服务有限公司 [安徽省],裸车价格,24.5万  (厂商指导价 24.58万),续航里程,400km,购入用途,购物,接送小孩,跑长途,爱车简评,主要是觉得这个车的尾部的造型看起来稍微有些夸张了，其他方面我觉得设计的都是不错的。,爱车评价,[最满意],空间不错吧，一直都觉得这个车的空间还是比较大的，反正看上去和其他的车是不一样的。,[不满意],平常一般走城区走的比较多，有时候经常也会走高速，走城区和走高速的时候其实都会觉得这个车的舒适性是非常好的。但是走那种坑坑洼洼的路段是比较少的，上次走了一次发现如果这个车走这种路的话，坐在车里面还是会觉得多多少少有一些颠簸的。,,[内饰],,觉得这个车内饰的方向盘的设计可以说是非常完美了。方向盘的握感是比较好的，操作起来没有什么压力，而且方向盘上面的一些按钮布局的非常的合理，在行车过程中是非常便于操作的。,[空间],储物的空间都是非常大的，就是在很多的细节上的方面的设计都是比较好的。,[舒适],整体的舒适性是不错的，这个车的隔音效果可以，然后再加上这个车的音响效果也不错。不过也有一些让人不太满意的地方吧。走那种坑坑洼洼的路段是比较少的，上次走了一次发现如果这个车走这种路的话，坐在车里面还是会觉得多多少少有一些颠簸的。还好，平时走那种路真的走的非常少，也没有什么可担心的。,[动力],只要我想提速，才像油门儿这个车的动力就能满足自己的需求。,[操控],一只手都可以掌控这个车的方向盘，因为开起来毫无压力。,[性价比],从来都没有觉得这个车的性价比低过，一直都觉得性价比高。,展开全部
"
    发表于  2020-08    

      
        
    
    
",ttjglrx,https://image1.xcarimg.com/attachments/my/0/30/71/461_120.jpg,新手上路,4.75,外观,5,内饰,4,续航,5,空间,5,舒适,5,动力,5,操控,5,性价比,4,购入信息,爱车车型,购入时间,2020/5/1,购车地点,成都安利捷汽车销售服务有限公司 [四川省],裸车价格,24.58万  (厂商指导价 24.58万),续航里程,400km,购入用途,购物,接送小孩,跑长途,爱车简评,性价比还是蛮高的，不过价格确实没有优惠了，我一直以为车子的价格可以优惠一点，没想到还是一直谈不拢了，后面也是太喜欢了，硬着头皮入手了，要是当时价格下来一点就好了,爱车评价,[最满意],满意CHREV的地方主要有两点：第一，它车里面的储物空间做的也是非常细心的了，特别方便，对于这点我和我儿子还倒是挺喜欢的。第二，这款车它的隔音效果，我带着我老婆和儿子回老家的时候被堵在大马路上了，那附近的车喇叭声给我正在睡觉的儿子都给吵醒了，然后我突然就想到网上说CHREV的隔音效果不错，我就试探性的把车玻璃什么的都给关的严严的，想看看能不能把声音隔绝掉，果然这款车并没有让我失望，虽然还是会有一点声音，但是我觉得把能把车的隔音效果做到这样已经很好了，而且还是新能源的动力发动机了，所以在车子噪音方面来说对比燃油的车子还是比较稳定的了,[不满意],这款车型的漆面特别的薄，上次我媳妇开车门的时候包包的链子不小心碰到了车门，就这一下，结果车子就多了一大块很花的痕迹，感觉小C的设计师还是没有注意到这点，这点也算是小C最不合理的地方。还有一点就是，对于这样价位的车来说没有全景天窗就有点说不过去了，像宝骏阿，奇瑞阿，这些车企的车型基本上都会有全景天窗，难道广汽不比奇瑞和宝骏的口碑好么，为什么会没有全景天窗。,[外观],[内饰],这款车的外观还是挺年轻化的，而且它的外观也是最近两年比较流行的一种，它的车身是那种比较长的，但同时它整个车身的轮廓线条感十足，特别是它的车灯特别犀利，只要你盯着它看你就能感觉到它好像再用一种犀利的眼神在盯着你。,这款车采用了黑色的色调，黑色的内饰让我轻松了许多，内饰非常的耐脏，还有就是它内饰所采用的材料也很不错，摸着就不一样的感觉，和那种高端的材质摸着差不多，不过异味方面还是有一点的，而且没有天窗，天窗版又贵一点，可惜了。,[空间],空间挺大的，无论是前排还是后排，我感觉空间都很大，就算坐满五个人都是没有问题的，甚至坐在车里还都可以同时的翘起二郎腿，所以我对空间这点还是很满意的，那是绝对没话说！我用车是三口之家用车比较多了，目前整体的车子空间使用我还是可以轻松满足需求的了，毕竟也是SUV的空间了，还是蛮大的了。,[舒适],座椅还是挺舒服的，柔软合适，而且座椅的包裹性也很好，它的腰部支撑设计的很合理，听说好像是以人身体的曲线而设计的，不知道是不是真的，反正我觉得这样的设计就能让我坐在车里感觉很舒服。还有就是它的隔音效果啦！那隔音效果邦邦的，老厉害了，绝对可以秒杀许多车的隔音效果。,[动力],动力挺充沛的，上次有一个很陡的坡，我都怕过不去了，结果油门轻轻一踩很轻松的就过去了，而且小C每次一加速的时候就会有一种很强劲又很明显的推背感，我觉得这款车的动力可以秒杀许多其他车的动力了，得益于纯电的动力吧，所以车子在起步阶段的时候表现很是灵敏，一脚下去速度就起来了，而且带有那种科技感的声音，大爱了。,[操控],CHREV的方向盘的轻重很合适，不会像其它的车一样不是太重打不动就是太过于轻盈了有些打漂，而CHREV的方向盘很灵活，是属于不重也不轻的样子，属于适中的。而且转弯的时候也特别精准，像那种急转弯什么的也不让你有任何身体倾斜的感觉，小C整体车身都说很平稳的，这点非常好的！,,,展开全部
"
    发表于  2020-08    

      
        
    
    
",duomodu9,https://image1.xcarimg.com/attachments/my/0/30/71/472_120.jpg,新手上路,4.75,外观,5,内饰,5,续航,5,空间,4,舒适,4,动力,5,操控,5,性价比,5,购入信息,爱车车型,购入时间,2020/7/1,购车地点,临沂君来汽车销售有限公司 [山东省],裸车价格,24.58万  (厂商指导价 24.58万),续航里程,400km,购入用途,上班,购物,接送小孩,爱车简评,综合各方面考量，丰田的这款新能源汽车的性价比还是非常高的，外观和内饰都很符合我的审美，性能方面也丝毫不差，除了空间方面，我觉得这车还是很值得的。,爱车评价,[最满意],我对这辆车还是非常满意的，要说最满意的地方还是属于外观了，毕竟现在是一个“看脸“的时代，买车的时候外观是最直接也是第一印象。这款车的外观一眼就吸引住了我，我感觉它是与众不同的，开在路上也特别有辨识度的那种。前脸比较圆润，虽然没有棱角，但是LED大灯却非常有设计感，并且犀利霸气，这种反差萌让我非常喜欢，进气格栅相对较小，整辆车都大气的同时还非常富有年轻时尚的气息，我感觉非常适合我。除了外观之外，这辆车的驾驶感受也非常不错，可以说是出乎我的意料，因为是第一次开这种新能源汽车，没想到驾驶感觉和普通的汽油汽车没什么两样。,[不满意],我最不满意的地方是空间，当时买车的时候看着还行，但谁知道中看不中用呢，这辆车的空间有点鸡肋，虽然定位于SUV车型，但是空间的表现太差了，驾驶室的空间还凑乎，后排空间就有些拥挤了，如果三个成年男子乘坐的话，后排就有些坐不下了，让人觉得特别憋屈。并且车内的储物空间也不多，我有很多零碎的物品都找不到地方放置。后备箱的空间也一般。并且因为后排的窗户也比较小，所以坐过我车的人都说，后排有些憋闷，时间长了就有些不舒服了。这点让我非常不喜欢。,[外观],[内饰],外观是我非常喜欢的一点了，整体上时尚年轻，并且也很有气场，在细节之处也非常有设计感，感觉到了满满的诚意，中网的面积比较小，车身上有多处象征着新能源的标志，行驶在路上还是很有辨识度和回头率的。,内饰整体上还是可以的，车内的陈列合理，也很有层次感，车内的科技感也比较强，唯一让我不大喜欢的一点就是，中控屏的分辨率比较低。,[空间],空间整体来说还是比较鸡肋的。首先驾驶室和副驾驶的空间还是可以的，我又高又胖，开车的时候腿也能伸得开，头顶离车顶还有差不多一拳的距离，完全能施展得开，这些活动空间最后我开车的时候小范围活动一下了。副驾驶的空间和驾驶室相差不多，都是可以让人接受的，各种体型的人也都可以坐得下。到了后排空间就让人不满意了。人少了还行，一旦坐满人就有些拥挤，让人觉得憋屈的慌。后备箱的空间也是差强人意。,[舒适],舒适性上整体还可以，要是后座再大一点，我会更喜欢这辆车的。驾驶座的座椅坐上去非常舒服，座椅是真皮的，摸上去手感非常不错，并且也好清理。坐上去软软的，包裹性非常好，感觉腰部和背部都得到了很好的支撑，即使开车时间长了也不会腰酸背痛。后座就有些一般了，感觉还是空间的问题。,[动力],虽然是一辆纯电动汽车，但是在动力的表现上让人出乎意料，一点也亚于燃油汽车，起步四平八稳的，并且动力也很足，超车也非常快，一脚油门速度就提上去了。它还有两种模式，一种是经济模式，经济模式一般适合于在市区内开，整体上就是不急不躁地，速度不说很快吧，但也足够了。另一种是运动模式，在车少的时候打开运动模式真的是再爽不过了，动力响应非常灵敏，加速时推背感非常强，速度很充足，这两种模式真的是非常方便了。,[操控],操控上还是非常不错的，和燃油汽车也没有太大的区别。方向盘和刹车都比较轻，尤其是方向盘，转向精准，并且还非常好掌握。车身的稳定性和减震也都做的非常不错，即使速度比较快的时候，开起来也非常稳。,,,展开全部
"
    发表于  2020-08    

      
        
    
    
",gztonylir1,https://image1.xcarimg.com/attachments/my/0/30/71/485_120.jpg,新手上路,4.88,外观,4,内饰,5,续航,5,空间,5,舒适,5,动力,5,操控,5,性价比,5,购入信息,爱车车型,购入时间,2020/5/1,购车地点,沈阳华夏东银汽车销售服务有限公司 [辽宁省],裸车价格,24.58万  (厂商指导价 24.58万),续航里程,400km,购入用途,购物,接送小孩,跑长途,爱车简评,车子的内饰啊，电耗啊，动力啊，这些都挺棒的，特别是内饰，内饰做的非常用心，反正就是内外兼修的一款车了，我对这款新能源的车子表现还是比较放心的。,爱车评价,[最满意],其实这款车比较优越的地方还是蛮多的，不过针对于舒适性和操作性来说，这两点做的还真是不错，首先那车子的轮胎它的尺寸是刚好合适，要知道如果车子的轮胎胎过大的话，过上减速带的时候会很伤车身，甚至还会造成车内人员对舒适性不达标，噪音也是非常的小，基本上就是属于那种一点噪音都没有的，像这个价位的车子往往都存在着那种胎噪，风噪，以及发动机噪音，基本上这些都会对舒适性造成很大的影响，不过C-HREV这款车这几个方面做的还是挺不错的，车子基本上也挺灵活的，基本上就是能达到那种人车合一的情况，车子跑起来的话非常的平稳，转弯的时候也非常的灵活。,[不满意],最对这台车子最不看好的地方就是外观这方面，车头的外观还好，看起来特别有那种玛莎拉蒂车头的味道，前车头是扁扁的，慢慢的从上面往下面延伸，在他配上进气口和led大灯，车头的颜值倒是不用多说，但是车屁股的设计就有点奇葩了，车屁股是属于那种大众化SUV的车屁股，车屁股是从上往下慢慢延伸拉长的，说实话，个人感觉这个车头搭配这个车尾，说实话真有点儿无力吐槽了。,[外观],[内饰],外观的话我个人感觉车头还是比较好看的，车头非常有那种轿跑和跑车的味道，但是对于车尾吧，我就有点儿不满意了，在我看来，这个车头根本不搭配这个车尾，看起来也是非常的low，按道理新能源的车子设计感应该都是比较有科技的才是，没想到这款车子的设计就是比较差劲的了,内饰的做工还是蛮精细的，基本上就是手能碰到的地方都是使用的软材质，其中一个细节就能看得出来车子的内饰咋样，那就是车门的扶手，这款车连车门的扶手都是使用软材质包裹的。,[空间],车的前排座椅是可以调节的，基本上前排的空间还是挺足的，如果调整好坐姿坐在正驾驶的时候，头离车顶还有一拳半左右的距离，大腿离方向盘差不多，还有一拳多的距离，副驾驶的空间相对于正驾驶来说又比正驾驶稍微大了一点，副驾驶头部的空间和正驾驶一样，腿部的话只不过因为没有方向盘，所以空间大了很多，后排的空间和副驾驶的空间差不多大，后排的座椅虽然不能调节但是可以放下，这样如果是装的东西多的话，只需要把后排的座椅翻过来就行，这样就能给后备箱提供很大的空间，在空间上面设计的倒是挺贴心的，基本上就是很实用。,[舒适],舒适性还挺满意的，感觉挺舒服的，对于这个价格买到的车，能够遮风挡雨就行了，车内的座椅坐起来还是挺舒服的，噪音也非常的小，毕竟也是新能源的车子了，在发动机安静以及车内噪音方面都是处理的很好的，我对这个也是十分放心了。,[动力],动力方面可以说很足了，我也是第一次选择到了新能源的车子，车子搭配的发动机是纯电的发动机了，目前车子的整体动力还是够用的，比如车子在起步阶段动力的响应就是非常快的，一点也不虚了，在加速方面来说也是非常给力的，平时在车子跑高速的时候就可以感觉出来了，都是一些非常不错的加速推背感，非常Nice。,[操控],如果跑起来的话，配备的固定齿比变速箱就很好的起到了作用，基本上挂档的时候非常的平顺，也非常的顺手，档位相应的也挺积极，挂档这个还是挺快的，几乎是没有一点点顿挫感，方向盘的大小也刚好合适，粗细的话握在手里面也是刚刚好，方向盘打起来也很轻，不管是在中速还是在高速，转弯的话都非常的听话。,,,展开全部
"
    发表于  2020-08    

      
        
    
    
",巧克力emo17,https://image1.xcarimg.com/attachments/my/0/30/71/481_120.jpg,新手上路,4.75,外观,5,内饰,5,续航,5,空间,4,舒适,4,动力,5,操控,5,性价比,5,购入信息,爱车车型,购入时间,2020/5/1,购车地点,沈阳华夏东银汽车销售服务有限公司 [辽宁省],裸车价格,24.58万  (厂商指导价 24.58万),续航里程,400km,购入用途,上班,购物,跑长途,爱车简评,性价比挺高的，基本的配置，动力，空间，外观都能满足我的需求，价位方面也是在我的预算范围之内，我对这款CHREV的整体表现还是十分满意的。,爱车评价,[最满意],最满意的地方还是挺多的：第一，我最满意的自然是这款车的空间，设计得非常的出色，非常的充裕的；第二，动力方面表现得非常的强劲，纯电的发动机搭配着固定齿比的变速箱，加速很快，无顿挫感，一气呵成，完全足够满足我日常的使用；第三，广汽C-HREV的操控性，可以说是一流的，尤其是在转弯的时候就能感受着这款车的稳定性，车身的稳定性非常的好，很干脆利落，转向精准而且还挺轻盈的；第四，也就是最后一点了，这款车子的舒适性非常的好，十分的优秀，座椅都是皮质的，包裹性非常的好，手感非常的好，很软很舒服，前排后排都有腰部支撑，舒适感简直是一流的。,[不满意],刚刚在上面我夸了空间，但是空间有一点真的不得不吐槽，就是后排的空间，真的很糟糕了，头部和腿部的空间真的有小，而且中间还有凸起了一块，那么高，如果是三个人坐在里面，中间人的真的会很尴尬呢；第二，就是隔音方面了，只要一上70迈，风噪和胎噪就慥慥的来，每次我都是开着音乐来降噪音的。,[外观],[内饰],广汽C-HREV的外观漂亮又时尚，加上我自己选的又是白色的车型，那看起来有多骚气呢，加上LED大灯，看起来更加犀利醒目，还有跑车的轿身，真的非常的好看，我是非常的满意的。,这款车的内饰设计还不错呢，简简单单的，看起很大方简洁，我很满意呢，座椅的材质都是采用织物的，坐起来很舒服呢，很软呢，人坐上面，真的很舒服呢，不会有很硬的感觉。,[空间],空间只能是说是一般般了，虽然说广汽C-HREV的空间设计得非常的出色，非常的充裕的，别看他的小型的SUV车型，尤其是前排的空间，与头部空间还有很大的空间，一点都不没有感到一丝丝的压抑，腿部的空间也是有地方可以伸展的，后备箱的空间也是很大，深度深，开口大，符合我平时家用的需求，卸货，搬行李也是非常的方便的，也可以当放下很多东西，车内的储物格也是设计的非常的人性化，非常的方便取拿的，但是有一点我是很不满意的，需要这里吐糟一下下了，就是后排的空间，尤其头部有点仓促了，中间还凸出了一块，后排坐两人还好，但是坐上三个人，使得中间的人脚无处释放啊，我看的都好尴尬的。,[舒适],这款车子的舒适性非常的好，十分的优秀，座椅都是皮质的，包裹性非常的好，手感非常的好，很软很舒服，前排后排都有腰部支撑，前后排的椅靠角度也是挺方便的，非常舒服的，不会有太直的感觉，这舒适感简直是一流的；这款车的经过减速带的时候，过渡的也是非常的好的，不会给人一种很震的感觉，很晃动的感觉，真的过渡非常的好，唯一比较遗憾的就有两个地方了，第一点就是，就是隔音方面了，只要一上70迈，风噪和胎噪就慥慥的来，每次我都是开着音乐来降噪音的；第二点，就是关于“新车味”这方面的问题了，我刚提这款车的时候，确实有闻到一股子闻到，虽然不是很大，但有点难闻了，我平时在市区开车都有开窗的习惯，所以气味很快就散去了。,[动力],纯电的发动机搭配着变速箱，动力完全足够满足我日常的使用了，在市区行驶上完全没有任何问题，而且动力输出的表现是十分的平顺，加速也是挺快的，毫无顿挫感，动力简直就是一气呵成，在市区超车也是轻轻松松的，在高速上行驶，也是表现的非常的出色的，推背感简直太爽了，很刺激呢，在高速上超车也是轻轻松松的，毫无压力感，一气呵成，毫不拖泥带水呢！,[操控],广汽C-HREV的操控性算是挺稳定的，尤其过弯的时候，特别的干脆利落，车内也没有什么大幅度的晃动，高速上行驶车身很稳，不会偏离车道，转向精准而且还挺轻盈的，方向盘材质也是采用真皮，手感摸着很好，这种材质对我这种手掌容易出汗的人来说简直是福音啊。,,,展开全部
"
    发表于  2020-08    

      
        
    
    
",xiaojijidku1,https://image1.xcarimg.com/attachments/my/0/30/71/463_120.jpg,新手上路,4.88,外观,5,内饰,5,续航,5,空间,5,舒适,5,动力,5,操控,5,性价比,4,购入信息,爱车车型,购入时间,2020/6/1,购车地点,德阳亨宇汽车销售服务有限公司 [四川省],裸车价格,24.58万  (厂商指导价 24.58万),续航里程,400km,购入用途,上班,购物,,爱车简评,整体上还是老样子，是我比较喜欢的这种很有都市气息，时尚派的车子。,爱车评价,[最满意],最满意的肯定是它的出行经济性啊，本身就是日系丰田的suv，它的经济性已经是不差了。这一次的油改电以后，更是大大降低了出行成本。也是非常的环保。一直以来丰田在纯电还有氢能源这样的领域里都是发展的非常好的，从十几年前推出了第一款纯电汽车到现在我相信丰田的品质。而且chr本身作为suv它不太害怕改电，电池直接底盘，离地间隙依旧很大，不会担心有通过性不好的问题。,[不满意],不太满意的就是相比于燃油版本，它的价格优势没呢么明显了。更像是一次性把油钱都直接投入到电池上了，虽然我之后的使用成本低一些，但是购车成本明显是高了。它的定位应该是要比chr普通版的要高的。但是相应的科技配置我觉得没有呢么大的一个差异，就只是动力形式的变化比较大，但是这也是我们自己买单的。,[外观],[内饰],外观因为不需要进气格栅的设计，所以这里也是做成了封闭式的。整个前脸看上去比燃油版的更成熟一些，下包围用了很多蜂窝状的结构来增强它的运动感。,整个内饰还是比较高级的，加入了一个全液晶的闲适。还有一个新的b档，更好的动力回收，因为本身它的动力还是很猛烈的，用b档会很舒服。它的中控系统UI的设计不是特别的好。界面显得有点简单了，甚至不如一些国产车的系统好用，而且在和手机的互联上还是不好用，这个问题一日不解决，中控车机永远就是个播放器的作用。,[空间],空间上依旧是tnga架构下的产品，这个车子内部空间表现和chr无二，但是在后排的地台上是更优化了一些。驾驶席的位置还是很充裕的，坐进去以后能感觉到脚是可以随便放的，没有压抑感。整体的驾驶视野还有操作台和座椅的包围感也很好，让我有一个比较强的驾驶信心。,[舒适],舒适性方面因为底盘和悬挂的调校会更好一些。所以它在缓冲的过程中更柔和。在过减速带还有一些相对坑洼的路面时候会表现的更好，底盘重心更低一些。里面的座椅质感也是很不错的，我当时是和老婆一起去试驾的，我们俩都感觉还不错比较舒服。,[动力],chrev的高扭矩带来的就是更强的爆发性，从起步上你就能够感觉到。比起燃油版强的多啊，提速特别的迅猛，我一开始就完全不适应。感觉是过于的灵敏了，这就是我经常挂b档开车的原因。我觉得这台车在市区行驶完全都是性能过剩了，它的高速性能还有加速体验真的很棒，如果你的日常驾驶包含高速路段，真的很推荐你买它，开起来很爽。,[操控],操控上，比较明显的一个提升就是档杆用了一个电子式的，更高级一些。之前我也试驾过chr的汽油版，方向的调校上区别不大。但是chrev的整备质量是更重一些，所以它的悬挂调校也是韧性更强，平时在你转弯的时候几乎感觉不到侧倾。而且坐在里面会很平稳，头部没有晃动的感觉，我以前开车都会有一点晕，因为耳朵半规管比较灵敏。开chrev的时候完全没有这种感觉。,[性价比],价格上来说贵了点，不过综合性价比来看，这台车没有什么短板了。本身在新能源领域里丰田就是非常好的，不管是品质还是性能都很出色。实际的动力表现更是让人特别的惊喜，加上不错的经济性。这台车我觉得非常适合家用，只要你们城市的充电桩建设比较好，那就没有任何问题了。,展开全部
"
    发表于  2020-08    

      
        
    
    
",zmnos8,https://image1.xcarimg.com/attachments/my/0/30/71/476_120.jpg,新手上路,4.75,外观,5,内饰,4,续航,5,空间,4,舒适,5,动力,5,操控,5,性价比,5,购入信息,爱车车型,购入时间,2020/6/1,购车地点,洛阳九州汽车有限公司 [河南省],裸车价格,24.58万  (厂商指导价 24.58万),续航里程,400km,购入用途,购物,接送小孩,跑长途,爱车简评,很愿意拿这个车去和其他的车做对比，因为我觉得这个车的性价比的确是非常高。,爱车评价,[最满意],这个车的动力是非常充沛的，我这个人对于动力的要求还是比较高的。,[不满意],后备箱的空间并没有那么大，我觉得对后备箱的空间的要求还是比较高的。,[外观],[内饰],外观看上去比较大气吧，我觉得这种外观的话是挺耐看的。,这个车刚提回来的时候，在车里面也闻不到什么味道。,[空间],空间就不用说了，从这个车的外部空间就可以看出，这个车的内部空间是非常大的。,[舒适],坐在这个车里面会觉得隔音效果是非常好的，所以整体的舒适性我是觉得很高的。,[动力],后期的爆发力是可以的，我很欣赏这样的动力。因为其实我的个性是非常急躁的，我开车喜欢急加速急踩油门，所以说我对动力的要求是比较高的。我希望我的这个车动力一定是非常充沛才可以的，我不喜欢在路上浪费时间。所以如果说开在路上的话，我经常是喜欢超车的，那么这个车的动力就要满足我的这个需求才可以的。但是恰恰这个车的动力没有让自己失望，确实让自己是非常满意的，所以我开起来也会觉得非常的开心。,[操控],一只手掌控这个车的方向盘完全没有任何问题。操控就不用说了，反正这个车的话我觉得开起来是非常顺手的，的确是没有任何的压力吧。,,,展开全部
"
    发表于  2020-08    

      
        
    
    
",wtlddaey48,https://image1.xcarimg.com/attachments/my/0/30/71/483_120.jpg,新手上路,4.75,外观,5,内饰,5,续航,5,空间,4,舒适,5,动力,5,操控,5,性价比,4,购入信息,爱车车型,购入时间,2020/6/1,购车地点,合肥特优达汽车销售服务有限公司 [安徽省],裸车价格,24.58万  (厂商指导价 24.58万),续航里程,400km,购入用途,上班,购物,接送小孩,爱车简评,综合各方面考量，丰田的这款新能源汽车的性价比还是非常高的，外观和内饰都很符合我的审美，性能方面也丝毫不差，除了空间方面，我觉得这车还是很值得的。,爱车评价,[最满意],随着新能源车不断的发展，也能看得出来，许多人把新能源电动车作为了新的购车选择，包括我也是一样的。首先这个绿牌车不用受制于许多限行政策的限制，而且用车成本更低，实际的这个实用性也会更强一些，开起来也更加舒服，毕竟没有发动机那么大的噪音，总之优势还是挺多的，包括丰田C-HREV身上也是有着这些特质的。当然这个车子的表现也非常突出，颜值非常的高，而且续航能力也非常的强，入手了之后会发现新能源电动车并没有那么麻烦，而且现在的充电桩柱也是比较普及的，这也是未来的一个大趋势，大方向。,[不满意],这个车的空间实用性确实是非常强的，因为也是在很大程度上受到了车身尺寸的限制，包括这个后半部分的车身设计也是对于车子后排的空间有着很大影响的，所以实际的空间表现确实一般般，也并不是很实用的，所以感觉到这台车的空间表现，确实没有我想象中那么的好。还有问题，就是这台车子的价格也确实比较高，虽然说上市时间已经是比较长了，但现在的这个车子的优惠力度也的确是比较小的，而且相比起一些新能源车，C-HREV的这个价格也的确不低呀，其实有时候觉得还没什么，但现在是越想越贵，尤其是和一些车子对比之后。,[外观],[内饰],LED的大灯照明亮度都还OK，而且这个日间行车灯的设计也是非常漂亮的，和这台车子的车身非常的搭配，C-HREV的外观我是特别喜欢的，尤其喜欢它的前脸造型，也喜欢它的轮毂样式，感觉整台车的造型设计都非常有自己的个性，开出去的回头率也是真的很高。,C-HREV的内饰造型的确是没有特别出色的地方，但是我感觉车内的配置和用料都是非常不错的，9英寸的立体式中控屏幕角度会侧向驾驶位一些，这样让我在开车过程中操作起来都是比较方便的，而且车内都是以皮质材料为主，看上去也会比较高端一点。,[空间],在实际的用车过程中，我是真感觉到C-HREV的空间不是很实用，当然也就是受到了车身尺寸的限制，还有就是这个车身的造型也有一定的限制，所以车内的横纵向距离都比较窄小一点，特别是在后排坐三个成年人的情况下不仅腿部拥挤，头顶身体两侧都是很不舒服的，C-HREV还真是适合像我这样的单身贵族去开，一个人用车对空间不挑剔。,[舒适],其实坐我这车还是非常舒服的，车内音响的音质特别棒，而且整台车的隔音也是比较好的，完全可以沉浸在自己的世界中，我买的这一款是没有天窗的，不过平时就我一个人用车，对那个并没有特别严苛的要求，我觉得车子开着舒服就行啦，有没有天窗，对于我来讲也无所谓。,[动力],动力肯定是我的一大要求了，但我也不会苛刻地要求动力有多么厉害，就目前C-HREV的动力表现就挺让我满意的，车子起步和加速都非常轻快，而且就像这种电动车的油门响应是非常积极的，特别是开在市区里每次起步都会比很多燃油车快一点，其实也就是非常适合在市区里通勤的。,[操控],虽然拿驾照的时间已经很久了，但我依然是个新手司机，C-HREV的操控对于我来说都不是很有难度的，我感觉这辆车开起来要容易很多，车身尺寸比较小一点，掉头转弯都很方便，车尾也能完全顾及的到。,[性价比],要是让我评价C-HREV的性价比的话，我还真的不能给满分好评，因为我觉得这辆车的价格有点高，而且上市到现在也有两三个月了，一直以来也都没有什么优惠政策，再说它的定价在新能源车型里边也算是比较高的，虽然说车子的表现也确实是比较出色，比较优秀的，但只是这样一作对比就会感觉到内心有点不太平衡。,展开全部
"
    发表于  2020-07    

      
        
    
    
",vios2003do,https://image1.xcarimg.com/attachments/my/0/30/71/475_120.jpg,新手上路,4.88,外观,5,内饰,5,续航,5,空间,4,舒适,5,动力,5,操控,5,性价比,5,购入信息,爱车车型,购入时间,2020/5/1,购车地点,绵阳百翔汽车销售服务有限公司 [四川省],裸车价格,24.58万  (厂商指导价 24.58万),续航里程,400km,购入用途,上班,接送小孩,自驾游,爱车简评,综合在使用时的各方面表现，我很认可这款车，比我想象的要好。我选车最看重的外观和配置它都很让我满意，作为家用车它是很省钱的。,爱车评价,[最满意],最喜欢的是外观，白车配黑色顶整体看起来更帅一点，车头没有那种丰田车特有的大中网，我反而觉得好看一点，大中网太普遍了。车的安全配置也是可以的，耗电量不高。,[不满意],要说不满意的话就是空间，后备箱口比较大，也深，但乘坐空间就不尽人意了，尤其是后座空间限制。,[外观],[内饰],车身的线条我很喜欢，轮毂的设计也是与众不同的，整个车身看起来特别精巧，我觉得更偏向于年轻一点的运动风。媳妇儿也特别喜欢这辆车。车灯设计：怎么说呢，这两边的LED大灯设计的很斜长，合起来像是一对角，很酷。包括它的照明亮度也很好，夜晚开车会安全些。钣金车漆：车漆我不是多了解，从外观看起来也是很有质感，二十多万的车绝对不是廉价的用料，这点我是很放心的。,黑色的内饰我觉得和白色的车更搭配，经典的配色都是这样的。看起来简简单单的，但是配置很实用，GPS导航实时路况，全液晶的仪表盘和9.0的中控显示屏显得华丽一点。异味异响：内饰没有听到异响，至于新车嘛肯定多少都有味道的，这款车还好味道不大，开窗透透气就好了。内饰材质：二十多万的车内饰做的也和符合这个价位，用料很足，做工细致，不会有十来万车的廉价的塑料感。多媒体：在车里放音乐，音响音质都很满意，中控分辨率高，不会模糊不清。,[空间],空间方面除了后排不是很宽大，没其他毛病。我是177的个子，主驾驶座可以电动调节，找到适合我的位置，头部也还没顶到车顶，腿也伸的开。☆空间设计亮点：座前排座椅背部，四个车门内部还有其他的一些储物格设计的很合理，可以放瓶子或者手机，卫生纸。后备厢容积：后备箱比较深，也能装挺多的东西。如果只是家用的话是够用的，一点也不小。家人乘坐评价：后排坐两个大人一个小孩，横向是可以坐下的，但是大人个子比较高的话伸腿就困难了，只能规规矩矩的坐着。,[舒适],底盘在通过凹凸不平的地面时，人坐在车里也感觉不到多大的晃动。车子目前还没有发现什么噪音问题，开车的时候很静，坐在车里感觉很舒服的。座椅舒适性：座椅很厚实，还是皮的，包裹性好，长时间驾驶的话它能很好的支撑身体，不会感到太疲劳。车内噪音：电动机噪音特别微弱，不值一提，高速开车的还风噪有一点大，我个人认为也是合情合理的。,[动力],之前从来没开过纯电动的车，这款车给我的感觉还是很好的，比之前开的燃油的国产车还要好点。起步很轻快灵敏，提速给力，一些凹凸不平或者堵车的路况表现的也让我很满意，跑高速：跑高速的时候发现它和燃油的车还是有点差别的，开着它时速到100左右就显得有点弱了，这也跟电量有关系。,[操控],对于它的操控我认为完全不用担心，安全配置该有的也不少，在开车的时候让人很省心，车身尺寸也不大，刹车很灵，感觉不到笨重，也能很好的保证人身安全。☆车道保持辅助系统：有一次工作需要跑高速，可能有点疲劳了，没有意识到偏离了车道，这个功能就可以自动轻微修正，确实让人很轻松很放心。方向盘操控感：方向盘是比较轻的，转动的时候很灵活，一点也不沉重。,[性价比],购车：买车的时候可能由于是没上市多久的新车吧，没有太多优惠，但是销售小哥的态度确实很好，很耐心热情，我也就没啥不高兴的了。,展开全部
"
    发表于  2020-07    

      
        
    
    
",goldendavide,https://image1.xcarimg.com/attachments/my/0/30/71/469_120.jpg,新手上路,4.88,外观,5,内饰,5,续航,5,空间,4,舒适,5,动力,5,操控,5,性价比,5,购入信息,爱车车型,购入时间,2020/6/1,购车地点,成都安利捷汽车销售服务有限公司 [四川省],裸车价格,24.68万  (厂商指导价 24.58万),续航里程,400km,购入用途,上班,购物,,爱车简评,我喜欢的我就觉得性价比封顶，价格合适，而且续航里程特别的不会让你有太多充电的烦恼。还有丰田不错的口碑，安全配置各方面这些都不用多说，所以性价比你自己看。,爱车评价,[最满意],对于我们年轻人来说，选车的第一要素就是外观，这辆车的外观设计是完全对我的口味儿，设计的十分的新颖，显得特别的运动，又特别的可爱，圆润的车头加上低底盘，还有盗贼型的尾灯，看着特别的有辨识度。没有像路上的车那么的平庸，一眼就能看出来。感觉再多开几年都不会落后。另外一点就是动力非常的凶猛，由于它是电机起步特别的安静，推背感特别的强，一辆电动车给了你100万跑车一样的推背感，我觉得这是让我非常意外的。,[不满意],总体来说，开了1000km左右还不算特别长，所以对我满意的地方。也基本上说不出来，直观上说，后排空间会稍微小一点，坐三个人的话可能会挤一点，目前也没有做过那么多人，已经车子本身就小嘛，上下班开的也没指望他拉过多少人，其他的倒觉得还可以，毕竟新车嘛，还是挺喜欢的。,[外观],[内饰],外观是我选择它的一个重要的因素，设计的特别的时尚，而且有个性，在路上开着特别多有辨识度。我还是觉得年轻人买车就要买的有个性一点，不要买那种中规中矩的，像个中老年人开的车一样。这样才符合我们年轻人的品味，也是一个陪着我的一个小家，所以一定要好看！,内饰总体还算满意，设计的风格属于那种比较简朴的没有那么多的华丽而不实的东西，所有的设计都是恰到好处，刚刚够用，所以一点多余的东西都没有。这一点还是比较符合我的审美的，我不喜欢太多杂杂乱乱的东西。，显得特别的廉价，这样的话会用的更久一点。不会太掉队。做工也很好，细节能看出来，设计都特别的用心，摸起来手感也是很好的，颜色搭配的也非常的有感觉，有想法。还有一个就是一会儿，稍微有一点点，但不算特别的大，觉得还可以接受，应该再过一段时间就没有了。,[空间],空间，我感觉前排挺宽敞的，前排还是有一定优势的。后排空间可能会稍微劣势一点，不过平常后排做的人比较少使用的。也没有特别在乎过后排空间，不过如果你经常满载的话，后排空间要考虑一下。如果是上下班开这辆车的空间还是足够的。后备箱和储物空间，我觉得也刚好够用，算不上特别宽敞，但是挺合理的，日常使用没有觉得有什么不够用的。,[舒适],这是一台小型SUV的舒适性我还挺满意的，座椅包裹性特别的好，开车的时候一点都不会累，感觉人车合一的感觉。而且由于是电动机嘛，也特别的干净车里面。在市区开的时候特别的惬意，放一点音乐，开着空调，与外界隔离一样，再加上它凶猛的动力，驾驶着它简直不要太爽。,[动力],这是我的第一辆电动车，也是我第一次开电动车，动力确实让我很意外，因为原来开燃油车动力会有一些迟钝，而且需要高转数来拉，他才有推背感。而这辆电动车不一样，起步特别的凶猛，而且特别的安静，超车什么的感觉一点问题没有，在路上基本上能干倒99%的车。,[操控],因为车身比较小，所以操控起来会相对的要好一点，特别的精巧，尤其是转弯的时候转弯半径特别的小。停车的时候也特别的方便，你基本上一把就可以倒进去了。底盘调教的也相对可以，虽然是电动车吧，但是依然调教的特别扎实稳重，没有一点飘的感觉，我觉得跟燃油车的操控性没有什么很大的区别。,,,展开全部
"
    发表于  2020-07    

      
        
    
    
",babyzzs16,https://image1.xcarimg.com/attachments/my/0/30/71/477_120.jpg,新手上路,4.75,外观,5,内饰,5,续航,5,空间,5,舒适,4,动力,5,操控,5,性价比,4,购入信息,爱车车型,购入时间,2020/7/1,购车地点,合肥特优达汽车销售服务有限公司 [安徽省],裸车价格,24.58万  (厂商指导价 24.58万),续航里程,400km,购入用途,上班,购物,跑长途,爱车简评,开习惯就好，我觉得操控是不错，方向盘没有虚位，转弯时指向很精准。,爱车评价,[最满意],最满意的就是外观非常好看，车身线条流畅，外表看起来很大气，车头前脸的造型比较独特，辨识度也高。,[不满意],最不满意的就是后悬架有点偏硬，带点小坑洼的路段开着颠簸感比较强，有总摇摇车感觉。,[外观],[内饰],外观上很大气，车头设计的非常时尚，开着很有运动感。,内饰设计中规中矩的，现在基本上都是多功能方向盘设计，操作起来方便一点，还有中控屏幕可算是大气了一次，屏幕大看着档次高。,[空间],空间还可以，前排的主副驾位置都很宽敞坐着没有一点压抑感，后面坐个三个人头部腿部的空间都还比较大，至于后备箱来说一家人出行肯定是足够了。,[舒适],舒适性也高，座椅的材质用料很好，乘坐舒适感很高，空调效果也不错，制冷还是杠杠的，这个天开着都不愿意下车，就是后悬架偏硬，开烂路的颠簸感很强烈。,[动力],提速很有激情感，可以说推背感十足，市区起步我基本上都是在前面，超车的时候也是很轻松没有一点压力感。,,,[性价比],性价比还可以，要是价格上来一点实质的优惠就比较完美了。,
"
    发表于  2020-07    

      
        
    
    
",leadercwm9,https://image1.xcarimg.com/attachments/my/0/30/71/471_120.jpg,新手上路,4.75,外观,5,内饰,5,续航,5,空间,4,舒适,5,动力,4,操控,5,性价比,5,购入信息,爱车车型,购入时间,2020/7/1,购车地点,成都安利捷汽车销售服务有限公司 [四川省],裸车价格,24.56万  (厂商指导价 24.58万),续航里程,400km,购入用途,上班,购物,接送小孩,爱车简评,在我来看的话性价比还是挺高的，我觉得这个价钱买到这个配置的新能源车还是很值的。,爱车评价,[最满意],最满意的地方就是它的外观了吧，设计很新颖，完全没有以往SUV的厚重感，看着特别轻盈，运动感很强，很适合年轻人开~前脸设计很讨喜，又酷又可爱，特别喜欢这款的设计，开出去倍儿有面子！其实我个人比较喜欢SUV，也说不上来为什么，就是感觉靠得住，实实在在的，没什么花架子。然后这款是个小型的SUV，看上去要比以往的车型要小巧玲珑一点，不像那种大型的SUV，看上去就很重很难操控的样子，平时我开的话也会比较方便。还用他的电耗和续航也都比较满意。续航能力和官方给出的数据出入不大，基本上夏天开着空调的话，充一次电能跑350公里左右，日常生活绝对够啦。,[不满意],目前要说什么不满意的地方就是它的后排空间比较小，就是不光后排，还有后备箱的空间也不算很大。上个星期我们一家三口去山里自驾游了，带了不少行李，出去一趟，总体感受就是这个后备箱的储物能力很一般。后排的局限性比较强，基本上就明确限定了是家用了，我老公182cm，后排坐进去空间就有点局促了，想买这款的朋友可以考虑一下自己的空间需求，如果就只是上下班自家开一下的话，这个空间还是可以的，其他用途就不太行了。,[外观],[内饰],我最满意的就是这个外观了，整体设计很个性很有风格。不光车头，车尾看上去很有设计感，层次感很强。看脸的社会，买车也要看颜值的~车好看的话，开车出去心情都变好了！,内饰做工用料都很精细，缝合走线都没有什么线头。中控大屏有九英寸，功能很齐全。方向盘也是真皮的，握上去手感非常舒服，看着就很上档次。☆内饰设计风格：内饰的整体风格是属于商务简约挂的，没什么花里胡哨的设计，很大气耐看的类型~,[空间],C-HREV在空间方面确实是不占什么优势的，这辆车除了前排驾驶位，别的空间都不算特别宽敞。不过我们家平时就是老公开车我在副驾驶，儿子坐后座，或者我开车儿子坐副驾，不管怎么折腾，只是家用的话空间都是比较充足的。如果有其他需求，或者是喜欢自驾游，带很多行李装备的就另当别论了~,[舒适],舒适性我还是非常满意的，就这辆车的隔音做的很好，在车里基本上听不到什么噪音。而且座椅是真皮的，坐着也很舒服，还有腰部支撑，虽然说不会开着这辆车去跑什么长途，不过有这个功能坐久一点儿也不会很累。,[动力],动力方面的话，我觉得没有什么可以挑剔的地方。在市区里面开动力还是比较充沛的，加速动力很强劲，背推感很强，基本没什么毛病。过立交桥要上坡的时候，坡道起步也很迅速。以前没开过新能源车，这回体验了一把才发现了一点小问题，原来它的动力和电池电量挂钩的哦？和电瓶车一样，电量充足的时候动力也很足，但电池电量不足的时候，动力自然而然的就会弱一点。,[操控],因为车身尺寸比较小嘛，所以灵活度很高，感觉非常容易上手，也很好操控，基本上女生来开的话也不会有什么困难。它还有很多辅助配置，有三种驾驶模式，可以适应不同路况，全速自适应巡航系统在开车的过程中也轻松不少。而且C-HREV的底盘也特别扎实稳重，就算上高速也不会感觉飘。,[性价比],毕竟现在新能源技术还没有那么普及，路上还是燃油车的比较多，新能源的车普遍都稍贵一点也可以理解。,展开全部
"
    发表于  2020-07    

      
        
    
    
",goldenlifedm,https://image1.xcarimg.com/attachments/my/0/30/71/474_120.jpg,新手上路,4.75,外观,5,内饰,5,续航,5,空间,5,舒适,5,动力,4,操控,4,性价比,5,购入信息,爱车车型,购入时间,2020/7/1,购车地点,唐山中润汽车销售服务有限公司 [河北省],裸车价格,24.38万  (厂商指导价 24.58万),续航里程,400km,购入用途,上班,购物,,爱车简评,内饰还是一如既往的简约，连燃油版CHR中控上面的贯穿蓝色装饰带也都去除了，仪表换成全液晶的了，可以显示的信息更加多了，科技感更强一些。,爱车评价,[最满意],像我们年轻人嘛，对于车的外观都是非常在意的，CHREV这款车虽然不是什么豪车，比不上特斯拉、蔚来这种级别的车，但是颜值也是非常高的，饱满圆润的车头，加上低底盘、大遛背，车的时尚感很强，不是豪车胜似豪车，之前在外观上是不逊色的。还有就是性价比很高，我买的尊贵版，价格上来说没有多少优惠，但是送的服务比较到位哦，首先是C-HREV用车服务政策比较好，3年10万公里是可以整车保修、8年20万公里是可以三电系统保修、而且还有电池方面，也是10年不限里程的电池无忧服务，买车的时候4s店还送了3次保养，地垫、贴膜等车用品能送的都送了，当然还有2500元的充电补贴（因为我放弃了赠送充电桩），送的东西很全了，销售小姐姐的态度还忒好，服务这块十二分满意！,[不满意],买车回来就没出过城，前两天去了临县特意上高速测试了下高速驾驶的动力怎么样，结果和预料的差不多，速度80以上动力就显得有点跟不上了，60往上加速的推背感明显减弱，速度快了之后的动力和燃油车还是没法比的。另外续航里程还有点短，按照官方400公里的数据，正常实际开的话，开个空调啥的，能跑个360公里左右就差不多了，跑个临县高速还勉强凑合，再往远了跑续航就更不上了。,[外观],,外观上比起燃油版本CHR，主要在车头进行了修改，少了点攻击性，多了一丝温馨，还是蛮符合新能源车的定位的，外观上也是可以选撞色车顶的，但是要提前订，等车时间也得推迟很久，最重要的还要加钱，所以我也没选装了。,,[空间],空间上不说很大吧，但是至少应付三口之家是没问题的，毕竟定位还是紧凑型的车，后排的空间肯定不够大的，这也是可以理解的，现在我也才刚结婚，短时间也没有要小孩的想法，载我们两人空间是绰绰有余的啦。,[舒适],座椅支持四向调节的，额外还多了腰部调节，其他人舒服不舒服不知道，但是对于腰椎间盘突出的我来说，这种贴身的支撑比起腰枕来说舒服多了。车内噪音：少了发动机的轰鸣声，胎噪的声音听得更加清楚了，一般市区开也不是很大，放点轻音乐就能盖住，比起我朋友的燃油版本，那是要安静的多了。,[动力],在市区开的时候，动力来的很直接，油门踏板踩下去，动力几乎是零延迟，我感觉比我以往开的任何一台车起步都要暴躁。不过后程的动力就很一般啦，尤其是跑高速，想要保持在速度80以上跑，超过60提速明显就变慢，动力储备的后劲不足，也就最适合在市区跑啦。,[操控],这车开起来特别轻松，首先方向盘就很轻，转向精准半径也小，我试过转90度的弯，还有就是原地掉头，都是轻轻松松就能搞定，车子小但是加上电池的重量，整个车的底盘非常稳，转弯侧倾基本感受不到。☆自适应巡航：巡航功能只在高速上开过一次，以前只开过定速巡航的，对于自适应巡航还不是很习惯，网上车友说市里跑也能开（低速跟车功能），但是毕竟车多怕出事，还是相信自己双手啦！以后再慢慢研究吧。,[性价比],这车的后期维保的服务比较丰富，特别是20万公里的三电系统保修，毕竟现在新能源技术还不能说是完全成熟，电池的保修政策也算是给了一颗定心丸吧！,展开全部
"
    发表于  2020-07    

      
        
    
    
",lk933705aw16,https://image1.xcarimg.com/attachments/my/0/30/71/468_120.jpg,新手上路,4.63,外观,5,内饰,4,续航,5,空间,4,舒适,4,动力,5,操控,5,性价比,5,购入信息,爱车车型,购入时间,2020/6/1,购车地点,河南鑫宝汽车销售服务有限公司 [河南省],裸车价格,24.58万  (厂商指导价 24.58万),续航里程,400km,购入用途,上班,购物,接送小孩,爱车简评,尤其是在一些一二线城市来说，买新能源车特别的省事，并且这款车的配置在新能源车当中可以说是翘楚，电池有对应的保修政策，续航里程高，除了后排车窗有点鸡肋外，其他都很不错。,爱车评价,[最满意],最满意的就是车子的外观，我觉得这款车绝对是新能源车界最好看的车子，时尚大方，线条有力量感，尾部造型就像跑车一样，整体辨识度很高，看了很多的新能源车能一眼就抓住我眼球的就只有这辆车了，试驾体验感很好，虽然是新能源车，但是完全没有起步肉或者是提速慢的问题，续航里程够用，完美的解决了我的续航的焦虑，充电的真的比加油的省钱很多，上下班在市区开非常的划算了，优点真的非常多，买新能源车还有各种补贴，上牌也比较容易，真的是觉得自己买对了。,[不满意],不满意的就是虽然买的版本不是低配版，但是还是觉得内饰稍微差了一点，有点对不起这个价格，要是能把内饰做的更好更有质感，那简直是一辆完美无缺的车子了，另外就是后排的车窗和燃油版的车窗一样有点小，还好基本就是自己在用车，后排大多数时候没有人坐，其他的大问题是没有的，总体我是非常喜欢的。,[外观],[内饰],外观设计非常的符合我的审美，年轻大气，力量感强，无论是车头还是车尾都有一些别出心裁的设计，使得车子整体的辨识度很高，非常适合像年轻人开，腰线设计很有特点，车灯更是加分项，夜晚够亮，安全指数高，造型好看，棱角分明的，车子车漆肉丸看来挺扎实的，黑白色搭配出来的效果真的很惊艳。,内饰风格简约大气，材质整体看起来很协调，就是在手感上差了一点，希望内饰用料可以再走心一点，没有异味和异常响动，质量很可靠，仪表盘字体够大，可读性强，中控屏幕触控灵敏，反应很快。,[空间],车子绝大多数时候只有我自己开着上下班，所以前排的空间对我来说绰绰有余，很大，开的时候很爽，车身的内部空间宽，顶部高，坐在驾驶座上视野开阔，心情舒畅，后排空间够用，三个人有点挤，两个成人是合适的，但是因为车窗的关系，显得后排的空间有点压抑，前后排的间距舒展腿部是可以的，后备箱容量挺大，开口大，深度够，后排座椅放倒也能增加容量，很实用。,[舒适],座椅的材质透气性很好，填充物柔软，够宽够大的同时包裹性又很好，能给到人体一个非常好的支撑力，长时间驾驶也不会觉得太难受，车子本身开起来就非常静音，外部的隔音做的也不差，无论是高速还是市区内，车内噪音都很低，空调的风力够大，出风口设计合理，车子处理颠簸的能力很强，车身晃动幅度小，行驶舒适性高。,[动力],在城市里面开，动力表现是完全够用的，开起来和燃油版的车没啥区别，提速很快，加速没有卡顿，整个过程非常的流畅，变道超车都很有信心，目前跑高速还是比较少，但动力也是够的，起步也快，刚拿到驾驶证的新手也能轻松开上路。,[操控],车子的操控可以说是非常的先进，是我接触到的最人性化的操控了。方向盘灵敏便捷，指向精准，转向轻松，非常好掌控，方向盘上的按键很实用，能让我更好更专心的开车，安全度更高，底盘不算低，很稳，过减速带还是很可以的，刹车或者是起步的时候响应很快，辅助驾驶系统很完美，在新能源车当中应该算是最好操控的了。,[性价比],我认为车子的性价比还是很高的。,展开全部
"
    发表于  2020-07    

      
        
    
    
",ladlad1,https://image1.xcarimg.com/attachments/my/0/30/71/467_120.jpg,新手上路,4.63,外观,5,内饰,4,续航,5,空间,5,舒适,5,动力,5,操控,3,性价比,5,购入信息,爱车车型,购入时间,2020/7/1,购车地点, [云南省],裸车价格,24万  (厂商指导价 24.58万),续航里程,400km,购入用途,上班,购物,自驾游,爱车简评,外观一眼看上去就是很吸引人，很帅气，很酷的类型，我一眼就爱上了，特别是车子的前脸设计，时尚又酷炫，非常喜欢！,爱车评价,[最满意],车子的外观真的很好看，往外面一停就吸引了很多的目光，很多朋友也非常喜欢我的车，一些没买车的朋友向我打听，挺感兴趣的。我的家人也说车子坐着很舒服，空间又大，座椅又软，噪音小，空调很舒服，还有音响的音质很好，总之家人很喜欢，我也很喜欢！而且车子的续航里程超级能扛，根本不需要每天都充电，刚买车回来的时候我特意把电耗尽才充的第一次电，整整一个礼拜才把电给耗尽，当时我也很意外，觉得不可思议。最棒的是车子有还有快充功能，有时候着急出门又忘记充电就用快充，充电很快，很方便的！,[不满意],我觉得车子真的是很不错的，但是要挑毛病的话，我也还是有一点想要吐槽，那就是车子的气味有点大，特别是刚买车那一阵儿，还好是夏天不冷，那段时间都是开着车窗的，一关车窗就很闷，后来洗了几次车，又用了清新剂、活性炭什么的，才勉勉强强能接受。希望过一段时间，气味就能消失吧。还有一点，有一次刚好出门的时候碰到下雨，路面很滑，没注意减速，车子打滑了一下，还好没什么事，感觉车子在雨天气应该要比较小心驾驶，减速慢行！,[外观],[内饰],车子的座椅的软硬程度刚刚好，不多也不少，座椅的包裹性特好，坐下去特别舒服。车子的噪音很小，避震效果好，很舒适，一般感受不到震感。,我觉得内饰还不错，做工很好，很精巧的样子，摸起来手感也是不错，而且颜色搭配的很有感觉，视觉效果也不错，挺满意的。新车有异味，这点是不怎么喜欢啦！,[空间],车子的空间又大又舒服，是一辆SUV，特别是后排座椅，坐三个大人也很轻松，家人评价也是很满意啦！,,,[动力],车子是纯电动的，提速真的很快，比我哥的汽车还快，而且发电机运作的声音很小，坐在车里挺安静的，动力很足，爬坡啥的没问题啊。,[操控],车子的操作手感很好，方向盘很稳，指哪打哪没有虚位，唯一的缺点就是下雨天气感觉容易打滑，轮胎的抓地力不怎么好,[性价比],车子的性价比总的来说还是不错的，车子的舒适性很好，而且电耗不高，一个月用不了多少电，很省钱，很适合家用。车子的外观很好看，我真的很喜欢、很满意！我的家人也非常满意。,展开全部
"
    发表于  2020-07    

      
        
    
    
",ruanwjfw78,https://image1.xcarimg.com/attachments/my/0/30/71/465_120.jpg,新手上路,4.75,外观,5,内饰,5,续航,5,空间,4,舒适,5,动力,5,操控,4,性价比,5,购入信息,爱车车型,购入时间,2020/7/1,购车地点,合肥特优达汽车销售服务有限公司 [安徽省],裸车价格,24万  (厂商指导价 24.58万),续航里程,400km,购入用途,上班,接送小孩,跑长途,爱车简评,性价比还是可以的，这个价格的车子能有400公里的续航能力已经非常棒啦！对这台车还是挺满意的,爱车评价,[最满意],我比较满意的是续航能力，基本上一个星期充一次电，还有就是我觉得车子的外观非常好看，特别是车子的舒适性很好，家人都说车子坐起来很舒服。出去到一个不熟悉的地方车子快没电了也不用担心，可以搜索附近的充电桩，只需要一个吃饭的时间，就可以充很多电足够到达目的地。这一切都远比我想象中好得多得多，非常满意了。,[不满意],这车我觉得空间感觉是比较小的，特别是后排空间坐人比较拥挤，前排还可以，后备箱也比较小，还有就是方向盘有点虚位，其他的我觉得还可以的,[外观],[内饰],非常喜欢车子的外观，当初也是一眼就看上了，感觉非常时尚，车身线条非常的流畅，感觉很符合我们年轻人的审美啊！车子的轮毂挺大的，也很好看。车子开出去，回头率还是挺高的，但是挺有面子。,我觉得车的内饰挺好看的，风格也很简约大方，配色也是很得体，类似的材料很不错，做工很精细，摸起来手感也很好，每一个细节都处理的很不错。特别是中控大屏，我特别喜欢，很智能，很先进。新车的异味倒不是很大，还是能够接受的。车子是没有异响的，整个行驶过程都挺安静的，感觉买对了！,[空间],车子的空间中规中矩吧，不过够用毕竟家里只有两个人后排基本用不到，也只是觉得后排比较拥挤而已,[舒适],车子的舒适性真的是很不错，不仅噪音小，而且避震性能是真的很不错，车子的座椅也很舒服，舒适度刚刚好，不软也不硬的，包裹性也非常不错，家人评价也都非常的不错，他们也挺喜欢这个车子的，而且真的很凉快，很舒服，夏天开空调是非常舒服的，也是一件很幸福的事情,[动力],它的动力是非常强劲的，它的输出也很平顺，发动机声音也很小，加速也很快，平常超车也没有问题，特殊路况也能驾驭，跑高速的时候非常的快，而且不费力，感觉经济模式提速给力啊，运动模式的推背感也十足，纯电机驱动在中后段加速略显疲惫了，不过还好吧，没有很大影响，总体来说非常不错。,[操控],除了方向盘有点虚位之外我觉得车子没啥问题的，底盘非常结实！,,,展开全部
"
    发表于  2020-06    

      
        
    
    
",xuser1857210,https://image1.xcarimg.com/attachments/my/1/84/72/102_120.jpg,三星会员,4.13,外观,4,内饰,4,续航,4,空间,4,舒适,4,动力,5,操控,3,性价比,5,购入信息,爱车车型,购入时间,2020/3/1,购车地点,大连天久汽车服务有限公司 [辽宁省],裸车价格,21万  (厂商指导价 23.28万),续航里程,400km,购入用途,上班,购物,接送小孩,爱车简评,外观大气，空间宽大，较老款乘座舒适性有很大提高，驾驭起 来底盘扎实，提速较快，新平台，新技术。做工精致，用料考究。,爱车评价,[最满意],外观大气，空间宽大，较老款乘座舒适性有很大提高，驾驭起 来底盘扎实，提速较快，新平台，新技术。做工精致，用料考究。,[不满意],车漆脆弱的很，有树枝指甲等轻微的划蹭就能留下痕迹，让我开车和停车都格外小心，也许是比较在乎新车的原因,[外观],[内饰],外形硬朗，尺寸加大，更具视觉冲击力， 加长车身更显修长，前脸拉宽的感觉更具攻击性。,内饰很中庸，没什么特点。但是时间长了也不会审美疲劳，简单的才是最耐看的。我选的黑色内饰，本以为耐脏，可是一有了土，还是很明显的,[空间],空间]空间不错，前排舒适梅后排也很宽敞。家人长时间乘坐也不觉得太累。真的很大,[舒适],椅面中等偏硬，坐上还算舒服，跑过几次小长途，腰部支撑还可以，没感觉想腰酸背痛的感觉。,[动力],起步慢些，但是关了节能还是可以冲出去的，发动机真不错，一种极为顺畅的线性加速，不知不觉中就60码以上，赶紧丢油门降速度,[操控],表现可以说中规中矩，如果起步稳定匀速加油，还是能比同类型其他车辆提速快一些。如果一脚地板油，车子的反应会有延迟半秒的反应时间，然后发动机转速急剧提升,[性价比],配置不鸡肋，都是实用的东西，空间够大，装人装货都够用。 车身扎实稳重，一体感很强,展开全部
"
    发表于  2020-06    

      
        
    
    
",xuser1856935,https://image1.xcarimg.com/attachments/my/1/84/69/355_120.jpg,三星会员,4.25,外观,3,内饰,4,续航,4,空间,4,舒适,4,动力,5,操控,5,性价比,5,购入信息,爱车车型,购入时间,2020/3/1,购车地点,上海美兰汽车销售服务有限公司 [上海市],裸车价格,22万  (厂商指导价 23.28万),续航里程,400km,购入用途,接送小孩,,,爱车简评,对断巴鲁这个品牌一直都是很有好感的，虽然品牌很小众，但是他的全时四驱，水平对置发动机，都是非常吸引我的，价格也很实惠，而且还是纯进口的车型。,爱车评价,[最满意],最满意这个车的性能非常好，动力输出也很平顺，四驱系统表现很出色，油耗表现也很不错。,[不满意],不满意这个车的内饰用料非常一般，不如同价位的竞争对手豪华。4S店比较少，后期维修保养不是很方便。,[外观],[内饰],外观设计很有战斗气息，塑料的全身包围很有质感，很有旅行范，车子的设计风格很耐看，开出去回头率很高。,内饰设计风格十分简约，用料的话很一般，钱都花在硬件里面了，内饰的功能性设计很不错，各功能分区明显。,,,[舒适],舒适性表现非常不错，座椅柔软舒适，皮革很柔软，底盘减震很积极，车内隔音效果也比较安静。,[动力],2.5升的水平对置发动机，动力输出以平顺性为主，并不会像涡轮增压发动机那么暴力，日常使用非常不错，开起来很舒服。,[操控],操控性能非常好，水平对置发动机让车子重心很低，高速过弯非常稳，而且还有四驱系统，非常扎实。变速箱换挡也是很平顺。,[性价比],对于一台纯进口的车型，我认为傲虎的性能相较它的价格实在是性价比高,展开全部
"
    发表于  2020-06    

      
        
    
    
",xuser1856621,https://image1.xcarimg.com/attachments/my/1/84/66/213_120.jpg,三星会员,4.38,外观,4,内饰,4,续航,4,空间,5,舒适,4,动力,4,操控,5,性价比,5,购入信息,爱车车型,购入时间,2020/3/1,购车地点,青岛瑞铂汽车销售服务有限公司 [山东省],裸车价格,15万  (厂商指导价 23.28万),续航里程,12km,购入用途,上班,购物,接送小孩,爱车简评,前后主副气囊，还有膝盖气囊，安全性上更偶保障；倒车雷达和全景影像是必备的，毕竟对于一台大车，多个辅助心里更踏实。,爱车评价,[最满意],双擎动力的车子是现在选车的一个潮流趋势，纯电动的车子在跑长途的时候不太合适，有可能会出现电力不足的情况。而双擎的动力既能满足省油的需要，又能解决电力不足的麻烦。我觉得丰田的品牌口碑比较不错，而这台车子的性价比也非常高，平时保养很省钱，电池的质保时间也很长，让我觉得很放心。,[不满意],整车表现都很不错，挑不出来太大的问题，可能就是在内饰方面觉得不够时尚化，另外材料上稍稍有一些低端。,[外观],[内饰],在外观上的设计我还是挺喜欢的，感觉时尚感还是很强的，在前脸的设计上也比较精致，LED的灯组造型上很精美，日间行车灯的样式也比较新颖，整车的线条也比较顺畅。外观跟美式的肌肉皮卡车差不多，车头十分唬人，大大正正的大灯更是增添不少的方正魁梧感,内饰方面感觉不是很完美，塑料的材质比较多，稍显的低端了一些，和国产车没法比，按照这个价位选国产车的话，内饰应该都是软包了。方向盘的握感还是很大众的，毕竟都是同款，我觉得有点细，更这粗狂的途昂风格有点不搭，不够爷们有点小奶狗的感觉，内饰再营造干上大量采用横向拉伸，使原本就很宽的途昂，视觉显得更宽敞，整个内饰十分耐看，并没有什么的激进的设计，这点非常棒,[空间],后排腿部空间十分充裕，但没有那种变态大得程度，反而是觉得座椅的座垫有点小啊，靠背也是，既然途昂的尺寸这么大，我觉得完全可以说做大做后，去匹配，坐的舒服是真切影响乘客感受，而腿部空间够用就好，没有必要做成噱头。,[舒适],感觉处理得很厚实，再快速过减速带，会觉得很硬，大众车给我的感觉就是这样，硬中带软，相辅相成,[动力],买了也不是很久，我都是很温柔开，非运动模式下，油门反应本来就不快，而且在2吨多的途昂身上明显拖慢了，先都是放S当开，那种动力放映迅速，更让我我觉得它动力更充沛，至于油耗就有点多了，真想买这个车的，真的不要奢望油耗能降降,[操控],在操控上手感不错，方向盘的大小合适，而且转向精准，开起来完全没有松散的感觉。方向盘的大小合适，而且转向精准，开起来完全没有松散的感觉。,[性价比],双擎动力的车子是现在选车的一个潮流趋势，纯电动的车子在跑长途的时候不太合适，有可能会出现电力不足的情况。而双擎的动力既能满足省油的需要，又能解决电力不足的麻烦。我觉得丰田的品牌口碑比较不错，而这台车子的性价比也非常高，平时保养很省钱，电池的质保时间也很长，让我觉得很放心。,展开全部
"
    发表于  2020-06    

      
        
    
    
",xuser1856621,https://image1.xcarimg.com/attachments/my/1/84/66/215_120.jpg,三星会员,4.38,外观,4,内饰,5,续航,4,空间,5,舒适,4,动力,5,操控,4,性价比,4,购入信息,爱车车型,购入时间,2020/3/1,购车地点,上海美兰汽车销售服务有限公司 [上海市],裸车价格,35万  (厂商指导价 23.28万),续航里程,11km,购入用途,上班,购物,接送小孩,爱车简评,毕竟对于一台车，多个辅助心里更踏实。有点遗憾 是自适应巡航还是没有，至于上坡辅助和自动驻车是标配，陡坡缓降我就用过几次，真心好用,爱车评价,[最满意],优点：外形特别，颜值够，前脸端庄大气，价格也是便宜实用，不用车主操太多的心去。,[不满意],空间一般般，头部好像有点紧,[外观],[内饰],外观帅气时尚，老婆很喜欢，我也挺喜欢的,内饰也是很特别，独特的设计风格，好看，高级，手感挺好,[空间],空间一般般，跟同价位比较没有优势，后排腿部中规中矩,[舒适],适性没问题，除了空间比较一般，以他整体舒适性来看都挺好。无论是过坎什么的，感觉处理得很厚实，再快速过减速带，会觉得很硬，车给我的感觉就是这样，硬中带软，相辅相成，我开了这么久也习惯的，这种调教是我觉得，并不是在开一辆大车，过弯驾驶仍然很轻巧,[动力],起步稳，完全够用，暂时没有什么不满意的，平常都还好的,[操控],操控稍有点虚位，方向盘不重，好操控，转向和悬挂都不错,[性价比],后主副气囊，还有膝盖气囊，安全性上更偶保障；倒车雷达和全景影像是必备的，毕竟对于一台车，多个辅助心里更踏实。有点遗憾 是自适应巡航还是没有，至于上坡辅助和自动驻车是标配，陡坡缓降我就用过几次，真心好用,展开全部
"
    发表于  2020-06    

      
        
    
    
",xuser1856621,https://image1.xcarimg.com/attachments/my/1/84/66/212_120.jpg,三星会员,4.38,外观,4,内饰,5,续航,4,空间,4,舒适,5,动力,5,操控,4,性价比,4,购入信息,爱车车型,购入时间,2020/3/1,购车地点,福建嘉利德斯汽车贸易有限公司 [福建省],裸车价格,20万  (厂商指导价 23.28万),续航里程,12km,购入用途,上班,购物,接送小孩,爱车简评,外观大气，空间宽大，较老款乘座舒适性有很大提高，驾驭起 来底盘扎实，提速较快，新平台，新技术。做工精致，用料考究。,爱车评价,[最满意],外观大气，空间宽大，较老款乘座舒适性有很大提高，驾驭起 来底盘扎实，提速较快，新平台，新技术。做工精致，用料考究。,[不满意],车漆脆弱的很，有树枝指甲等轻微的划蹭就能留下痕迹，让我开车和停车都格外小心，也许是比较在乎新车的原因,[外观],[内饰],外形硬朗，尺寸加大，更具视觉冲击力， 加长车身更显修长，前脸拉宽的感觉更具攻击性。,内饰很中庸，没什么特点。但是时间长了也不会审美疲劳，简单的才是最耐看的。我选的黑色内饰，本以为耐脏，可是一有了土，还是很明显的,[空间],空间不错，前排舒适梅后排也很宽敞。家人长时间乘坐也不觉得太累。真的很大,[舒适],椅面中等偏硬，坐上还算舒服，跑过几次小长途，腰部支撑还可以，没感觉想腰酸背痛的感觉。,[动力],起步慢些，但是关了节能还是可以冲出去的，发动机真不错，一种极为顺畅的线性加速，不知不觉中就60码以上，赶紧丢油门降速度,[操控],表现可以说中规中矩，如果起步稳定匀速加油，还是能比同类型其他车辆提速快一些。如果一脚地板油，车子的反应会有延迟半秒的反应时间，然后发动机转速急剧提升,[性价比],配置不鸡肋，都是实用的东西，空间够大，装人装货都够用。 车身扎实稳重，一体感很强,展开全部
"
    发表于  2020-05    

      
        
    
    
",xuser1855955,https://image1.xcarimg.com/attachments/my/1/84/59/553_120.jpg,三星会员,4.38,外观,4,内饰,4,续航,5,空间,5,舒适,4,动力,5,操控,4,性价比,4,购入信息,爱车车型,购入时间,2020/3/1,购车地点, [宁夏省],裸车价格,22.3万  (厂商指导价 22.88万),续航里程,380km,购入用途,上班,购物,,爱车简评,最不满意的地方就是后备箱小了点，平时自己爱运动，装点衣服装备什么的，就放不下啥了，今后结婚有小孩儿了，难道又要换车不成？,爱车评价,[最满意],家里有台老爸的老款凯美瑞，自己没事也在开，比较老气横秋。在到了自己买车的时候，老爸也推荐买丰田。了解了最近丰田的车型，对CHR一见钟情啊，瞬间被她的颜值给圈粉了，当然外观这种东西仁者见仁智者见智哈。以我的审美是真心觉得漂亮啊，最满意的就是外观了，开上路回头率高啊。,[不满意],最不满意的地方就是后备箱小了点，平时自己爱运动，装点衣服装备什么的，就放不下啥了，今后结婚有小孩儿了，难道又要换车不成？,[外观],[内饰],外观不必多说，自然是美不验收。外观的设计有些未来感，另外双色车身感觉更加的酷炫，前脸设计造型上有些丑萌丑萌的感觉，车侧线条比较有个性，车门设计的像个两门跑车的造型，最喜欢的还是尾部的那个尾翼设计，特别有战斗的气息。,内饰的设计很贴近生活也很现代化，平整多层次感的中控台，黑色的背景基调，智能的多媒体操控以及功能强大的多功能方向盘，在做工上和材料方面也都比较理想，硬塑料出现的频率不高，大多数的地方都是被皮质包裹上的，整体上挺满意的。,[空间],内部空间不挑剔，咱自己选的就是小型车，要求那么高干嘛，够用就行了呗。况且就是代步基本上大部分时间也是就我一个人用，就算偶尔同事蹭一下车，家人出门逛个街，基本上也够用了，并不显得很紧张。后背箱是不大，但是座椅放倒之后还是可以放不少东西的。,[舒适],驾驶的感觉超级舒适啊，方向盘除了手感特别好之外，指向性也很精准，操控起来特别的流畅自如，而且车跑起来平稳流畅，后排乘坐上就更加的舒适了。还有减震也是比较好的。,[动力],第一次感觉到燃油车的动力也可以这么强劲，特别是高速过弯道是抓地力和平稳性相当的不错，加上包围式的坐垫，更让我对这台车信心十足。,[操控],驾驶的感觉还是超棒的，感觉特别适合在城市跑。不愧是城市SUV，而且就底盘来说比起轿车肯定是高的，出去郊游我感觉也是非常合适的。,[性价比],这款CHR也是丰田家做得比较好的一款，我觉得性价比不错，外观好看，安全性高，动力也充足，空间也够用，最关键的是，养车便宜，这是最重要的。,展开全部
"
    发表于  2020-05    

      
        
    
    
",xuser1855954,https://image1.xcarimg.com/attachments/my/1/84/59/549_120.jpg,三星会员,4,外观,3,内饰,4,续航,4,空间,4,舒适,4,动力,4,操控,5,性价比,4,购入信息,爱车车型,购入时间,2020/2/1,购车地点, [天津市],裸车价格,22.2万  (厂商指导价 22.88万),续航里程,470km,购入用途,上班,购物,接送小孩,爱车简评,转向很精准，说实话这个车虽然是SUV，不过我觉得跟开轿车差别不多。而且坐姿高一些视野更好，主动刹车系统很实用，开车难免会有注意力不集中的情况在，有了这个等于多了一个安全保障。,爱车评价,[最满意],最满意的应该就是外观漂亮和动力强劲了。操作性能也不错，底盘扎实容易上手。我不是那种追求手动驾驶乐趣的人，只要求简单安全，开了几天CHR就和它完全融合到了一起，开着很熟练。动力是没得说，只要舍得踩油门，加速反应很迅猛。还有油耗也算是我满意的一点，上下班代步跑得都是市区，车子的外观简直帅爆，看起来有二十多万车的感觉，家里人也都是挺满意的。,[不满意],最不满意就是大部分车友说的噪音的问题，也算是比较值得吐槽的点吧，准确来说应该是胎噪的问题，当然这对于我来说是完全能接受的。另外减震偏硬也是一个硬伤，还有就是买车要求的颜色是黄色，让加了2000块，让人心里不爽。没有电动调节座椅，每次开车还要手动调座比较尴尬，不过谁让自己喜欢这款车呢。,[外观],[内饰],是卤素车灯，亮度还行吧，再开两年考虑换成LED的，颜色很亮，阳光照射下特别好看，非常的有质感。外观整体非常时尚个性，特别讨女孩子喜欢，我媳妇很满意。,中控台的设计很有特点，中间蓝色装饰条很漂亮，方向盘造型也不错，新车味道有一点，我慢性鼻炎嗅觉很差都可以闻到，只能多通风晒晒太阳，车里再放一些炭包。,[空间],空间大，虽然是个小型SUV，但是空间我感觉跟一般的紧凑型轿车差不多了，媳妇刚坐进去就说空海可以。我177CM身材微胖，坐在前排头顶还要有一拳多的高度，后排腿部坐下时还有接近两拳，头部空间也有一拳多点。后排座椅放倒后基本全平，稍微有一点坡度，需要拉大件就放平座椅，空间还是挺灵活多变的。[充电]CHR的悬挂避震偏硬，过坑洼路段稍微有一些颠簸，不过座椅的舒适性没问题，柔软厚实。后排放平之后是可以躺着睡觉的。,,,,,[操控],转向很精准，说实话这个车虽然是SUV，不过我觉得跟开轿车差别不多。而且坐姿高一些视野更好，主动刹车系统很实用，开车难免会有注意力不集中的情况在，有了这个等于多了一个安全保障。,,,展开全部
"
    发表于  2020-05    

      
        
    
    
",xuser1855953,https://image1.xcarimg.com/attachments/my/1/84/59/537_120.jpg,三星会员,4.25,外观,4,内饰,4,续航,4,空间,4,舒适,4,动力,4,操控,5,性价比,5,购入信息,爱车车型,购入时间,2020/2/1,购车地点, [上海市],裸车价格,22万  (厂商指导价 22.88万),续航里程,400km,购入用途,上班,购物,,爱车简评,内饰上面比较精致，做工用料也是比较厚道的，平时开车手能触摸到的地方都比较软，手可以很自然地靠在车门上还有扶手箱上。内饰的各种按键手感不错。因为顶棚是黑色的，所以氛围很运动。,爱车评价,[最满意],外观是首要的，CHR的外观设计真的很好看，设计上动感有力。当初一看到CHR的测评我就中毒了，然后天天泡论坛看车友的提车，看网友发出的照片想象我将来可能拥有它之后的样子。CHR从外观设计上非常对年轻人的口味，完全俘虏了我。再有就是现在我开车上路，时不时还会有人问我这是款什么车，外观很好看，回头率简直爆表。再有就是发动机用着省心，这样一款紧凑型的城市SUV，动力上还是挺够用的。空间上也不会太憋屈，比起之前看其他论坛上的空间吐槽要好的太多。,[不满意],其实就是细节上考虑的有一些欠缺吧，也是个人的建议。前排档把位置的储物空间设计不够细致，两个杯架虽然很大，但是想放点别的东西的时候，空间的利用率并不是很理想。,[外观],[内饰],车身侧面的线条很动感，有一条很有活力的曲线从前大灯开始，一直延续到后尾灯，整体的视觉效果非常紧实动感。从后车门开始车顶有一些倾斜，很有运动感，而且车尾的层次感很丰富，还有一个小尾翼，杀气十足。我还很喜欢CHR的轮毂，这种树叶状的设计很好看，精致。,内饰上面比较精致，做工用料也是比较厚道的，平时开车手能触摸到的地方都比较软，手可以很自然地靠在车门上还有扶手箱上。内饰的各种按键手感不错。因为顶棚是黑色的，所以氛围很运动。,[空间],空间]空间]主要说一下后备箱吧，可以在盖板盖着的情况下轻松放下两个24寸的行李箱，还可以在边缘位置放两个背包，而且这个时候行李箱上面还有不少空余空间。如果把盖板拆开还可以放不少行李，所以从空间上来看，CHR的表现还是可以的。,[舒适],CHR把整车的运动性和舒适性平衡的不错。底盘比较厚重，但有一些硬，过减速带的时候，车速过快，会有较为明显的颠簸。座椅来说比较柔软，包裹性也好，能够给驾驶者提供较好的背部支撑，能有效缓解驾驶时的背部疲劳吧。,[动力],2.0升自然吸气的发动机挺给力的，上坡，超车没有什么压力，跑高速时，120巡航，转速只有1800转，两千都没有上。如果急加速，可以马上上到3000转，动力输出很舒服。,[操控],方向盘手感很好，轻同时也有助力，阻尼调校的很舒适。同时转向精准，在超车的过程中，游刃有余。,[性价比],CHR的性价比还是很高的，因为从驾驶品质，配置，外观，还是内饰的氛围等等，各方面都是挺不错的。品质这种东西是不能简单的进行横向的跨级别对比，没有可比性。这个价格能够拥有一台较年轻运动，轻快好开，颜值在线，空间不错的车子，性价比自然是不错的。,展开全部
"
    发表于  2020-05    

      
        
    
    
",xuser1855840,https://image1.xcarimg.com/attachments/my/1/84/58/402_120.jpg,三星会员,4,外观,5,内饰,4,续航,4,空间,4,舒适,4,动力,4,操控,3,性价比,4,购入信息,爱车车型,购入时间,2020/2/1,购车地点,重庆渝润汽车销售服务有限公司 [重庆市],裸车价格,22.8万  (厂商指导价 22.88万),续航里程,400km,购入用途,上班,,,爱车简评,转向很精准，说实话这个车虽然是SUV，不过我觉得跟开轿车差别不多。而且坐姿高一些视野更好，主动刹车系统很实用，开车难免会有注意力不集中的情况在，有了这个等于多了一个安全保障。,爱车评价,[最满意],最满意的应该就是外观漂亮和动力强劲了。操作性能也不错，底盘扎实容易上手。我不是那种追求手动驾驶乐趣的人，只要求简单安全，开了几天CHR就和它完全融合到了一起，开着很熟练。动力是没得说，只要舍得踩油门，加速反应很迅猛。还有油耗也算是我满意的一点，上下班代步跑得都是市区，车子的外观简直帅爆，看起来有二十多万车的感觉，家里人也都是挺满意的。,[不满意],最不满意就是大部分车友说的噪音的问题，也算是比较值得吐槽的点吧，准确来说应该是胎噪的问题，当然这对于我来说是完全能接受的。另外减震偏硬也是一个硬伤，还有就是买车要求的颜色是黄色，让加了2000块，让人心里不爽。没有电动调节座椅，每次开车还要手动调座比较尴尬，不过谁让自己喜欢这款车呢。,[外观],[内饰],是卤素车灯，亮度还行吧，再开两年考虑换成LED的，颜色很亮，阳光照射下特别好看，非常的有质感。外观整体非常时尚个性，特别讨女孩子喜欢，我媳妇很满意。,中控台的设计很有特点，中间蓝色装饰条很漂亮，方向盘造型也不错，新车味道有一点，我慢性鼻炎嗅觉很差都可以闻到，只能多通风晒晒太阳，车里再放一些炭包。,[空间],空间大，虽然是个小型SUV，但是空间我感觉跟一般的紧凑型轿车差不多了，媳妇刚坐进去就说空海可以。我177CM身材微胖，坐在前排头顶还要有一拳多的高度，后排腿部坐下时还有接近两拳，头部空间也有一拳多点。后排座椅放倒后基本全平，稍微有一点坡度，需要拉大件就放平座椅，空间还是挺灵活多变的。[充电]CHR的悬挂避震偏硬，过坑洼路段稍微有一些颠簸，不过座椅的舒适性没问题，柔软厚实。后排放平之后是可以躺着睡觉的。,,,,,[操控],转向很精准，说实话这个车虽然是SUV，不过我觉得跟开轿车差别不多。而且坐姿高一些视野更好，主动刹车系统很实用，开车难免会有注意力不集中的情况在，有了这个等于多了一个安全保障。,,,展开全部
"
    发表于  2020-05    

      
        
    
    
",xuser1855840,https://image1.xcarimg.com/attachments/my/1/84/58/401_120.jpg,三星会员,4.5,外观,5,内饰,5,续航,5,空间,4,舒适,4,动力,5,操控,4,性价比,4,购入信息,爱车车型,购入时间,2020/2/1,购车地点,上海徐汇开隆汽车销售服务员有限公司 [上海市],裸车价格,22.6万  (厂商指导价 22.88万),续航里程,450km,购入用途,上班,,,爱车简评,最不满意的地方就是后备箱小了点，平时自己爱运动，装点衣服装备什么的，就放不下啥了，今后结婚有小孩儿了，难道又要换车不成？,爱车评价,[最满意],家里有台老爸的老款凯美瑞，自己没事也在开，比较老气横秋。在到了自己买车的时候，老爸也推荐买丰田。了解了最近丰田的车型，对CHR一见钟情啊，瞬间被她的颜值给圈粉了，当然外观这种东西仁者见仁智者见智哈。以我的审美是真心觉得漂亮啊，最满意的就是外观了，开上路回头率高啊。,[不满意],最不满意的地方就是后备箱小了点，平时自己爱运动，装点衣服装备什么的，就放不下啥了，今后结婚有小孩儿了，难道又要换车不成？,[外观],[内饰],外观不必多说，自然是美不验收。外观的设计有些未来感，另外双色车身感觉更加的酷炫，前脸设计造型上有些丑萌丑萌的感觉，车侧线条比较有个性，车门设计的像个两门跑车的造型，最喜欢的还是尾部的那个尾翼设计，特别有战斗的气息。,内饰的设计很贴近生活也很现代化，平整多层次感的中控台，黑色的背景基调，智能的多媒体操控以及功能强大的多功能方向盘，在做工上和材料方面也都比较理想，硬塑料出现的频率不高，大多数的地方都是被皮质包裹上的，整体上挺满意的。,[空间],内部空间不挑剔，咱自己选的就是小型车，要求那么高干嘛，够用就行了呗。况且就是代步基本上大部分时间也是就我一个人用，就算偶尔同事蹭一下车，家人出门逛个街，基本上也够用了，并不显得很紧张。后背箱是不大，但是座椅放倒之后还是可以放不少东西的。,[舒适],驾驶的感觉超级舒适啊，方向盘除了手感特别好之外，指向性也很精准，操控起来特别的流畅自如，而且车跑起来平稳流畅，后排乘坐上就更加的舒适了。还有减震也是比较好的。,[动力],第一次感觉到燃油车的动力也可以这么强劲，特别是高速过弯道是抓地力和平稳性相当的不错，加上包围式的坐垫，更让我对这台车信心十足。,[操控],驾驶的感觉还是超棒的，感觉特别适合在城市跑。不愧是城市SUV，而且就底盘来说比起轿车肯定是高的，出去郊游我感觉也是非常合适的。,[性价比],这款CHR也是丰田家做得比较好的一款，我觉得性价比不错，外观好看，安全性高，动力也充足，空间也够用，最关键的是，养车便宜，这是最重要的。,展开全部
"
    发表于  2020-05    

      
        
    
    
",xuser1855840,https://image1.xcarimg.com/attachments/my/1/84/58/400_120.jpg,三星会员,4.25,外观,4,内饰,4,续航,5,空间,4,舒适,4,动力,4,操控,5,性价比,4,购入信息,爱车车型,购入时间,2020/2/1,购车地点,北京博瑞东贸汽车销售服务有限公司 [北京市],裸车价格,22.3万  (厂商指导价 22.88万),续航里程,400km,购入用途,上班,购物,,爱车简评,内饰上面比较精致，做工用料也是比较厚道的，平时开车手能触摸到的地方都比较软，手可以很自然地靠在车门上还有扶手箱上。内饰的各种按键手感不错。因为顶棚是黑色的，所以氛围很运动。,爱车评价,[最满意],外观是首要的，CHR的外观设计真的很好看，设计上动感有力。当初一看到CHR的测评我就中毒了，然后天天泡论坛看车友的提车，看网友发出的照片想象我将来可能拥有它之后的样子。CHR从外观设计上非常对年轻人的口味，完全俘虏了我。再有就是现在我开车上路，时不时还会有人问我这是款什么车，外观很好看，回头率简直爆表。再有就是发动机用着省心，这样一款紧凑型的城市SUV，动力上还是挺够用的。空间上也不会太憋屈，比起之前看其他论坛上的空间吐槽要好的太多。,[不满意],其实就是细节上考虑的有一些欠缺吧，也是个人的建议。前排档把位置的储物空间设计不够细致，两个杯架虽然很大，但是想放点别的东西的时候，空间的利用率并不是很理想。,[外观],[内饰],车身侧面的线条很动感，有一条很有活力的曲线从前大灯开始，一直延续到后尾灯，整体的视觉效果非常紧实动感。从后车门开始车顶有一些倾斜，很有运动感，而且车尾的层次感很丰富，还有一个小尾翼，杀气十足。我还很喜欢CHR的轮毂，这种树叶状的设计很好看，精致。,内饰上面比较精致，做工用料也是比较厚道的，平时开车手能触摸到的地方都比较软，手可以很自然地靠在车门上还有扶手箱上。内饰的各种按键手感不错。因为顶棚是黑色的，所以氛围很运动。,[空间],空间]空间]主要说一下后备箱吧，可以在盖板盖着的情况下轻松放下两个24寸的行李箱，还可以在边缘位置放两个背包，而且这个时候行李箱上面还有不少空余空间。如果把盖板拆开还可以放不少行李，所以从空间上来看，CHR的表现还是可以的。,[舒适],CHR把整车的运动性和舒适性平衡的不错。底盘比较厚重，但有一些硬，过减速带的时候，车速过快，会有较为明显的颠簸。座椅来说比较柔软，包裹性也好，能够给驾驶者提供较好的背部支撑，能有效缓解驾驶时的背部疲劳吧。,[动力],上坡，超车没有什么压力，跑高速时，120巡航，转速只有1800转，两千都没有上。如果急加速，可以马上上到3000转，动力输出很舒服。,[操控],方向盘手感很好，轻同时也有助力，阻尼调校的很舒适。同时转向精准，在超车的过程中，游刃有余。,[性价比],CHR的性价比还是很高的，因为从驾驶品质，配置，外观，还是内饰的氛围等等，各方面都是挺不错的。品质这种东西是不能简单的进行横向的跨级别对比，没有可比性。这个价格能够拥有一台较年轻运动，轻快好开，颜值在线，空间不错的车子，性价比自然是不错的。,展开全部
"
    发表于  2020-05    

            
    
    
",xuser1855730,https://image1.xcarimg.com/attachments/my/1/84/57/305_120.jpg,三星会员,4.63,外观,4,内饰,5,续航,5,空间,5,舒适,4,动力,5,操控,4,性价比,5,购入信息,爱车车型,购入时间,2020/3/1,购车地点,洛阳九州汽车有限公司 [河南省],裸车价格,22.2万  (厂商指导价 22.88万),续航里程,390km,购入用途,上班,购物,,爱车简评,内饰上面比较精致，做工用料也是比较厚道的，平时开车手能触摸到的地方都比较软，手可以很自然地靠在车门上还有扶手箱上。内饰的各种按键手感不错。因为顶棚是黑色的，所以氛围很运动。,爱车评价,[最满意],外观是首要的，CHR的外观设计真的很好看，设计上动感有力。当初一看到CHR的测评我就中毒了，然后天天泡论坛看车友的提车，看网友发出的照片想象我将来可能拥有它之后的样子。CHR从外观设计上非常对年轻人的口味，完全俘虏了我。再有就是现在我开车上路，时不时还会有人问我这是款什么车，外观很好看，回头率简直爆表。再有就是发动机用着省心，这样一款紧凑型的城市SUV，动力上还是挺够用的。空间上也不会太憋屈，比起之前看其他论坛上的空间吐槽要好的太多。,[不满意],其实就是细节上考虑的有一些欠缺吧，也是个人的建议。前排档把位置的储物空间设计不够细致，两个杯架虽然很大，但是想放点别的东西的时候，空间的利用率并不是很理想。,[外观],[内饰],车身侧面的线条很动感，有一条很有活力的曲线从前大灯开始，一直延续到后尾灯，整体的视觉效果非常紧实动感。从后车门开始车顶有一些倾斜，很有运动感，而且车尾的层次感很丰富，还有一个小尾翼，杀气十足。我还很喜欢CHR的轮毂，这种树叶状的设计很好看，精致。,内饰上面比较精致，做工用料也是比较厚道的，平时开车手能触摸到的地方都比较软，手可以很自然地靠在车门上还有扶手箱上。内饰的各种按键手感不错。因为顶棚是黑色的，所以氛围很运动。,[空间],空间]空间]主要说一下后备箱吧，可以在盖板盖着的情况下轻松放下两个24寸的行李箱，还可以在边缘位置放两个背包，而且这个时候行李箱上面还有不少空余空间。如果把盖板拆开还可以放不少行李，所以从空间上来看，CHR的表现还是可以的。,[舒适],CHR把整车的运动性和舒适性平衡的不错。底盘比较厚重，但有一些硬，过减速带的时候，车速过快，会有较为明显的颠簸。座椅来说比较柔软，包裹性也好，能够给驾驶者提供较好的背部支撑，能有效缓解驾驶时的背部疲劳吧。,[动力],2.0升自然吸气的发动机挺给力的，上坡，超车没有什么压力，跑高速时，120巡航，转速只有1800转，两千都没有上。如果急加速，可以马上上到3000转，动力输出很舒服。,[操控],方向盘手感很好，轻同时也有助力，阻尼调校的很舒适。同时转向精准，在超车的过程中，游刃有余。,[性价比],CHR的性价比还是很高的，因为从驾驶品质，配置，外观，还是内饰的氛围等等，各方面都是挺不错的。品质这种东西是不能简单的进行横向的跨级别对比，没有可比性。这个价格能够拥有一台较年轻运动，轻快好开，颜值在线，空间不错的车子，性价比自然是不错的。,
"
    发表于  2020-05    

      
        
    
    
",xuser1855730,https://image1.xcarimg.com/attachments/my/1/84/57/303_120.jpg,三星会员,4.38,外观,4,内饰,5,续航,5,空间,4,舒适,4,动力,4,操控,4,性价比,5,购入信息,爱车车型,购入时间,2020/2/1,购车地点,上海美兰汽车销售服务有限公司 [上海市],裸车价格,22.3万  (厂商指导价 22.88万),续航里程,430km,购入用途,上班,,,爱车简评,最不满意的地方就是后备箱小了点，平时自己爱运动，装点衣服装备什么的，就放不下啥了，今后结婚有小孩儿了，难道又要换车不成？,爱车评价,[最满意],家里有台老爸的老款凯美瑞，自己没事也在开，比较老气横秋。在到了自己买车的时候，老爸也推荐买丰田。了解了最近丰田的车型，对CHR一见钟情啊，瞬间被她的颜值给圈粉了，当然外观这种东西仁者见仁智者见智哈。以我的审美是真心觉得漂亮啊，最满意的就是外观了，开上路回头率高啊。,[不满意],最不满意的地方就是后备箱小了点，平时自己爱运动，装点衣服装备什么的，就放不下啥了，今后结婚有小孩儿了，难道又要换车不成？,[外观],[内饰],外观不必多说，自然是美不验收。外观的设计有些未来感，另外双色车身感觉更加的酷炫，前脸设计造型上有些丑萌丑萌的感觉，车侧线条比较有个性，车门设计的像个两门跑车的造型，最喜欢的还是尾部的那个尾翼设计，特别有战斗的气息。,内饰的设计很贴近生活也很现代化，平整多层次感的中控台，黑色的背景基调，智能的多媒体操控以及功能强大的多功能方向盘，在做工上和材料方面也都比较理想，硬塑料出现的频率不高，大多数的地方都是被皮质包裹上的，整体上挺满意的。,[空间],内部空间不挑剔，咱自己选的就是小型车，要求那么高干嘛，够用就行了呗。况且就是代步基本上大部分时间也是就我一个人用，就算偶尔同事蹭一下车，家人出门逛个街，基本上也够用了，并不显得很紧张。后背箱是不大，但是座椅放倒之后还是可以放不少东西的。,[舒适],驾驶的感觉超级舒适啊，方向盘除了手感特别好之外，指向性也很精准，操控起来特别的流畅自如，而且车跑起来平稳流畅，后排乘坐上就更加的舒适了。还有减震也是比较好的。,[动力],第一次感觉到燃油车的动力也可以这么强劲，特别是高速过弯道是抓地力和平稳性相当的不错，加上包围式的坐垫，更让我对这台车信心十足。,[操控],驾驶的感觉还是超棒的，感觉特别适合在城市跑。不愧是城市SUV，而且就底盘来说比起轿车肯定是高的，出去郊游我感觉也是非常合适的。,[性价比],这款CHR也是丰田家做得比较好的一款，我觉得性价比不错，外观好看，安全性高，动力也充足，空间也够用，最关键的是，养车便宜，这是最重要的。,展开全部
"
    发表于  2020-05    

      
        
    
    
",xuser1855729,https://image1.xcarimg.com/attachments/my/1/84/57/297_120.jpg,三星会员,4.5,外观,4,内饰,5,续航,5,空间,4,舒适,5,动力,4,操控,4,性价比,5,购入信息,爱车车型,购入时间,2020/3/1,购车地点,上海徐汇开隆汽车销售服务员有限公司 [上海市],裸车价格,22.2万  (厂商指导价 22.88万),续航里程,430km,购入用途,上班,购物,,爱车简评,转向很精准，说实话这个车虽然是SUV，不过我觉得跟开轿车差别不多。而且坐姿高一些视野更好，主动刹车系统很实用，开车难免会有注意力不集中的情况在，有了这个等于多了一个安全保障。,爱车评价,[最满意],最满意]最满意的应该就是外观漂亮和动力强劲了。操作性能也不错，底盘扎实容易上手。我不是那种追求手动驾驶乐趣的人，只要求简单安全，开了几天CHR就和它完全融合到了一起，开着很熟练。动力是没得说，只要舍得踩油门，加速反应很迅猛。还有油耗也算是我满意的一点，上下班代步跑得都是市区，车子的外观简直帅爆，看起来有二十多万车的感觉，家里人也都是挺满意的。,[不满意],最不满意就是大部分车友说的噪音的问题，也算是比较值得吐槽的点吧，准确来说应该是胎噪的问题，当然这对于我来说是完全能接受的。另外减震偏硬也是一个硬伤，还有就是买车要求的颜色是黄色，让加了2000块，让人心里不爽。没有电动调节座椅，每次开车还要手动调座比较尴尬，不过谁让自己喜欢这款车呢。,[外观],[内饰],是卤素车灯，亮度还行吧，再开两年考虑换成LED的。买的柠檬黄，颜色很亮，阳光照射下特别好看，非常的有质感。外观整体非常时尚个性，特别讨女孩子喜欢，我媳妇很满意。,中控台的设计很有特点，中间蓝色装饰条很漂亮，方向盘造型也不错，新车味道有一点，我慢性鼻炎嗅觉很差都可以闻到，只能多通风晒晒太阳，车里再放一些炭包。,[空间],空间大，虽然是个小型SUV，但是空间我感觉跟一般的紧凑型轿车差不多了，媳妇刚坐进去就说空海可以。我177CM身材微胖，坐在前排头顶还要有一拳多的高度，后排腿部坐下时还有接近两拳，头部空间也有一拳多点。后排座椅放倒后基本全平，稍微有一点坡度，需要拉大件就放平座椅，空间还是挺灵活多变的。[充电]CHR的悬挂避震偏硬，过坑洼路段稍微有一些颠簸，不过座椅的舒适性没问题，柔软厚实。后排放平之后是可以躺着睡觉的。,,,,,[操控],转向很精准，说实话这个车虽然是SUV，不过我觉得跟开轿车差别不多。而且坐姿高一些视野更好，主动刹车系统很实用，开车难免会有注意力不集中的情况在，有了这个等于多了一个安全保障。,,,展开全部
"
    发表于  2020-05    

      
        
    
    
",xuser1855344,https://image1.xcarimg.com/attachments/my/1/84/53/441_120.jpg,三星会员,4.75,外观,5,内饰,4,续航,5,空间,4,舒适,5,动力,5,操控,5,性价比,5,购入信息,爱车车型,购入时间,2020/2/1,购车地点,上海美兰汽车销售服务有限公司 [上海市],裸车价格,17.5万  (厂商指导价 24.98万),续航里程,460km,购入用途,上班,购物,,爱车简评,转向很精准，说实话这个车虽然是SUV，不过我觉得跟开轿车差别不多。而且坐姿高一些视野更好，主动刹车系统很实用，开车难免会有注意力不集中的情况在，有了这个等于多了一个安全保障。,爱车评价,[最满意],最满意的应该就是外观漂亮和动力强劲了。操作性能也不错，底盘扎实容易上手。我不是那种追求手动驾驶乐趣的人，只要求简单安全，开了几天CHR就和它完全融合到了一起，开着很熟练。动力是没得说，只要舍得踩油门，加速反应很迅猛。还有油耗也算是我满意的一点，上下班代步跑得都是市区，车子的外观简直帅爆，看起来有二十多万车的感觉，家里人也都是挺满意的。,[不满意],最不满意就是大部分车友说的噪音的问题，也算是比较值得吐槽的点吧，准确来说应该是胎噪的问题，当然这对于我来说是完全能接受的。另外减震偏硬也是一个硬伤，还有就是买车要求的颜色是黄色，让加了2000块，让人心里不爽。没有电动调节座椅，每次开车还要手动调座比较尴尬，不过谁让自己喜欢这款车呢。,[外观],[内饰],是卤素车灯，亮度还行吧，再开两年考虑换成LED的。买的柠檬黄，颜色很亮，阳光照射下特别好看，非常的有质感。外观整体非常时尚个性，特别讨女孩子喜欢，我媳妇很满意。,中控台的设计很有特点，中间蓝色装饰条很漂亮，方向盘造型也不错，新车味道有一点，我慢性鼻炎嗅觉很差都可以闻到，只能多通风晒晒太阳，车里再放一些炭包。,[空间],空间大，虽然是个小型SUV，但是空间我感觉跟一般的紧凑型轿车差不多了，媳妇刚坐进去就说空海可以。我177CM身材微胖，坐在前排头顶还要有一拳多的高度，后排腿部坐下时还有接近两拳，头部空间也有一拳多点。后排座椅放倒后基本全平，稍微有一点坡度，需要拉大件就放平座椅，空间还是挺灵活多变的。[充电]CHR的悬挂避震偏硬，过坑洼路段稍微有一些颠簸，不过座椅的舒适性没问题，柔软厚实。后排放平之后是可以躺着睡觉的。,,,,,[操控],转向很精准，说实话这个车虽然是SUV，不过我觉得跟开轿车差别不多。而且坐姿高一些视野更好，主动刹车系统很实用，开车难免会有注意力不集中的情况在，有了这个等于多了一个安全保障。,,,展开全部
"
    发表于  2020-05    

      
        
    
    
",xuser1855343,https://image1.xcarimg.com/attachments/my/1/84/53/437_120.jpg,三星会员,4.5,外观,4,内饰,5,续航,5,空间,5,舒适,5,动力,4,操控,4,性价比,4,购入信息,爱车车型,购入时间,2020/2/1,购车地点,石家庄广顺汽车贸易有限公司 [河北省],裸车价格,17.4万  (厂商指导价 24.98万),续航里程,430km,购入用途,上班,接送小孩,,爱车简评,最不满意的地方就是后备箱小了点，平时自己爱运动，装点衣服装备什么的，就放不下啥了，今后结婚有小孩儿了，难道又要换车不成？,爱车评价,[最满意],家里有台老爸的老款凯美瑞，自己没事也在开，比较老气横秋。在到了自己买车的时候，老爸也推荐买丰田。了解了最近丰田的车型，对CHR一见钟情啊，瞬间被她的颜值给圈粉了，当然外观这种东西仁者见仁智者见智哈。以我的审美是真心觉得漂亮啊，最满意的就是外观了，开上路回头率高啊。,[不满意],最不满意的地方就是后备箱小了点，平时自己爱运动，装点衣服装备什么的，就放不下啥了，今后结婚有小孩儿了，难道又要换车不成？,[外观],[内饰],外观不必多说，自然是美不验收。外观的设计有些未来感，另外双色车身感觉更加的酷炫，前脸设计造型上有些丑萌丑萌的感觉，车侧线条比较有个性，车门设计的像个两门跑车的造型，最喜欢的还是尾部的那个尾翼设计，特别有战斗的气息。,内饰的设计很贴近生活也很现代化，平整多层次感的中控台，黑色的背景基调，智能的多媒体操控以及功能强大的多功能方向盘，在做工上和材料方面也都比较理想，硬塑料出现的频率不高，大多数的地方都是被皮质包裹上的，整体上挺满意的。,[空间],内部空间不挑剔，咱自己选的就是小型车，要求那么高干嘛，够用就行了呗。况且就是代步基本上大部分时间也是就我一个人用，就算偶尔同事蹭一下车，家人出门逛个街，基本上也够用了，并不显得很紧张。后背箱是不大，但是座椅放倒之后还是可以放不少东西的。,[舒适],驾驶的感觉超级舒适啊，方向盘除了手感特别好之外，指向性也很精准，操控起来特别的流畅自如，而且车跑起来平稳流畅，后排乘坐上就更加的舒适了。还有减震也是比较好的。,[动力],第一次感觉到燃油车的动力也可以这么强劲，特别是高速过弯道是抓地力和平稳性相当的不错，加上包围式的坐垫，更让我对这台车信心十足。,[操控],驾驶的感觉还是超棒的，感觉特别适合在城市跑。不愧是城市SUV，而且就底盘来说比起轿车肯定是高的，出去郊游我感觉也是非常合适的。,[性价比],这款CHR也是丰田家做得比较好的一款，我觉得性价比不错，外观好看，安全性高，动力也充足，空间也够用，最关键的是，养车便宜，这是最重要的。,展开全部
"
    发表于  2020-05    

      
        
    
    
",xuser1855239,https://image1.xcarimg.com/attachments/my/1/84/52/390_120.jpg,三星会员,4.25,外观,5,内饰,5,续航,4,空间,4,舒适,4,动力,4,操控,4,性价比,4,购入信息,爱车车型,购入时间,2020/2/1,购车地点,济南瑞通汽车销售服务有限公司 [山东省],裸车价格,24.2万  (厂商指导价 24.98万),续航里程,459km,购入用途,上班,购物,,爱车简评,最不满意的地方就是后备箱小了点，平时自己爱运动，装点衣服装备什么的，就放不下啥了，今后结婚有小孩儿了，难道又要换车不成？,爱车评价,[最满意],家里有台老爸的老款凯美瑞，自己没事也在开，比较老气横秋。在到了自己买车的时候，老爸也推荐买丰田。了解了最近丰田的车型，对CHR一见钟情啊，瞬间被她的颜值给圈粉了，当然外观这种东西仁者见仁智者见智哈。以我的审美是真心觉得漂亮啊，最满意的就是外观了，开上路回头率高啊。,[不满意],最不满意的地方就是后备箱小了点，平时自己爱运动，装点衣服装备什么的，就放不下啥了，今后结婚有小孩儿了，难道又要换车不成？,[外观],[内饰],外观不必多说，自然是美不验收。外观的设计有些未来感，另外双色车身感觉更加的酷炫，前脸设计造型上有些丑萌丑萌的感觉，车侧线条比较有个性，车门设计的像个两门跑车的造型，最喜欢的还是尾部的那个尾翼设计，特别有战斗的气息。,内饰的设计很贴近生活也很现代化，平整多层次感的中控台，黑色的背景基调，智能的多媒体操控以及功能强大的多功能方向盘，在做工上和材料方面也都比较理想，硬塑料出现的频率不高，大多数的地方都是被皮质包裹上的，整体上挺满意的。,[空间],内部空间不挑剔，咱自己选的就是小型车，要求那么高干嘛，够用就行了呗。况且就是代步基本上大部分时间也是就我一个人用，就算偶尔同事蹭一下车，家人出门逛个街，基本上也够用了，并不显得很紧张。后背箱是不大，但是座椅放倒之后还是可以放不少东西的。,[舒适],驾驶的感觉超级舒适啊，方向盘除了手感特别好之外，指向性也很精准，操控起来特别的流畅自如，而且车跑起来平稳流畅，后排乘坐上就更加的舒适了。还有减震也是比较好的。,[动力],第一次感觉到燃油车的动力也可以这么强劲，特别是高速过弯道是抓地力和平稳性相当的不错，加上包围式的坐垫，更让我对这台车信心十足。,[操控],驾驶的感觉还是超棒的，感觉特别适合在城市跑。不愧是城市SUV，而且就底盘来说比起轿车肯定是高的，出去郊游我感觉也是非常合适的。,[性价比],这款CHR也是丰田家做得比较好的一款，我觉得性价比不错，外观好看，安全性高，动力也充足，空间也够用，最关键的是，养车便宜，这是最重要的。,展开全部
"
    发表于  2020-05    

      
        
    
    
",xuser1855238,https://image1.xcarimg.com/attachments/my/1/84/52/387_120.jpg,三星会员,4.5,外观,4,内饰,4,续航,4,空间,4,舒适,5,动力,5,操控,5,性价比,5,购入信息,爱车车型,购入时间,2020/2/1,购车地点,北京传是汽车销售服务有限公司 [北京市],裸车价格,24.2万  (厂商指导价 24.98万),续航里程,450km,购入用途,上班,购物,,爱车简评,转向很精准，说实话这个车虽然是SUV，不过我觉得跟开轿车差别不多。而且坐姿高一些视野更好，主动刹车系统很实用，开车难免会有注意力不集中的情况在，有了这个等于多了一个安全保障。,爱车评价,[最满意],最满意的应该就是外观漂亮和动力强劲了。操作性能也不错，底盘扎实容易上手。我不是那种追求手动驾驶乐趣的人，只要求简单安全，开了几天CHR就和它完全融合到了一起，开着很熟练。动力是没得说，只要舍得踩油门，加速反应很迅猛。还有油耗也算是我满意的一点，上下班代步跑得都是市区，车子的外观简直帅爆，看起来有二十多万车的感觉，家里人也都是挺满意的。,[不满意],最不满意就是大部分车友说的噪音的问题，也算是比较值得吐槽的点吧，准确来说应该是胎噪的问题，当然这对于我来说是完全能接受的。另外减震偏硬也是一个硬伤，还有就是买车要求的颜色是黄色，让加了2000块，让人心里不爽。没有电动调节座椅，每次开车还要手动调座比较尴尬，不过谁让自己喜欢这款车呢。,[外观],[内饰],是卤素车灯，亮度还行吧，再开两年考虑换成LED的。买的柠檬黄，颜色很亮，阳光照射下特别好看，非常的有质感。外观整体非常时尚个性，特别讨女孩子喜欢，我媳妇很满意。,中控台的设计很有特点，中间蓝色装饰条很漂亮，方向盘造型也不错，新车味道有一点，我慢性鼻炎嗅觉很差都可以闻到，只能多通风晒晒太阳，车里再放一些炭包。,[空间],空间大，虽然是个小型SUV，但是空间我感觉跟一般的紧凑型轿车差不多了，媳妇刚坐进去就说空海可以。我177CM身材微胖，坐在前排头顶还要有一拳多的高度，后排腿部坐下时还有接近两拳，头部空间也有一拳多点。后排座椅放倒后基本全平，稍微有一点坡度，需要拉大件就放平座椅，空间还是挺灵活多变的。[充电]CHR的悬挂避震偏硬，过坑洼路段稍微有一些颠簸，不过座椅的舒适性没问题，柔软厚实。后排放平之后是可以躺着睡觉的。,[舒适],转向很精准，说实话这个车虽然是SUV，不过我觉得跟开轿车差别不多。而且坐姿高一些视野更好，主动刹车系统很实用，开车难免会有注意力不集中的情况在，有了这个等于多了一个安全保障。,,,,,,,展开全部
"
    发表于  2020-05    

      
        
    
    
",xuser1855238,https://image1.xcarimg.com/attachments/my/1/84/52/384_120.jpg,三星会员,4.13,外观,3,内饰,3,续航,5,空间,4,舒适,5,动力,4,操控,5,性价比,4,购入信息,爱车车型,购入时间,2020/2/1,购车地点,天津市汇丰行汽车销售服务有限公司 [天津市],裸车价格,24万  (厂商指导价 24.98万),续航里程,400km,购入用途,上班,购物,接送小孩,爱车简评,内饰上面比较精致，做工用料也是比较厚道的，平时开车手能触摸到的地方都比较软，手可以很自然地靠在车门上还有扶手箱上。内饰的各种按键手感不错。因为顶棚是黑色的，所以氛围很运动。,爱车评价,[最满意],外观是首要的，CHR的外观设计真的很好看，设计上动感有力。当初一看到CHR的测评我就中毒了，然后天天泡论坛看车友的提车，看网友发出的照片想象我将来可能拥有它之后的样子。CHR从外观设计上非常对年轻人的口味，完全俘虏了我。再有就是现在我开车上路，时不时还会有人问我这是款什么车，外观很好看，回头率简直爆表。再有就是发动机用着省心，这样一款紧凑型的城市SUV，动力上还是挺够用的。空间上也不会太憋屈，比起之前看其他论坛上的空间吐槽要好的太多。,[不满意],其实就是细节上考虑的有一些欠缺吧，也是个人的建议。前排档把位置的储物空间设计不够细致，两个杯架虽然很大，但是想放点别的东西的时候，空间的利用率并不是很理想。,[外观],[内饰],车身侧面的线条很动感，有一条很有活力的曲线从前大灯开始，一直延续到后尾灯，整体的视觉效果非常紧实动感。从后车门开始车顶有一些倾斜，很有运动感，而且车尾的层次感很丰富，还有一个小尾翼，杀气十足。我还很喜欢CHR的轮毂，这种树叶状的设计很好看，精致。,内饰上面比较精致，做工用料也是比较厚道的，平时开车手能触摸到的地方都比较软，手可以很自然地靠在车门上还有扶手箱上。内饰的各种按键手感不错。因为顶棚是黑色的，所以氛围很运动。,[空间],空间]空间]主要说一下后备箱吧，可以在盖板盖着的情况下轻松放下两个24寸的行李箱，还可以在边缘位置放两个背包，而且这个时候行李箱上面还有不少空余空间。如果把盖板拆开还可以放不少行李，所以从空间上来看，CHR的表现还是可以的。,[舒适],CHR把整车的运动性和舒适性平衡的不错。底盘比较厚重，但有一些硬，过减速带的时候，车速过快，会有较为明显的颠簸。座椅来说比较柔软，包裹性也好，能够给驾驶者提供较好的背部支撑，能有效缓解驾驶时的背部疲劳吧。,[动力],2.0升自然吸气的发动机挺给力的，上坡，超车没有什么压力，跑高速时，120巡航，转速只有1800转，两千都没有上。如果急加速，可以马上上到3000转，动力输出很舒服。,[操控],方向盘手感很好，轻同时也有助力，阻尼调校的很舒适。同时转向精准，在超车的过程中，游刃有余。,[性价比],CHR的性价比还是很高的，因为从驾驶品质，配置，外观，还是内饰的氛围等等，各方面都是挺不错的。品质这种东西是不能简单的进行横向的跨级别对比，没有可比性。这个价格能够拥有一台较年轻运动，轻快好开，颜值在线，空间不错的车子，性价比自然是不错的。,展开全部
"
    发表于  2020-05    

      
        
    
    
",xuser1855024,https://image1.xcarimg.com/attachments/my/1/84/50/241_120.jpg,三星会员,4.63,外观,5,内饰,5,续航,4,空间,4,舒适,5,动力,5,操控,4,性价比,5,购入信息,爱车车型,购入时间,2020/2/1,购车地点,天津市汇丰行汽车销售服务有限公司 [天津市],裸车价格,24.2万  (厂商指导价 24.98万),续航里程,560km,购入用途,上班,接送小孩,,爱车简评,毕业之后，就面领着走上社会迎接全新的历练。自然是先要工作，然后为了车房而努力向上。目前房子还是吃力些，不过车子垫垫脚还是能够到的。于是想要买一辆颜值好看，偏潮流的车。比对了许久，最终我把C-HR带回家。,爱车评价,[最满意],外观是首要的，CHR的外观设计真的很好看，设计上动感有力。当初一看到CHR的测评我就中毒了，然后天天泡论坛看车友的提车，看网友发出的照片想象我将来可能拥有它之后的样子。CHR从外观设计上非常对年轻人的口味，完全俘虏了我。再有就是现在我开车上路，时不时还会有人问我这是款什么车，外观很好看，回头率简直爆表。再有就是发动机用着省心，这样一款紧凑型的城市SUV，动力上还是挺够用的。空间上也不会太憋屈，比起之前看其他论坛上的空间吐槽要好的太多。,[不满意],其实就是细节上考虑的有一些欠缺吧，也是个人的建议。前排档把位置的储物空间设计不够细致，两个杯架虽然很大，但是想放点别的东西的时候，空间的利用率并不是很理想。,[外观],[内饰],车身侧面的线条很动感，有一条很有活力的曲线从前大灯开始，一直延续到后尾灯，整体的视觉效果非常紧实动感。从后车门开始车顶有一些倾斜，很有运动感，而且车尾的层次感很丰富，还有一个小尾翼，杀气十足。我还很喜欢CHR的轮毂，这种树叶状的设计很好看，精致。,内饰上面比较精致，做工用料也是比较厚道的，平时开车手能触摸到的地方都比较软，手可以很自然地靠在车门上还有扶手箱上。内饰的各种按键手感不错。因为顶棚是黑色的，所以氛围很运动。,[空间],空间]主要说一下后备箱吧，可以在盖板盖着的情况下轻松放下两个24寸的行李箱，还可以在边缘位置放两个背包，而且这个时候行李箱上面还有不少空余空间。如果把盖板拆开还可以放不少行李，所以从空间上来看，CHR的表现还是可以的。,[舒适],CHR把整车的运动性和舒适性平衡的不错。底盘比较厚重，但有一些硬，过减速带的时候，车速过快，会有较为明显的颠簸。座椅来说比较柔软，包裹性也好，能够给驾驶者提供较好的背部支撑，能有效缓解驾驶时的背部疲劳吧。,[动力],2.0升自然吸气的发动机挺给力的，上坡，超车没有什么压力，跑高速时，120巡航，转速只有1800转，两千都没有上。如果急加速，可以马上上到3000转，动力输出很舒服。,[操控],方向盘手感很好，轻同时也有助力，阻尼调校的很舒适。同时转向精准，在超车的过程中，游刃有余。,[性价比],CHR的性价比还是很高的，因为从驾驶品质，配置，外观，还是内饰的氛围等等，各方面都是挺不错的。品质这种东西是不能简单的进行横向的跨级别对比，没有可比性。这个价格能够拥有一台较年轻运动，轻快好开，颜值在线，空间不错的车子，性价比自然是不错的。,展开全部
"
    发表于  2020-05    

      
        
    
    
",xuser1855023,https://image1.xcarimg.com/attachments/my/1/84/50/236_120.jpg,三星会员,4.25,外观,4,内饰,4,续航,4,空间,4,舒适,4,动力,4,操控,5,性价比,5,购入信息,爱车车型,购入时间,2020/1/1,购车地点,沈阳广通行汽车服务有限公司 [辽宁省],裸车价格,24.2万  (厂商指导价 24.98万),续航里程,500km,购入用途,上班,购物,,爱车简评,转向很精准，说实话这个车虽然是SUV，不过我觉得跟开轿车差别不多。而且坐姿高一些视野更好，主动刹车系统很实用，开车难免会有注意力不集中的情况在，有了这个等于多了一个安全保障。,爱车评价,[最满意],最满意的应该就是外观漂亮和动力强劲了。操作性能也不错，底盘扎实容易上手。我不是那种追求手动驾驶乐趣的人，只要求简单安全，开了几天CHR就和它完全融合到了一起，开着很熟练。动力是没得说，只要舍得踩油门，加速反应很迅猛。还有油耗也算是我满意的一点，上下班代步跑得都是市区，车子的外观简直帅爆，看起来有二十多万车的感觉，家里人也都是挺满意的。,[不满意],最不满意就是大部分车友说的噪音的问题，也算是比较值得吐槽的点吧，准确来说应该是胎噪的问题，当然这对于我来说是完全能接受的。另外减震偏硬也是一个硬伤，还有就是买车要求的颜色是黄色，让加了2000块，让人心里不爽。没有电动调节座椅，每次开车还要手动调座比较尴尬，不过谁让自己喜欢这款车呢。,[外观],[内饰],是卤素车灯，亮度还行吧，再开两年考虑换成LED的。买的柠檬黄，颜色很亮，阳光照射下特别好看，非常的有质感。外观整体非常时尚个性，特别讨女孩子喜欢，我媳妇很满意。,中控台的设计很有特点，中间蓝色装饰条很漂亮，方向盘造型也不错，新车味道有一点，我慢性鼻炎嗅觉很差都可以闻到，只能多通风晒晒太阳，车里再放一些炭包。,[空间],空间大，虽然是个小型SUV，但是空间我感觉跟一般的紧凑型轿车差不多了，媳妇刚坐进去就说空海可以。我177CM身材微胖，坐在前排头顶还要有一拳多的高度，后排腿部坐下时还有接近两拳，头部空间也有一拳多点。后排座椅放倒后基本全平，稍微有一点坡度，需要拉大件就放平座椅，空间还是挺灵活多变的。[充电]CHR的悬挂避震偏硬，过坑洼路段稍微有一些颠簸，不过座椅的舒适性没问题，柔软厚实。后排放平之后是可以躺着睡觉的。,,,,,[操控],转向很精准，说实话这个车虽然是SUV，不过我觉得跟开轿车差别不多。而且坐姿高一些视野更好，主动刹车系统很实用，开车难免会有注意力不集中的情况在，有了这个等于多了一个安全保障。,,,展开全部
"
    发表于  2020-05    

      
        
    
    
",xuser1855021,https://image1.xcarimg.com/attachments/my/1/84/50/212_120.jpg,三星会员,4.25,外观,4,内饰,4,续航,4,空间,4,舒适,4,动力,5,操控,5,性价比,4,购入信息,爱车车型,购入时间,2020/2/1,购车地点,天津市汇丰行汽车销售服务有限公司 [天津市],裸车价格,24.2万  (厂商指导价 24.98万),续航里程,430km,购入用途,上班,,,爱车简评,在开过一段时间的轿车之后，就开始萌发出想要买一辆城市SUV的念头，于是就开始了挑选的过程。不过现在的越野大多的都是比较硬朗或者中庸的外观，我想要那种回头率爆表的。这不，我最后把这辆丰田CHR带回了家。,爱车评价,[最满意],家里有台老爸的老款凯美瑞，自己没事也在开，比较老气横秋。在到了自己买车的时候，老爸也推荐买丰田。了解了最近丰田的车型，对CHR一见钟情啊，瞬间被她的颜值给圈粉了，当然外观这种东西仁者见仁智者见智哈。以我的审美是真心觉得漂亮啊，最满意的就是外观了，开上路回头率高啊。,[不满意],最不满意的地方就是后备箱小了点，平时自己爱运动，装点衣服装备什么的，就放不下啥了，今后结婚有小孩儿了，难道又要换车不成？,[外观],[内饰],外观不必多说，自然是美不验收。外观的设计有些未来感，另外双色车身感觉更加的酷炫，前脸设计造型上有些丑萌丑萌的感觉，车侧线条比较有个性，车门设计的像个两门跑车的造型，最喜欢的还是尾部的那个尾翼设计，特别有战斗的气息。,内饰的设计很贴近生活也很现代化，平整多层次感的中控台，黑色的背景基调，智能的多媒体操控以及功能强大的多功能方向盘，在做工上和材料方面也都比较理想，硬塑料出现的频率不高，大多数的地方都是被皮质包裹上的，整体上挺满意的。,[空间],内部空间不挑剔，咱自己选的就是小型车，要求那么高干嘛，够用就行了呗。况且就是代步基本上大部分时间也是就我一个人用，就算偶尔同事蹭一下车，家人出门逛个街，基本上也够用了，并不显得很紧张。后背箱是不大，但是座椅放倒之后还是可以放不少东西的。,[舒适],驾驶的感觉超级舒适啊，方向盘除了手感特别好之外，指向性也很精准，操控起来特别的流畅自如，而且车跑起来平稳流畅，后排乘坐上就更加的舒适了。还有减震也是比较好的。,[动力],第一次感觉到燃油车的动力也可以这么强劲，特别是高速过弯道是抓地力和平稳性相当的不错，加上包围式的坐垫，更让我对这台车信心十足。,[操控],驾驶的感觉还是超棒的，感觉特别适合在城市跑。不愧是城市SUV，而且就底盘来说比起轿车肯定是高的，出去郊游我感觉也是非常合适的。,[性价比],这款CHR也是丰田家做得比较好的一款，我觉得性价比不错，外观好看，安全性高，动力也充足，空间也够用，最关键的是，养车便宜，这是最重要的。,展开全部
"
    发表于  2020-05    

      
        
    
    
",xuser1854532,https://image1.xcarimg.com/attachments/my/1/84/45/328_120.jpg,三星会员,3.88,外观,4,内饰,3,续航,4,空间,4,舒适,4,动力,4,操控,4,性价比,4,购入信息,爱车车型,购入时间,2020/2/1,购车地点, [河南省],裸车价格,22.2万  (厂商指导价 22.58万),续航里程,470km,购入用途,购物,接送小孩,,爱车简评,家里之前的车开得时间长了，已经到了可以更换的地步。之前就是日系的车，自然还是想要换日系，不过轿车开得多了，想要换一辆SUV开一开。在进行仔细的对比之后，最终选择了广汽丰田新出的SUV-CHR。始于颜值，忠于实力,爱车评价,[最满意],最满意的应该就是外观漂亮和动力强劲了。操作性能也不错，底盘扎实容易上手。我不是那种追求手动驾驶乐趣的人，只要求简单安全，开了几天CHR就和它完全融合到了一起，开着很熟练。动力是没得说，只要舍得踩油门，加速反应很迅猛。还有油耗也算是我满意的一点，上下班代步跑得都是市区，车子的外观简直帅爆，看起来有二十多万车的感觉，家里人也都是挺满意的。,[不满意],最不满意就是大部分车友说的噪音的问题，也算是比较值得吐槽的点吧，准确来说应该是胎噪的问题，当然这对于我来说是完全能接受的。另外减震偏硬也是一个硬伤，还有就是买车要求的颜色是黄色，让加了2000块，让人心里不爽。没有电动调节座椅，每次开车还要手动调座比较尴尬，不过谁让自己喜欢这款车呢。,[外观],[内饰],领先版车灯不是LED的，是卤素车灯，亮度还行吧，再开两年考虑换成LED的。买的柠檬黄，颜色很亮，阳光照射下特别好看，非常的有质感。外观整体非常时尚个性，特别讨女孩子喜欢，我媳妇很满意。,中控台的设计很有特点，中间蓝色装饰条很漂亮，方向盘造型也不错，新车味道有一点，我慢性鼻炎嗅觉很差都可以闻到，只能多通风晒晒太阳，车里再放一些炭包。,[空间],转向很精准，说实话这个车虽然是SUV，不过我觉得跟开轿车差别不多。而且坐姿高一些视野更好，主动刹车系统很实用，开车难免会有注意力不集中的情况在，有了这个等于多了一个安全保障。,,,,,,,,,展开全部
"
    发表于  2020-05    

      
        
    
    
",xuser1854532,https://image1.xcarimg.com/attachments/my/1/84/45/326_120.jpg,三星会员,4.13,外观,3,内饰,4,续航,4,空间,5,舒适,5,动力,4,操控,4,性价比,4,购入信息,爱车车型,购入时间,2020/1/1,购车地点,上海徐汇开隆汽车销售服务员有限公司 [上海市],裸车价格,22.3万  (厂商指导价 22.58万),续航里程,470km,购入用途,上班,接送小孩,,爱车简评,毕业之后，就面领着走上社会迎接全新的历练。自然是先要工作，然后为了车房而努力向上。目前房子还是吃力些，不过车子垫垫脚还是能够到的。于是想要买一辆颜值好看，偏潮流的车。比对了许久，最终我把C-HR带回家。,爱车评价,[最满意],家里有台老爸的老款凯美瑞，自己没事也在开，比较老气横秋。在到了自己买车的时候，老爸也推荐买丰田。了解了最近丰田的车型，对CHR一见钟情啊，瞬间被她的颜值给圈粉了，当然外观这种东西仁者见仁智者见智哈。以我的审美是真心觉得漂亮啊，最满意的就是外观了，开上路回头率高啊。,[不满意],最不满意的地方就是后备箱小了点，平时自己爱运动，装点衣服装备什么的，就放不下啥了，今后结婚有小孩儿了，难道又要换车不成？,[外观],[内饰],外观不必多说，自然是美不验收。外观的设计有些未来感，另外双色车身感觉更加的酷炫，前脸设计造型上有些丑萌丑萌的感觉，车侧线条比较有个性，车门设计的像个两门跑车的造型，最喜欢的还是尾部的那个尾翼设计，特别有战斗的气息。,内饰的设计很贴近生活也很现代化，平整多层次感的中控台，黑色的背景基调，智能的多媒体操控以及功能强大的多功能方向盘，在做工上和材料方面也都比较理想，硬塑料出现的频率不高，大多数的地方都是被皮质包裹上的，整体上挺满意的,[空间],车身侧面的线条很动感，有一条很有活力的曲线从前大灯开始，一直延续到后尾灯，整体的视觉效果非常紧实动感。从后车门开始车顶有一些倾斜，很有运动感，而且车尾的层次感很丰富，还有一个小尾翼，杀气十足。我还很喜欢CHR的轮毂，这种树叶状的设计很好看，精致。,[舒适],内饰上面比较精致，做工用料也是比较厚道的，平时开车手能触摸到的地方都比较软，手可以很自然地靠在车门上还有扶手箱上。内饰的各种按键手感不错。因为顶棚是黑色的，所以氛围很运动。,[动力],主要说一下后备箱吧，可以在盖板盖着的情况下轻松放下两个24寸的行李箱，还可以在边缘位置放两个背包，而且这个时候行李箱上面还有不少空余空间。如果把盖板拆开还可以放不少行李，所以从空间上来看，CHR的表现还是可以的。,[操控],CHR把整车的运动性和舒适性平衡的不错。底盘比较厚重，但有一些硬，过减速带的时候，车速过快，会有较为明显的颠簸。座椅来说比较柔软，包裹性也好，能够给驾驶者提供较好的背部支撑，能有效缓解驾驶时的背部疲劳吧。,[性价比],2.0升自然吸气的发动机挺给力的，上坡，超车没有什么压力，跑高速时，120巡航，转速只有1800转，两千都没有上。如果急加速，可以马上上到3000转，动力输出很舒服。,展开全部
"
    发表于  2020-05    

      
        
    
    
",xuser1854532,https://image1.xcarimg.com/attachments/my/1/84/45/321_120.jpg,三星会员,4.63,外观,5,内饰,5,续航,5,空间,5,舒适,4,动力,4,操控,4,性价比,5,购入信息,爱车车型,购入时间,2020/2/1,购车地点,唐山信中创元汽车销售有限公司 [河北省],裸车价格,22万  (厂商指导价 22.58万),续航里程,470km,购入用途,上班,接送小孩,,爱车简评,在开过一段时间的轿车之后，就开始萌发出想要买一辆城市SUV的念头，于是就开始了挑选的过程。不过现在的越野大多的都是比较硬朗或者中庸的外观，我想要那种回头率爆表的。这不，我最后把这辆丰田CHR带回了家。,爱车评价,[最满意],家里有台老爸的老款凯美瑞，自己没事也在开，比较老气横秋。在到了自己买车的时候，老爸也推荐买丰田。了解了最近丰田的车型，对CHR一见钟情啊，瞬间被她的颜值给圈粉了，当然外观这种东西仁者见仁智者见智哈。以我的审美是真心觉得漂亮啊，最满意的就是外观了，开上路回头率高啊。,[不满意],最不满意的地方就是后备箱小了点，平时自己爱运动，装点衣服装备什么的，就放不下啥了，今后结婚有小孩儿了，难道又要换车不成？,[外观],[内饰],外观不必多说，自然是美不验收。外观的设计有些未来感，另外双色车身感觉更加的酷炫，前脸设计造型上有些丑萌丑萌的感觉，车侧线条比较有个性，车门设计的像个两门跑车的造型，最喜欢的还是尾部的那个尾翼设计，特别有战斗的气息。,内饰的设计很贴近生活也很现代化，平整多层次感的中控台，黑色的背景基调，智能的多媒体操控以及功能强大的多功能方向盘，在做工上和材料方面也都比较理想，硬塑料出现的频率不高，大多数的地方都是被皮质包裹上的，整体上挺满意的,[空间],内部空间不挑剔，咱自己选的就是小型车，要求那么高干嘛，够用就行了呗。况且就是代步基本上大部分时间也是就我一个人用，就算偶尔同事蹭一下车，家人出门逛个街，基本上也够用了，并不显得很紧张。后背箱是不大，但是座椅放倒之后还是可以放不少东西的。,[舒适],驾驶的感觉超级舒适啊，方向盘除了手感特别好之外，指向性也很精准，操控起来特别的流畅自如，而且车跑起来平稳流畅，后排乘坐上就更加的舒适了。还有减震也是比较好的。,[动力],第一次感觉到燃油车的动力也可以这么强劲，特别是高速过弯道是抓地力和平稳性相当的不错，加上包围式的坐垫，更让我对这台车信心十足。,[操控],驾驶的感觉还是超棒的，感觉特别适合在城市跑。不愧是城市SUV，而且就底盘来说比起轿车肯定是高的，出去郊游我感觉也是非常合适的。,[性价比],这款CHR也是丰田家做得比较好的一款，我觉得性价比不错，外观好看，安全性高，动力也充足，空间也够用，最关键的是，养车便宜，这是最重要的。,展开全部
"
    发表于  2020-05    

      
        
    
    
",xuser1854395,https://image1.xcarimg.com/attachments/my/1/84/43/956_120.jpg,三星会员,4.13,外观,4,内饰,5,续航,4,空间,4,舒适,4,动力,4,操控,4,性价比,4,购入信息,爱车车型,购入时间,2020/2/1,购车地点,上海徐汇开隆汽车销售服务员有限公司 [上海市],裸车价格,22万  (厂商指导价 22.58万),续航里程,500km,购入用途,上班,接送小孩,,爱车简评,家里之前的车开得时间长了，已经到了可以更换的地步。之前就是日系的车，自然还是想要换日系，不过轿车开得多了，想要换一辆SUV开一开。在进行仔细的对比之后，最终选择了广汽丰田新出的SUV-CHR。始于颜值，忠于实力,爱车评价,[最满意],最满意]最满意的应该就是外观漂亮和动力强劲了。操作性能也不错，底盘扎实容易上手。我不是那种追求手动驾驶乐趣的人，只要求简单安全，开了几天CHR就和它完全融合到了一起，开着很熟练。动力是没得说，只要舍得踩油门，加速反应很迅猛。还有油耗也算是我满意的一点，上下班代步跑得都是市区，车子的外观简直帅爆，看起来有二十多万车的感觉，家里人也都是挺满意的。,[不满意],最不满意就是大部分车友说的噪音的问题，也算是比较值得吐槽的点吧，准确来说应该是胎噪的问题，当然这对于我来说是完全能接受的。另外减震偏硬也是一个硬伤，还有就是买车要求的颜色是黄色，让加了2000块，让人心里不爽。没有电动调节座椅，每次开车还要手动调座比较尴尬，不过谁让自己喜欢这款车呢。,[外观],[内饰],领先版车灯不是LED的，是卤素车灯，亮度还行吧，再开两年考虑换成LED的。买的柠檬黄，颜色很亮，阳光照射下特别好看，非常的有质感。外观整体非常时尚个性，特别讨女孩子喜欢，我媳妇很满意。,中控台的设计很有特点，中间蓝色装饰条很漂亮，方向盘造型也不错，新车味道有一点，我慢性鼻炎嗅觉很差都可以闻到，只能多通风晒晒太阳，车里再放一些炭包。,[空间],空间大，虽然是个小型SUV，但是空间我感觉跟一般的紧凑型轿车差不多了，媳妇刚坐进去就说空海可以。我177CM身材微胖，坐在前排头顶还要有一拳多的高度，后排腿部坐下时还有接近两拳，头部空间也有一拳多点。后排座椅放倒后基本全平，稍微有一点坡度，需要拉大件就放平座椅，空间还是挺灵活多变的。,[舒适],CHR的悬挂避震偏硬，过坑洼路段稍微有一些颠簸，不过座椅的舒适性没问题，柔软厚实。后排放平之后是可以躺着睡觉的。,[动力],转向很精准，说实话这个车虽然是SUV，不过我觉得跟开轿车差别不多。而且坐姿高一些视野更好，主动刹车系统很实用，开车难免会有注意力不集中的情况在，有了这个等于多了一个安全保障。,,,,,展开全部
"
    发表于  2020-05    

      
        
    
    
",xuser1854395,https://image1.xcarimg.com/attachments/my/1/84/43/953_120.jpg,三星会员,4.25,外观,2,内饰,5,续航,5,空间,5,舒适,4,动力,4,操控,4,性价比,5,购入信息,爱车车型,购入时间,2020/2/1,购车地点,石家庄锐源汽车销售有限公司 [河北省],裸车价格,19.3万  (厂商指导价 22.58万),续航里程,430km,购入用途,上班,接送小孩,,爱车简评,在开过一段时间的轿车之后，就开始萌发出想要买一辆城市SUV的念头，于是就开始了挑选的过程。不过现在的越野大多的都是比较硬朗或者中庸的外观，我想要那种回头率爆表的。这不，我最后把这辆丰田CHR带回了家。,爱车评价,[最满意],满意]外观是首要的，CHR的外观设计真的很好看，设计上动感有力。当初一看到CHR的测评我就中毒了，然后天天泡论坛看车友的提车，看网友发出的照片想象我将来可能拥有它之后的样子。CHR从外观设计上非常对年轻人的口味，完全俘虏了我。再有就是现在我开车上路，时不时还会有人问我这是款什么车，外观很好看，回头率简直爆表。再有就是发动机用着省心，这样一款紧凑型的城市SUV，动力上还是挺够用的。空间上也不会太憋屈，比起之前看其他论坛上的空间吐槽要好的太多。,[不满意],其实就是细节上考虑的有一些欠缺吧，也是个人的建议。前排档把位置的储物空间设计不够细致，两个杯架虽然很大，但是想放点别的东西的时候，空间的利用率并不是很理想。,[外观],[内饰],车身侧面的线条很动感，有一条很有活力的曲线从前大灯开始，一直延续到后尾灯，整体的视觉效果非常紧实动感。从后车门开始车顶有一些倾斜，很有运动感，而且车尾的层次感很丰富，还有一个小尾翼，杀气十足。我还很喜欢CHR的轮毂，这种树叶状的设计很好看，精致。,内饰上面比较精致，做工用料也是比较厚道的，平时开车手能触摸到的地方都比较软，手可以很自然地靠在车门上还有扶手箱上。内饰的各种按键手感不错。因为顶棚是黑色的，所以氛围很运动。,[空间],空间]主要说一下后备箱吧，可以在盖板盖着的情况下轻松放下两个24寸的行李箱，还可以在边缘位置放两个背包，而且这个时候行李箱上面还有不少空余空间。如果把盖板拆开还可以放不少行李，所以从空间上来看，CHR的表现还是可以的。,[舒适],CHR把整车的运动性和舒适性平衡的不错。底盘比较厚重，但有一些硬，过减速带的时候，车速过快，会有较为明显的颠簸。座椅来说比较柔软，包裹性也好，能够给驾驶者提供较好的背部支撑，能有效缓解驾驶时的背部疲劳吧。,[动力],2.0升自然吸气的发动机挺给力的，上坡，超车没有什么压力，跑高速时，120巡航，转速只有1800转，两千都没有上。如果急加速，可以马上上到3000转，动力输出很舒服。,[操控],方向盘手感很好，轻同时也有助力，阻尼调校的很舒适。同时转向精准，在超车的过程中，游刃有余。,[性价比],CHR的性价比还是很高的，因为从驾驶品质，配置，外观，还是内饰的氛围等等，各方面都是挺不错的。品质这种东西是不能简单的进行横向的跨级别对比，没有可比性。这个价格能够拥有一台较年轻运动，轻快好开，颜值在线，空间不错的车子，性价比自然是不错的。,展开全部
"
    发表于  2020-05    

      
        
    
    
",xuser1854394,https://image1.xcarimg.com/attachments/my/1/84/43/941_120.jpg,三星会员,4.5,外观,3,内饰,4,续航,5,空间,5,舒适,5,动力,5,操控,5,性价比,4,购入信息,爱车车型,购入时间,2020/1/1,购车地点,北京传是汽车销售服务有限公司 [北京市],裸车价格,18.4万  (厂商指导价 22.58万),续航里程,430km,购入用途,上班,购物,接送小孩,爱车简评,在开过一段时间的轿车之后，就开始萌发出想要买一辆城市SUV的念头，于是就开始了挑选的过程。不过现在的越野大多的都是比较硬朗或者中庸的外观，我想要那种回头率爆表的。这不，我最后把这辆丰田CHR带回了家。,爱车评价,[最满意],家里有台老爸的老款凯美瑞，自己没事也在开，比较老气横秋。在到了自己买车的时候，老爸也推荐买丰田。了解了最近丰田的车型，对CHR一见钟情啊，瞬间被她的颜值给圈粉了，当然外观这种东西仁者见仁智者见智哈。以我的审美是真心觉得漂亮啊，最满意的就是外观了，开上路回头率高啊。,[不满意],最不满意的地方就是后备箱小了点，平时自己爱运动，装点衣服装备什么的，就放不下啥了，今后结婚有小孩儿了，难道又要换车不成？,[外观],[内饰],外观不必多说，自然是美不验收。外观的设计有些未来感，另外双色车身感觉更加的酷炫，前脸设计造型上有些丑萌丑萌的感觉，车侧线条比较有个性，车门设计的像个两门跑车的造型，最喜欢的还是尾部的那个尾翼设计，特别有战斗的气息。,内饰的设计很贴近生活也很现代化，平整多层次感的中控台，黑色的背景基调，智能的多媒体操控以及功能强大的多功能方向盘，在做工上和材料方面也都比较理想，硬塑料出现的频率不高，大多数的地方都是被皮质包裹上的，整体上挺满意的。,[空间],内部空间不挑剔，咱自己选的就是小型车，要求那么高干嘛，够用就行了呗。况且就是代步基本上大部分时间也是就我一个人用，就算偶尔同事蹭一下车，家人出门逛个街，基本上也够用了，并不显得很紧张。后背箱是不大，但是座椅放倒之后还是可以放不少东西的。,[舒适],驾驶的感觉超级舒适啊，方向盘除了手感特别好之外，指向性也很精准，操控起来特别的流畅自如，而且车跑起来平稳流畅，后排乘坐上就更加的舒适了。还有减震也是比较好的。,[动力],第一次感觉到燃油车的动力也可以这么强劲，特别是高速过弯道是抓地力和平稳性相当的不错，加上包围式的坐垫，更让我对这台车信心十足。,[操控],驾驶的感觉还是超棒的，感觉特别适合在城市跑。不愧是城市SUV，而且就底盘来说比起轿车肯定是高的，出去郊游我感觉也是非常合适的。,[性价比],这款CHR也是丰田家做得比较好的一款，我觉得性价比不错，外观好看，安全性高，动力也充足，空间也够用，最关键的是，养车便宜，这是最重要的。,展开全部
"
    发表于  2020-05    

      
        
    
    
",xuser1854147,https://image1.xcarimg.com/attachments/my/1/84/41/471_120.jpg,三星会员,4.13,外观,4,内饰,4,续航,4,空间,3,舒适,4,动力,4,操控,5,性价比,5,购入信息,爱车车型,购入时间,2020/2/1,购车地点,洛阳九州汽车有限公司 [河南省],裸车价格,22.1万  (厂商指导价 22.58万),续航里程,450km,购入用途,上班,,,爱车简评,毕业之后，就面领着走上社会迎接全新的历练。自然是先要工作，然后为了车房而努力向上。目前房子还是吃力些，不过车子垫垫脚还是能够到的。于是想要买一辆颜值好看，偏潮流的车。比对了许久，最终我把C-HR带回家。,爱车评价,[最满意],外观是首要的，CHR的外观设计真的很好看，设计上动感有力。当初一看到CHR的测评我就中毒了，然后天天泡论坛看车友的提车，看网友发出的照片想象我将来可能拥有它之后的样子。CHR从外观设计上非常对年轻人的口味，完全俘虏了我。再有就是现在我开车上路，时不时还会有人问我这是款什么车，外观很好看，回头率简直爆表。再有就是发动机用着省心，这样一款紧凑型的城市SUV，动力上还是挺够用的。空间上也不会太憋屈，比起之前看其他论坛上的空间吐槽要好的太多。,[不满意],其实就是细节上考虑的有一些欠缺吧，也是个人的建议。前排档把位置的储物空间设计不够细致，两个杯架虽然很大，但是想放点别的东西的时候，空间的利用率并不是很理想。,[外观],[内饰],车身侧面的线条很动感，有一条很有活力的曲线从前大灯开始，一直延续到后尾灯，整体的视觉效果非常紧实动感。从后车门开始车顶有一些倾斜，很有运动感，而且车尾的层次感很丰富，还有一个小尾翼，杀气十足。我还很喜欢CHR的轮毂，这种树叶状的设计很好看，精致。,内饰上面比较精致，做工用料也是比较厚道的，平时开车手能触摸到的地方都比较软，手可以很自然地靠在车门上还有扶手箱上。内饰的各种按键手感不错。因为顶棚是黑色的，所以氛围很运动。,[空间],主要说一下后备箱吧，可以在盖板盖着的情况下轻松放下两个24寸的行李箱，还可以在边缘位置放两个背包，而且这个时候行李箱上面还有不少空余空间。如果把盖板拆开还可以放不少行李，所以从空间上来看，CHR的表现还是可以的。,[舒适],CHR把整车的运动性和舒适性平衡的不错。底盘比较厚重，但有一些硬，过减速带的时候，车速过快，会有较为明显的颠簸。座椅来说比较柔软，包裹性也好，能够给驾驶者提供较好的背部支撑，能有效缓解驾驶时的背部疲劳吧。,[动力],2.0升自然吸气的发动机挺给力的，上坡，超车没有什么压力，跑高速时，120巡航，转速只有1800转，两千都没有上。如果急加速，可以马上上到3000转，动力输出很舒服。,[操控],方向盘手感很好，轻同时也有助力，阻尼调校的很舒适。同时转向精准，在超车的过程中，游刃有余。,[性价比],CHR的性价比还是很高的，因为从驾驶品质，配置，外观，还是内饰的氛围等等，各方面都是挺不错的。品质这种东西是不能简单的进行横向的跨级别对比，没有可比性。这个价格能够拥有一台较年轻运动，轻快好开，颜值在线，空间不错的车子，性价比自然是不错的。,展开全部
"
    发表于  2020-05    

      
        
    
    
",xuser1854146,https://image1.xcarimg.com/attachments/my/1/84/41/468_120.jpg,三星会员,4.5,外观,5,内饰,4,续航,4,空间,5,舒适,5,动力,5,操控,4,性价比,4,购入信息,爱车车型,购入时间,2020/3/1,购车地点,吉林宝辉汽车销售服务有限公司 [吉林省],裸车价格,22.2万  (厂商指导价 22.58万),续航里程,430km,购入用途,上班,接送小孩,,爱车简评,家里之前的车开得时间长了，已经到了可以更换的地步。之前就是日系的车，自然还是想要换日系，不过轿车开得多了，想要换一辆SUV开一开。在进行仔细的对比之后，最终选择了广汽丰田新出的SUV-CHR。始于颜值，忠于实力,爱车评价,[最满意],最满意的应该就是外观漂亮和动力强劲了。操作性能也不错，底盘扎实容易上手。我不是那种追求手动驾驶乐趣的人，只要求简单安全，开了几天CHR就和它完全融合到了一起，开着很熟练。动力是没得说，只要舍得踩油门，加速反应很迅猛。还有油耗也算是我满意的一点，上下班代步跑得都是市区，车子的外观简直帅爆，看起来有二十多万车的感觉，家里人也都是挺满意的。,[不满意],最不满意就是大部分车友说的噪音的问题，也算是比较值得吐槽的点吧，准确来说应该是胎噪的问题，当然这对于我来说是完全能接受的。另外减震偏硬也是一个硬伤，还有就是买车要求的颜色是黄色，让加了2000块，让人心里不爽。没有电动调节座椅，每次开车还要手动调座比较尴尬，不过谁让自己喜欢这款车呢。,[外观],[内饰],领先版车灯不是LED的，是卤素车灯，亮度还行吧，再开两年考虑换成LED的。买的柠檬黄，颜色很亮，阳光照射下特别好看，非常的有质感。外观整体非常时尚个性，特别讨女孩子喜欢，我媳妇很满意。,中控台的设计很有特点，中间蓝色装饰条很漂亮，方向盘造型也不错，新车味道有一点，我慢性鼻炎嗅觉很差都可以闻到，只能多通风晒晒太阳，车里再放一些炭包。,[空间],空间大，虽然是个小型SUV，但是空间我感觉跟一般的紧凑型轿车差不多了，媳妇刚坐进去就说空海可以。我177CM身材微胖，坐在前排头顶还要有一拳多的高度，后排腿部坐下时还有接近两拳，头部空间也有一拳多点。后排座椅放倒后基本全平，稍微有一点坡度，需要拉大件就放平座椅，空间还是挺灵活多变的。,[舒适],CHR的悬挂避震偏硬，过坑洼路段稍微有一些颠簸，不过座椅的舒适性没问题，柔软厚实。后排放平之后是可以躺着睡觉的。,,,[操控],转向很精准，说实话这个车虽然是SUV，不过我觉得跟开轿车差别不多。而且坐姿高一些视野更好，主动刹车系统很实用，开车难免会有注意力不集中的情况在，有了这个等于多了一个安全保障。,,,展开全部
"
    发表于  2020-05    

            
    
    
",xuser1854146,https://image1.xcarimg.com/attachments/my/1/84/41/466_120.jpg,三星会员,4.5,外观,4,内饰,4,续航,4,空间,5,舒适,5,动力,4,操控,5,性价比,5,购入信息,爱车车型,购入时间,2020/2/1,购车地点,济南瑞通汽车销售服务有限公司 [山东省],裸车价格,22万  (厂商指导价 22.58万),续航里程,430km,购入用途,上班,接送小孩,,爱车简评,在开过一段时间的轿车之后，就开始萌发出想要买一辆城市SUV的念头，于是就开始了挑选的过程。不过现在的越野大多的都是比较硬朗或者中庸的外观，我想要那种回头率爆表的。这不，我最后把这辆丰田CHR带回了家。,爱车评价,[最满意],家里有台老爸的老款凯美瑞，自己没事也在开，比较老气横秋。在到了自己买车的时候，老爸也推荐买丰田。了解了最近丰田的车型，对CHR一见钟情啊，瞬间被她的颜值给圈粉了，当然外观这种东西仁者见仁智者见智哈。以我的审美是真心觉得漂亮啊，最满意的就是外观了，开上路回头率高啊。,[不满意],最不满意的地方就是后备箱小了点，平时自己爱运动，装点衣服装备什么的，就放不下啥了，今后结婚有小孩儿了，难道又要换车不成？,[外观],[内饰],外观不必多说，自然是美不验收。外观的设计有些未来感，另外双色车身感觉更加的酷炫，前脸设计造型上有些丑萌丑萌的感觉，车侧线条比较有个性，车门设计的像个两门跑车的造型，最喜欢的还是尾部的那个尾翼设计，特别有战斗的气息。,内饰的设计很贴近生活也很现代化，平整多层次感的中控台，黑色的背景基调，智能的多媒体操控以及功能强大的多功能方向盘，在做工上和材料方面也都比较理想，硬塑料出现的频率不高，大多数的地方都是被皮质包裹上的，整体上挺满意的。,[空间],内部空间不挑剔，咱自己选的就是小型车，要求那么高干嘛，够用就行了呗。况且就是代步基本上大部分时间也是就我一个人用，就算偶尔同事蹭一下车，家人出门逛个街，基本上也够用了，并不显得很紧张。后背箱是不大，但是座椅放倒之后还是可以放不少东西的。,[舒适],驾驶的感觉超级舒适啊，方向盘除了手感特别好之外，指向性也很精准，操控起来特别的流畅自如，而且车跑起来平稳流畅，后排乘坐上就更加的舒适了。还有减震也是比较好的。,[动力],第一次感觉到燃油车的动力也可以这么强劲，特别是高速过弯道是抓地力和平稳性相当的不错，加上包围式的坐垫，更让我对这台车信心十足。,[操控],驾驶的感觉还是超棒的，感觉特别适合在城市跑。不愧是城市SUV，而且就底盘来说比起轿车肯定是高的，出去郊游我感觉也是非常合适的。,[性价比],这款CHR也是丰田家做得比较好的一款，我觉得性价比不错，外观好看，安全性高，动力也充足，空间也够用，最关键的是，养车便宜，这是最重要的。,
"
    发表于  2020-05    

      
        
    
    
",xuser1853976,https://image1.xcarimg.com/attachments/my/1/84/39/761_120.jpg,三星会员,3.75,外观,4,内饰,4,续航,3,空间,4,舒适,4,动力,3,操控,4,性价比,4,购入信息,爱车车型,购入时间,2020/1/1,购车地点,上海徐汇开隆汽车销售服务员有限公司 [上海市],裸车价格,22.4万  (厂商指导价 22.58万),续航里程,400km,购入用途,上班,购物,,爱车简评,家里之前的车开得时间长了，已经到了可以更换的地步。之前就是日系的车，自然还是想要换日系，不过轿车开得多了，想要换一辆SUV开一开。在进行仔细的对比之后，最终选择了广汽丰田新出的SUV-CHR。始于颜值，忠于实力,爱车评价,[最满意],最满意的应该就是外观漂亮和动力强劲了。操作性能也不错，底盘扎实容易上手。我不是那种追求手动驾驶乐趣的人，只要求简单安全，开了几天CHR就和它完全融合到了一起，开着很熟练。动力是没得说，只要舍得踩油门，加速反应很迅猛。还有油耗也算是我满意的一点，上下班代步跑得都是市区，车子的外观简直帅爆，看起来有二十多万车的感觉，家里人也都是挺满意的。,[不满意],最不满意就是大部分车友说的噪音的问题，也算是比较值得吐槽的点吧，准确来说应该是胎噪的问题，当然这对于我来说是完全能接受的。另外减震偏硬也是一个硬伤，还有就是买车要求的颜色是黄色，让加了2000块，让人心里不爽。没有电动调节座椅，每次开车还要手动调座比较尴尬，不过谁让自己喜欢这款车呢。,[外观],[内饰],领先版车灯不是LED的，是卤素车灯，亮度还行吧，再开两年考虑换成LED的。买的柠檬黄，颜色很亮，阳光照射下特别好看，非常的有质感。外观整体非常时尚个性，特别讨女孩子喜欢，我媳妇很满意。,中控台的设计很有特点，中间蓝色装饰条很漂亮，方向盘造型也不错，新车味道有一点，我慢性鼻炎嗅觉很差都可以闻到，只能多通风晒晒太阳，车里再放一些炭包。,[空间],空间大，虽然是个小型SUV，但是空间我感觉跟一般的紧凑型轿车差不多了，媳妇刚坐进去就说空海可以。我177CM身材微胖，坐在前排头顶还要有一拳多的高度，后排腿部坐下时还有接近两拳，头部空间也有一拳多点。后排座椅放倒后基本全平，稍微有一点坡度，需要拉大件就放平座椅，空间还是挺灵活多变的。,[舒适],CHR的悬挂避震偏硬，过坑洼路段稍微有一些颠簸，不过座椅的舒适性没问题，柔软厚实。后排放平之后是可以躺着睡觉的。,,,[操控],转向很精准，说实话这个车虽然是SUV，不过我觉得跟开轿车差别不多。而且坐姿高一些视野更好，主动刹车系统很实用，开车难免会有注意力不集中的情况在，有了这个等于多了一个安全保障。,,,展开全部
"
    发表于  2020-05    

      
        
    
    
",xuser1853975,https://image1.xcarimg.com/attachments/my/1/84/39/759_120.jpg,三星会员,4.13,外观,4,内饰,4,续航,4,空间,4,舒适,4,动力,5,操控,4,性价比,4,购入信息,爱车车型,购入时间,2020/1/1,购车地点,上海长宇汽车销售服务有限公司 [上海市],裸车价格,22.3万  (厂商指导价 22.58万),续航里程,400km,购入用途,上班,接送小孩,,爱车简评,毕业之后，就面领着走上社会迎接全新的历练。自然是先要工作，然后为了车房而努力向上。目前房子还是吃力些，不过车子垫垫脚还是能够到的。于是想要买一辆颜值好看，偏潮流的车。比对了许久，最终我把C-HR带回家。,爱车评价,[最满意],外观是首要的，CHR的外观设计真的很好看，设计上动感有力。当初一看到CHR的测评我就中毒了，然后天天泡论坛看车友的提车，看网友发出的照片想象我将来可能拥有它之后的样子。CHR从外观设计上非常对年轻人的口味，完全俘虏了我。再有就是现在我开车上路，时不时还会有人问我这是款什么车，外观很好看，回头率简直爆表。再有就是发动机用着省心，这样一款紧凑型的城市SUV，动力上还是挺够用的。空间上也不会太憋屈，比起之前看其他论坛上的空间吐槽要好的太多。,[不满意],其实就是细节上考虑的有一些欠缺吧，也是个人的建议。前排档把位置的储物空间设计不够细致，两个杯架虽然很大，但是想放点别的东西的时候，空间的利用率并不是很理想。,[外观],[内饰],车身侧面的线条很动感，有一条很有活力的曲线从前大灯开始，一直延续到后尾灯，整体的视觉效果非常紧实动感。从后车门开始车顶有一些倾斜，很有运动感，而且车尾的层次感很丰富，还有一个小尾翼，杀气十足。我还很喜欢CHR的轮毂，这种树叶状的设计很好看，精致。,内饰上面比较精致，做工用料也是比较厚道的，平时开车手能触摸到的地方都比较软，手可以很自然地靠在车门上还有扶手箱上。内饰的各种按键手感不错。因为顶棚是黑色的，所以氛围很运动。,[空间],主要说一下后备箱吧，可以在盖板盖着的情况下轻松放下两个24寸的行李箱，还可以在边缘位置放两个背包，而且这个时候行李箱上面还有不少空余空间。如果把盖板拆开还可以放不少行李，所以从空间上来看，CHR的表现还是可以的。,[舒适],CHR把整车的运动性和舒适性平衡的不错。底盘比较厚重，但有一些硬，过减速带的时候，车速过快，会有较为明显的颠簸。座椅来说比较柔软，包裹性也好，能够给驾驶者提供较好的背部支撑，能有效缓解驾驶时的背部疲劳吧。,[动力],2.0升自然吸气的发动机挺给力的，上坡，超车没有什么压力，跑高速时，120巡航，转速只有1800转，两千都没有上。如果急加速，可以马上上到3000转，动力输出很舒服。,[操控],方向盘手感很好，轻同时也有助力，阻尼调校的很舒适。同时转向精准，在超车的过程中，游刃有余。,[性价比],CHR的性价比还是很高的，因为从驾驶品质，配置，外观，还是内饰的氛围等等，各方面都是挺不错的。品质这种东西是不能简单的进行横向的跨级别对比，没有可比性。这个价格能够拥有一台较年轻运动，轻快好开，颜值在线，空间不错的车子，性价比自然是不错的。,展开全部
"
    发表于  2020-05    

            
    
    
",xuser1853975,https://image1.xcarimg.com/attachments/my/1/84/39/758_120.jpg,三星会员,4.25,外观,4,内饰,4,续航,4,空间,4,舒适,4,动力,5,操控,4,性价比,5,购入信息,爱车车型,购入时间,2020/1/1,购车地点,天津市汇丰行汽车销售服务有限公司 [天津市],裸车价格,22.5万  (厂商指导价 22.58万),续航里程,400km,购入用途,上班,,,爱车简评,在开过一段时间的轿车之后，就开始萌发出想要买一辆城市SUV的念头，于是就开始了挑选的过程。不过现在的越野大多的都是比较硬朗或者中庸的外观，我想要那种回头率爆表的。这不，我最后把这辆丰田CHR带回了家。,爱车评价,[最满意],家里有台老爸的老款凯美瑞，自己没事也在开，比较老气横秋。在到了自己买车的时候，老爸也推荐买丰田。了解了最近丰田的车型，对CHR一见钟情啊，瞬间被她的颜值给圈粉了，当然外观这种东西仁者见仁智者见智哈。以我的审美是真心觉得漂亮啊，最满意的就是外观了，开上路回头率高啊。,[不满意],最不满意的地方就是后备箱小了点，平时自己爱运动，装点衣服装备什么的，就放不下啥了，今后结婚有小孩儿了，难道又要换车不成？,[外观],[内饰],外观不必多说，自然是美不验收。外观的设计有些未来感，另外双色车身感觉更加的酷炫，前脸设计造型上有些丑萌丑萌的感觉，车侧线条比较有个性，车门设计的像个两门跑车的造型，最喜欢的还是尾部的那个尾翼设计，特别有战斗的气息。,内饰的设计很贴近生活也很现代化，平整多层次感的中控台，黑色的背景基调，智能的多媒体操控以及功能强大的多功能方向盘，在做工上和材料方面也都比较理想，硬塑料出现的频率不高，大多数的地方都是被皮质包裹上的，整体上挺满意的。,[空间],内部空间不挑剔，咱自己选的就是小型车，要求那么高干嘛，够用就行了呗。况且就是代步基本上大部分时间也是就我一个人用，就算偶尔同事蹭一下车，家人出门逛个街，基本上也够用了，并不显得很紧张。后背箱是不大，但是座椅放倒之后还是可以放不少东西的。,[舒适],驾驶的感觉超级舒适啊，方向盘除了手感特别好之外，指向性也很精准，操控起来特别的流畅自如，而且车跑起来平稳流畅，后排乘坐上就更加的舒适了。还有减震也是比较好的。,[动力],第一次感觉到燃油车的动力也可以这么强劲，特别是高速过弯道是抓地力和平稳性相当的不错，加上包围式的坐垫，更让我对这台车信心十足。,[操控],驾驶的感觉还是超棒的，感觉特别适合在城市跑。不愧是城市SUV，而且就底盘来说比起轿车肯定是高的，出去郊游我感觉也是非常合适的。,[性价比],这款CHR也是丰田家做得比较好的一款，我觉得性价比不错，外观好看，安全性高，动力也充足，空间也够用，最关键的是，养车便宜，这是最重要的。,
"
    发表于  2020-05    

            
    
    
",xuser1853691,https://image1.xcarimg.com/attachments/my/1/84/36/919_120.jpg,三星会员,4.25,外观,4,内饰,4,续航,5,空间,4,舒适,4,动力,4,操控,4,性价比,5,购入信息,爱车车型,购入时间,2020/1/1,购车地点,上海长宇汽车销售服务有限公司 [上海市],裸车价格,22.5万  (厂商指导价 22.58万),续航里程,400km,购入用途,上班,接送小孩,,爱车简评,在开过一段时间的轿车之后，就开始萌发出想要买一辆城市SUV的念头，于是就开始了挑选的过程。不过现在的越野大多的都是比较硬朗或者中庸的外观，我想要那种回头率爆表的。这不，我最后把这辆丰田CHR带回了家。,爱车评价,[最满意],家里有台老爸的老款凯美瑞，自己没事也在开，比较老气横秋。在到了自己买车的时候，老爸也推荐买丰田。了解了最近丰田的车型，对CHR一见钟情啊，瞬间被她的颜值给圈粉了，当然外观这种东西仁者见仁智者见智哈。以我的审美是真心觉得漂亮啊，最满意的就是外观了，开上路回头率高啊。,[不满意],最不满意的地方就是后备箱小了点，平时自己爱运动，装点衣服装备什么的，就放不下啥了，今后结婚有小孩儿了，难道又要换车不成？,[外观],[内饰],外观不必多说，自然是美不验收。外观的设计有些未来感，另外双色车身感觉更加的酷炫，前脸设计造型上有些丑萌丑萌的感觉，车侧线条比较有个性，车门设计的像个两门跑车的造型，最喜欢的还是尾部的那个尾翼设计，特别有战斗的气息。,内饰的设计很贴近生活也很现代化，平整多层次感的中控台，黑色的背景基调，智能的多媒体操控以及功能强大的多功能方向盘，在做工上和材料方面也都比较理想，硬塑料出现的频率不高，大多数的地方都是被皮质包裹上的，整体上挺满意的。,[空间],内部空间不挑剔，咱自己选的就是小型车，要求那么高干嘛，够用就行了呗。况且就是代步基本上大部分时间也是就我一个人用，就算偶尔同事蹭一下车，家人出门逛个街，基本上也够用了，并不显得很紧张。后背箱是不大，但是座椅放倒之后还是可以放不少东西的。,[舒适],驾驶的感觉超级舒适啊，方向盘除了手感特别好之外，指向性也很精准，操控起来特别的流畅自如，而且车跑起来平稳流畅，后排乘坐上就更加的舒适了。还有减震也是比较好的。,[动力],第一次感觉到燃油车的动力也可以这么强劲，特别是高速过弯道是抓地力和平稳性相当的不错，加上包围式的坐垫，更让我对这台车信心十足。,[操控],驾驶的感觉还是超棒的，感觉特别适合在城市跑。不愧是城市SUV，而且就底盘来说比起轿车肯定是高的，出去郊游我感觉也是非常合适的。,[性价比],这款CHR也是丰田家做得比较好的一款，我觉得性价比不错，外观好看，安全性高，动力也充足，空间也够用，最关键的是，养车便宜，这是最重要的。,
"
    发表于  2020-05    

      
        
    
    
",xuser1853691,https://image1.xcarimg.com/attachments/my/1/84/36/914_120.jpg,三星会员,4.38,外观,4,内饰,4,续航,4,空间,4,舒适,4,动力,5,操控,5,性价比,5,购入信息,爱车车型,购入时间,2020/1/1,购车地点,上海美兰汽车销售服务有限公司 [上海市],裸车价格,22.3万  (厂商指导价 22.58万),续航里程,370km,购入用途,上班,购物,接送小孩,爱车简评,毕业之后，就面领着走上社会迎接全新的历练。自然是先要工作，然后为了车房而努力向上。目前房子还是吃力些，不过车子垫垫脚还是能够到的。于是想要买一辆颜值好看，偏潮流的车。比对了许久，最终我把C-HR带回家。,爱车评价,[最满意],外观是首要的，CHR的外观设计真的很好看，设计上动感有力。当初一看到CHR的测评我就中毒了，然后天天泡论坛看车友的提车，看网友发出的照片想象我将来可能拥有它之后的样子。CHR从外观设计上非常对年轻人的口味，完全俘虏了我。再有就是现在我开车上路，时不时还会有人问我这是款什么车，外观很好看，回头率简直爆表。再有就是发动机用着省心，这样一款紧凑型的城市SUV，动力上还是挺够用的。空间上也不会太憋屈，比起之前看其他论坛上的空间吐槽要好的太多。,[不满意],其实就是细节上考虑的有一些欠缺吧，也是个人的建议。前排档把位置的储物空间设计不够细致，两个杯架虽然很大，但是想放点别的东西的时候，空间的利用率并不是很理想。,[外观],[内饰],车身侧面的线条很动感，有一条很有活力的曲线从前大灯开始，一直延续到后尾灯，整体的视觉效果非常紧实动感。从后车门开始车顶有一些倾斜，很有运动感，而且车尾的层次感很丰富，还有一个小尾翼，杀气十足。我还很喜欢CHR的轮毂，这种树叶状的设计很好看，精致。,内饰上面比较精致，做工用料也是比较厚道的，平时开车手能触摸到的地方都比较软，手可以很自然地靠在车门上还有扶手箱上。内饰的各种按键手感不错。因为顶棚是黑色的，所以氛围很运动。,[空间],主要说一下后备箱吧，可以在盖板盖着的情况下轻松放下两个24寸的行李箱，还可以在边缘位置放两个背包，而且这个时候行李箱上面还有不少空余空间。如果把盖板拆开还可以放不少行李，所以从空间上来看，CHR的表现还是可以的。,[舒适],CHR把整车的运动性和舒适性平衡的不错。底盘比较厚重，但有一些硬，过减速带的时候，车速过快，会有较为明显的颠簸。座椅来说比较柔软，包裹性也好，能够给驾驶者提供较好的背部支撑，能有效缓解驾驶时的背部疲劳吧。,[动力],2.0升自然吸气的发动机挺给力的，上坡，超车没有什么压力，跑高速时，120巡航，转速只有1800转，两千都没有上。如果急加速，可以马上上到3000转，动力输出很舒服。,[操控],方向盘手感很好，轻同时也有助力，阻尼调校的很舒适。同时转向精准，在超车的过程中，游刃有余。,[性价比],CHR的性价比还是很高的，因为从驾驶品质，配置，外观，还是内饰的氛围等等，各方面都是挺不错的。品质这种东西是不能简单的进行横向的跨级别对比，没有可比性。这个价格能够拥有一台较年轻运动，轻快好开，颜值在线，空间不错的车子，性价比自然是不错的。,展开全部
"
    发表于  2020-05    

      
        
    
    
",xuser1853690,https://image1.xcarimg.com/attachments/my/1/84/36/905_120.jpg,三星会员,4.75,外观,4,内饰,5,续航,5,空间,5,舒适,5,动力,5,操控,4,性价比,5,购入信息,爱车车型,购入时间,2020/1/1,购车地点,北京传是汽车销售服务有限公司 [北京市],裸车价格,22.58万  (厂商指导价 22.58万),续航里程,400km,爱车简评,,,,爱车简评,家里之前的车开得时间长了，已经到了可以更换的地步。之前就是日系的车，自然还是想要换日系，不过轿车开得多了，想要换一辆SUV开一开。在进行仔细的对比之后，最终选择了广汽丰田新出的SUV-CHR。始于颜值，忠于实力,爱车评价,[最满意],最满意的应该就是外观漂亮和动力强劲了。操作性能也不错，底盘扎实容易上手。我不是那种追求手动驾驶乐趣的人，只要求简单安全，开了几天CHR就和它完全融合到了一起，开着很熟练。动力是没得说，只要舍得踩油门，加速反应很迅猛。还有油耗也算是我满意的一点，上下班代步跑得都是市区，车子的外观简直帅爆，看起来有二十多万车的感觉，家里人也都是挺满意的。,[不满意],最不满意就是大部分车友说的噪音的问题，也算是比较值得吐槽的点吧，准确来说应该是胎噪的问题，当然这对于我来说是完全能接受的。另外减震偏硬也是一个硬伤，还有就是买车要求的颜色是黄色，让加了2000块，让人心里不爽。没有电动调节座椅，每次开车还要手动调座比较尴尬，不过谁让自己喜欢这款车呢。,[外观],[内饰],领先版车灯不是LED的，是卤素车灯，亮度还行吧，再开两年考虑换成LED的。买的柠檬黄，颜色很亮，阳光照射下特别好看，非常的有质感。外观整体非常时尚个性，特别讨女孩子喜欢，我媳妇很满意。,中控台的设计很有特点，中间蓝色装饰条很漂亮，方向盘造型也不错，新车味道有一点，我慢性鼻炎嗅觉很差都可以闻到，只能多通风晒晒太阳，车里再放一些炭包。,[空间],空间大，虽然是个小型SUV，但是空间我感觉跟一般的紧凑型轿车差不多了，媳妇刚坐进去就说空海可以。我177CM身材微胖，坐在前排头顶还要有一拳多的高度，后排腿部坐下时还有接近两拳，头部空间也有一拳多点。后排座椅放倒后基本全平，稍微有一点坡度，需要拉大件就放平座椅，空间还是挺灵活多变的。,[舒适],CHR的悬挂避震偏硬，过坑洼路段稍微有一些颠簸，不过座椅的舒适性没问题，柔软厚实。后排放平之后是可以躺着睡觉的。,,,[操控],转向很精准，说实话这个车虽然是SUV，不过我觉得跟开轿车差别不多。而且坐姿高一些视野更好，主动刹车系统很实用，开车难免会有注意力不集中的情况在，有了这个等于多了一个安全保障。,,,展开全部
