publish,标题,名称,评分,评分1,评分2,评分3,评分4,评分5,评分6,评分7,评分8,评分9,评分10,评分11,评分12,评分13,评分14,评分15,评分16,标题17,信息,信息18,信息19,信息20,信息21,信息22,信息23,信息24,信息25,标题26,purpose,标题27,jia_text,信息28,dw_22,dw_2229,dw_23,dw_2330,dw_1,dw_131,dw_2,dw_232,dw_3,dw_333,dw_4,dw_434,dw_6,dw_635,dw_7,dw_736,dw_8
"
    发表于  2020-02    

      
        
    
    
",lh333nqz7,新手上路,4.5,外观,5,内饰,4,续航,5,空间,5,舒适,5,动力,4,操控,4,性价比,4,购入信息,爱车车型,购入时间,2019/11/1,购车地点, [浙江省],裸车价格,13.58万  (厂商指导价 19.88万),续航里程,11km,购入用途,上班,爱车简评,符合中性吧。蓝配黑，如果再有可以选择，我觉得要么棕色，要么米色，不要把室内座椅组合颜色，看着档次太低了。,爱车评价,[最满意],出于对电动车的好奇，购入这款车型，在使用后发现特别省心省事，基本没有后续的什么保养啊故障之类的，最得意就是空间大，座椅可以自由*折叠，拉货特爽。原车慢充接口充电时间比其它车型都要快很多，室内配置有前后空调出风口，就是最好的，后座不压抑。我还特意去做了底盘喷漆和全车隔音，开起来室内特安静，没有杂音，胎噪算是很小的可以接受。这车算是选对了，为这车点赞吧。,[不满意],手刹车很软(经常会溜车)最高时速115KM(遇到要超车，超不了),[外观],无可挑剔，蓝色的镀络部分算是经典之标志性，有个性。,,,[空间],座椅为2+2+3的组合，进出是方便，但是最后排座空间偏小点，比较拘束，如果轴距有再大点就比较不错。座椅自由折叠，货是可以拉很多这个得????。☆空间设计亮点：最后排是三座，但是可以直接折叠到二排座椅上，后箱随时拉大件货特别有空间。,[舒适],室内做了隔音后，效果特好，胎噪和风声很小,[动力],低速提速和超车，跑车都没得比。高速上100码后就不行,[操控],低速起步，超车，提速快。这是特别有自信。高速115码以上，超车就不行。,[性价比]
"
    发表于  2019-02    

      
        
    
    
",benbenaip18,新手上路,2.5,外观,1,内饰,1,续航,5,空间,3,舒适,3,动力,3,操控,3,性价比,1,购入信息,爱车车型,购入时间,2018/12/1,购车地点, [河北省],裸车价格,13万  (厂商指导价 20.88万),续航里程,250km,购入用途,商务接送,爱车简评,待商家提高，车子要造长点宽点，后背箱造好看点，看见了面包车的影子。,爱车评价,[最满意],冬天电跑得快，空调不敢开，、续航与??标的差距太大。,[不满意],续航短，冬天开空调续航短，长点的路不敢开。就是一个累。,[外观],象面包车,[内饰],一般粗糙，不够细异味异响：异味蛮大，冬天开空调有点烧焦的小味到，还要改进，厂商保养点不多，还要跟上,[空间],坐人还可以，后背箱太小，车身长点最好,[舒适],走好路还可以，走点烂路不行，还有点一响。,[动力],前期可以，后期不行,[操控],一般,[性价比]
