publish,标题,图片,名称,评分,评分1,评分2,评分3,评分4,评分5,评分6,评分7,评分8,评分9,评分10,评分11,评分12,评分13,评分14,评分15,评分16,标题17,信息,信息_链接,信息18,信息19,信息20,信息21,信息22,信息23,信息24,信息25,信息26,标题27,purpose,purpose28,purpose29,标题30,jia_text,信息31,dw_1,dw_132,dw_23,dw_2,dw_2333,dw_234,dw_3,dw_335,dw_4,dw_236,dw_437,dw_238,dw_6,dw_639,dw_7,dw_740,dw_8,dw_841,openall
"
    发表于  2021-06    

      
        
    
    
",tomyingfgm,https://image1.xcarimg.com/attachments/my/0/31/05/970_120.jpg,新手上路,4.88,外观,5,内饰,4,续航,5,空间,5,舒适,5,动力,5,操控,5,性价比,5,购入信息,爱车车型,https://newcar.xcar.com.cn/m56569/,2021款爱驰U5 ING+,购入时间,2021/3/1,购车地点, [山东省],裸车价格,18.5万  (厂商指导价 20.99万),续航里程,500km,购入用途,上班,接送小孩,,爱车简评,空间绝对没问题，坐人空间也大，后备箱的使用空间也非常强大，这一点我非常满意,爱车评价,[外观],外观颜值很高，没得说，在路上跑回头率超高的，所到之处都有人回头看我，哈哈,[不满意],[最满意],减震方面能改进一下就好了，颠簸有些明显，有的一些比较高的减速带没有完美的过滤掉,当时爱驰在商场做车展，一眼就被外观吸引了，外观很好看，虽然设计很简约，但是车头很大，显得很有气场,,,[舒适],[内饰],座椅的包裹性很不错，舒适性也很高，毕竟家用车，舒适度高还是很重要的，美中不足的就是减震偏软，再调试一下就好了。,内饰很有科技感，特别是大屏部分，个人感觉横屏比竖屏要好看很多，我本人很讨厌竖屏上面多出来的那一块，很别扭，操控也挺顺手的,[动力],动力很足，提速很快，尤其是起步，非常快，个人感觉比燃油车的提速还要快。,[操控],作为一枚老司机，爱驰U5的操控真的算得上是上乘了，方向盘也是指哪打哪，没什么虚位，就算是新手也能很好的驾驭,[性价比],性价比很高，尤其是后续用车，不用加油，也不用保养油钱都省下了。,
"
    发表于  2021-06    

      
        
    
    
",长沙猛子gnr3,https://image1.xcarimg.com/attachments/my/0/31/05/972_120.jpg,新手上路,4.88,外观,5,内饰,4,续航,5,空间,5,舒适,5,动力,5,操控,5,性价比,5,购入信息,爱车车型,https://newcar.xcar.com.cn/m56569/,2021款爱驰U5 ING+,购入时间,2021/3/1,购车地点, [上海市],裸车价格,18.64万  (厂商指导价 20.99万),续航里程,500km,购入用途,上班,购物,接送小孩,爱车简评,性价比真的是很高了，现在的新能源车动辄都要三十多万，爱驰U5不到二十的价格就能有这样的表现，真的是很不错的了。,爱车评价,[外观],外观是我最喜欢的地方，简洁大方上档次，车身线条流畅完美，颜值超高,[不满意],[最满意],刚开车2个月，目前最不满意的就是感觉音箱不是品牌的音箱，音质还不错，但是和牌子的音箱音质还是差一些。,最喜欢的就是他的高颜值，外观非常大气，看过第一眼就很难再喜欢上别的车，内饰也比较舒服，适合家里有老人和孩子的人选择。,[空间],空间绝对是没话说，当时决定买它也是因为相中了他的超大空间，无论外观还是内饰都显得非常威猛,[舒适],[内饰],舒适性做的很不错，车内的软包做的非常舒服，再加上前后独立悬挂，避震性能也非常好，舒适感属上乘。,内饰的话没什么亮点，就是很简单的设计，无功无过,[动力],感觉爱驰的调教还是不错的，没有普通电动车那种一脚猛冲的感受，加速更像是油车的感觉，不会是急加速，所以他的这个行驶感受真的超出我的想象，相当给力。,[操控],操控性能不错，感觉方向盘要比燃油车的更加轻盈，转向也很精准，一个字，稳！,,,
"
    发表于  2021-05    

      
        
    
    
",david0831jl1,https://image1.xcarimg.com/attachments/my/0/31/05/973_120.jpg,新手上路,4.88,外观,5,内饰,4,续航,5,空间,5,舒适,5,动力,5,操控,5,性价比,5,购入信息,爱车车型,https://newcar.xcar.com.cn/m56569/,2021款爱驰U5 ING+,购入时间,2021/1/1,购车地点, [山东省],裸车价格,22.99万  (厂商指导价 20.99万),续航里程,500km,购入用途,上班,购物,接送小孩,爱车简评,动力输出很棒，随踩随来，运动模式下，动力输出更直接，像我平时上下班开的话，超个车根本不在话下,爱车评价,[外观],外观挺简约大气，我很喜欢这种设计，比起花里胡哨的外观我还是更喜欢这种简单大方没什么罗嗦的设计,[不满意],[最满意],如果非说最不不满意，可能就是内饰吧，过于简单了，如果能够再有设计感一些就好了,外观、空间和动力吧，外观应该是我最满意的地方，尤其是黑色配这么大的一款车，很大气。车内空间也很大，动力也很充沛，对于家用车来说，空间大这一点我非常满意,[空间],空间很大，我个子比较高，试过几款车下来还是觉得爱驰是我坐着最舒服的,[舒适],[内饰],隔音做的非常棒，座椅的包裹性做的也很好，带家人出门的时候家人也说前后排坐起来都很舒服,内饰过于简单了，整体没什么太大的亮点，感觉还可以再做得更精细一点。,,,[操控],方向盘挺轻的，转向也是指哪打哪，没什么虚位,[性价比],耗电低，经济实惠，当然性价比OK了，不然我也不会选择这款车。,
"
    发表于  2021-05    

      
        
    
    
",golf2001x,https://image1.xcarimg.com/attachments/my/0/31/05/967_120.jpg,新手上路,5,外观,5,内饰,5,续航,5,空间,5,舒适,5,动力,5,操控,5,性价比,5,购入信息,爱车车型,https://newcar.xcar.com.cn/m59237/,2021款爱驰U5 标准续航 PURE智净版,购入时间,2021/2/1,购车地点, [陕西省],裸车价格,20.99万  (厂商指导价 17.99万),续航里程,500km,购入用途,上班,购物,接送小孩,爱车简评,性价比超高，家用特别合适，后续也没什么多余的保养费用，也不用加油，基本相当于一笔消费，不用养车，比燃油车要省太多钱了。,爱车评价,[外观],最满意的就是爱驰U5的外观，简约大气，绝对符合现在年轻人崇尚简约美的理念，无论是整车的前脸还是车的侧身线条，我都很满意。,[不满意],[最满意],目前来看没什么不满意的地方，以后再找吧。,最满意的绝对是外观，简约，大气，稳重，很利落的设计，而且车身线条也很流畅，比现在市面上大部分的新能源汽车还是强不少的。,[空间],空间这方面我觉得做的相当不错，最重要的是利用率非常高，没什么浪费的空间，大大小小的地方都能利用起来，我还是挺满意的。,[舒适],[内饰],舒适性非常棒，特别是减震这方面，过减速带或者小一点的台阶都可以轻松过滤掉，车身也不晃，不像这个价位的车该有的表现,内饰很好，材料也很舒适，尤其是整车座椅的包裹材料都非常软，很适合老人和孩子乘坐。,[动力],动力绝对强劲，加速的话比其它车要好很多，就算是满载动力也足够，打消了我一直以来对“电车不如燃油车动力强劲”的顾虑。,[操控],操控太稳了，一等一的赞，就算是跑高速方向盘也不会飘，安全性很高。,,,
"
    发表于  2021-04    

      
        
    
    
",iqbsex146,https://image1.xcarimg.com/attachments/my/0/31/05/968_120.jpg,新手上路,4.75,外观,4,内饰,5,续航,5,空间,5,舒适,5,动力,4,操控,5,性价比,5,购入信息,爱车车型,https://newcar.xcar.com.cn/m59238/,2021款爱驰U5 长续航 PURE智净版,购入时间,2021/3/1,购车地点, [四川省],裸车价格,20.99万  (厂商指导价 19.99万),续航里程,500km,购入用途,上班,自驾游,,爱车简评,买车前看了ES6加上选装要50万，特斯拉model3也35万了，我选的爱驰落地在20左右，性价比高很多。,爱车评价,[外观],爱驰的设计比较大胆前卫，适合我们这样比较追求潮流的年轻人。,[不满意],[最满意],车子总体很不错，没什么不满意的地方，很不错的！,适合自己的就是最好的，无论是价格还是产品都蛮合适，之前对比过蔚来和特斯拉，价格都超预算太多，爱驰的性价比很高。,[空间],空间非常满意，尤其是后排，因为没有中央隆起，所以坐起来非常舒服。,[舒适],[内饰],隔音好，座椅柔软舒服，家人都爱坐，那舒适性肯定很棒了。,车内科技感很强的，基本上都是触控或者语音控制，简化了人机交互体验，车内的接缝也很均匀，做工不错。,[动力],百公里加速7秒多的车，在汽油车里面相当于2.0T动力了，加速非常快。,[操控],底盘调校的比较运动，方向也很精准，开起来非常顺手。,,,
"
    发表于  2021-02    

      
        
    
    
",11110kz8,https://image1.xcarimg.com/attachments/my/0/30/74/407_120.jpg,新手上路,4.63,外观,4,内饰,4,续航,5,空间,5,舒适,5,动力,4,操控,5,性价比,5,购入信息,爱车车型,https://newcar.xcar.com.cn/m56568/,2021款爱驰U5 ING,购入时间,2020/12/1,购车地点, [四川省],裸车价格,20.99万  (厂商指导价 18.69万),续航里程,500km,购入用途,上班,购物,自驾游,爱车简评,在20W级别的新能源车里面爱驰U5不论在续航，智能驾驶，操控性来说都属于性价比比较高的了,爱车评价,[外观],整车考虑的是一个安全型，前脸圆润宽，面积越大受力跟均匀外观设计比较圆滑，在晚上的时候开灯更帅。,[不满意],[最满意],不满意的就是续航，虽然之前听说新能源汽车续航大部分都是虚标，但是实际上要多一点儿，这个nedc续航503，实际上跑的话也就410到450km左右，城市里面400多是没有问题，高速路上最多也就跑到380到390左右我觉得这点儿还是要改进的，而且车机30分钟之内很卡，这个也是很多新能源车的通病，不能很顺滑的操作，而且语音操控在之前会错误识别，经常莫名切歌，年后的话车子ota升级已经解决了这个问题。现在在成都的售后服务点比较少，听说后续会多设几个售后服务中心，目前位置的话只有一个，还是不方便的。,家里人一直开惯开燃油车，不管是自然吸气还是涡轮增压，都能听到那种发动机加速的轰轰声，这是一种刺激同时也是一种噪音，选择新能源汽车，也是因为它电机的声音很小几乎听不到，选择爱驰U5也是因为试驾过后真实的感受过静音真的不错，包括车子的操控性，之前在网上了解过爱驰u5出口过欧盟国家，操控性偏向于德系的感觉，车子压过路面上小石子，坑洼的路段你能真实的感受到压过去，爱驰U5有很多人性化的设计，爱驰U5方向盘是扁平的并不是常规的圆形，在我看来这样的好处可以让驾驶人能清楚的知道自己的方向盘是否是正的。这一点还是比较人性化的。,[空间],后备箱空间，这也是我看重的。我现在的用车场景。需要后备箱能装一些东西。后备箱的储物能力是我看过这么多车里面算是最好关键的是后排放下来能与后备箱呈一条水平线。后排：后排空间，因为是正向开发的平台所以，能给车内留很多的空间后排空间大小也是同级别算是最大的了，大概三拳半的距离。,[舒适],[内饰],买一台新能源汽车它和燃油车的区别就是，它到你手上并不是像燃油车一样是一个很死的配置，它会后续OTA升级让车变得跟智能。这个也就是年后升级的版本，的确比之前要好座椅舒适性：这个座椅刚坐上去的时候很硬，但是坐久了就会越来越舒服，有一些太软的座椅开久就会疲倦，这点儿其实是不错的包围性很好,内饰比较简约，爱驰更加追求智能互动，大部分东西都可以用语音操控，所以车内按钮很少，这点儿还是不错的,[动力],动力方面相当于2.0T的燃油车的动力，但是因为是电控的响应速度会比燃油车快得多，所以在起步和提速方面要快的多。,[操控],在操控方面，在行驶的途中去故意的走一些坑洼路段，你能感受很清楚，有一些偏德系的感觉，后续我也在网上查到爱驰汽车的研发中心在德国。,,,展开全部
"
    发表于  2021-02    

      
        
    
    
",huntercju,https://image1.xcarimg.com/attachments/my/0/30/74/408_120.jpg,新手上路,5,外观,5,内饰,5,续航,5,空间,5,舒适,5,动力,5,操控,5,性价比,5,购入信息,爱车车型,https://newcar.xcar.com.cn/m56571/,2021款爱驰U5 PRO+,购入时间,2020/8/1,购车地点, [四川省],裸车价格,22.99万  (厂商指导价 24.99万),续航里程,500km,购入用途,上班,接送小孩,,爱车简评,爱驰这款车采用的是头枕和背靠一体的设计，运动感十足，座椅的皮质感也不错，软硬适中，太软的话支撑性又不够了。,爱车评价,[外观],乍看第一眼觉得车子并不亮眼，但是还比较耐看☆故障-外观：目前没有出现质量问题☆外观感受：沉稳大气吧车灯设计：简介明了，线条比较少，整洁钣金车漆：颜色还算耐脏车身及车轮：焊缝真的很均匀，缝隙也比较小,,[内饰],,典型的北欧风格，跟沃尔沃风格比较类似。☆故障-内饰：没有出现任何问题☆车联网：每个月10G流量还够用，屏幕一般吧就和奔驰E级的那个屏幕差不多大。☆氛围灯：颜色好像就一种吧☆GPS导航系统：导航实时联网，还可以，语音就可以控制☆内饰设计风格：北欧风格内饰异味异响：内饰没有异味，满足欧盟的环保标准不是盖的多媒体：音质一般，高保真级别吧内饰材质：座椅材料还是比较好的，nappa级别的满意,[空间],后排空间很宽大，中间没有隆起很舒服，翘个二郎腿没问题。☆空间设计亮点：空间确实大，而且下方还有比较理想的私密储物空间，爱了爱了后备厢容积：后备箱下方还有比较大的储物空间。,[舒适],,座椅真皮没得说摸起来还是很舒服的，车子里面也没有异味，☆PM2.5过滤装：有赠送一个PM2.5过滤器还是比较实用的。☆空调温度分区控制：双驱空调，后排有独立出风口，而且是扩散式的不会吹感冒。☆后座空调出风口：独立出风口座椅舒适性：软硬适中，包裹性比较好。车内噪音：没有发动机所以很安静，也就高速上会有风噪和胎噪。空调：制冷效果来得很快，制热稍慢（相对来说）☆车内消毒方式：有空气净化器，消毒的话没听过什么车可以自动消毒悬架减震舒适性：减震干脆，比较偏德系车,,[动力],动力随时踩随时来，电车反映速度有车是远远比不上的，运动模式下就更直接了，再说我一般不飙车，好好开车动力绝对够用了。☆故障-动力系统：目前没有发生过任何故障，去售后也是做系统升级。经济/运动模式加速：节能模式下我电耗在14左右，高速上18.5左右算意料之中的。跑高速：虽然销售给我说系统限速是160，但是固执的还是开到过170，就是开快了电耗会比较高。,[操控],操控其实还是比较灵敏的，指哪儿打哪儿，方向盘轻重也可以调节。☆故障-操控系统：目前没有出现过故障☆自动泊车入位：自动泊车自己没怎么用过，没有发言权，但是看过他们第三代泊车的视频，人不用呆在车里，下车后车子自动停进车位里面，好像也挺高科技的，下次升级应该就可以体验了。☆车道保持辅助系统：车道保持系统还是很好用的，自己目前亲测很好很方便。☆并线辅助：用过这功能，挺实用的后方有车过来车子后视镜有提醒，声音也有提醒，倒车的时候还有开门的时候都有提醒，挺实用的。方向盘操控感：没有虚位置，软硬可调。底盘悬架支撑：支持感觉良好，减震干脆，没有异响。刹车表现：制动效果比较理想，而且有陡坡缓降，一般是大型车才会配备的，这车居然也有，而且下坡的时候还会反向充电。,[性价比],电费便宜，保养便宜，还不交购置税，算算账都会觉得便宜购车：我是按揭拿了两年免息，还不错保养维护：没送保养，2W公里保养一次，300块钱左右随便开。4S店售后服务：去过两次都是做系统ota升级。到店还是挺热情。品牌评价：品牌知名度比较小，确实是这个品牌的弱势，但是是金子总会发光的，群里面这么多车住还没有谁后悔买爱驰，说明爱驰还是可以的。,展开全部
"
    发表于  2021-02    

      
        
    
    
",wuwui,https://image1.xcarimg.com/attachments/my/0/30/74/406_120.jpg,新手上路,4.5,外观,5,内饰,4,续航,5,空间,5,舒适,5,动力,4,操控,4,性价比,4,购入信息,爱车车型,https://newcar.xcar.com.cn/m56382/,2021款爱驰U5 SE,购入时间,2021/1/1,购车地点, [江苏省],裸车价格,20万  (厂商指导价 16.69万),续航里程,500km,购入用途,上班,购物,接送小孩,爱车简评,当时购买预算是20万以内上路，结果稍微超出一点，感觉价格有点偏高，毕竟品牌知名度还没出来,爱车评价,[外观],外观还比较大气，是我喜欢的,[不满意],[最满意],价格偏高，目前路上跑的不多，不知道售后能不能跟上,空间很大，前后排很宽敞，老人坐上去不压抑,[空间],我是南方人，178身高，坐上去头部空间绰绰有余,[舒适],[内饰],过颠簸路面避震还舒适，车内也没有任何异味，空间也大，前后排坐着都很舒服,是自己喜欢的黑色内饰，耐脏性好,[动力],电动车起步比我以前开的燃油车快多了，打空调动力影响没感觉,[操控],方向盘是椭圆形设计，一下子不适应,,,
"
    发表于  2021-02    

      
        
    
    
",bdijrsw1,https://image1.xcarimg.com/attachments/my/0/30/74/405_120.jpg,新手上路,4.75,外观,5,内饰,5,续航,5,空间,5,舒适,5,动力,4,操控,4,性价比,5,购入信息,爱车车型,https://newcar.xcar.com.cn/m58362/,2020款爱驰U5 LITE,购入时间,2021/2/1,购车地点, [江苏省],裸车价格,20.99万  (厂商指导价 21.99万),续航里程,500km,购入用途,上班,购物,接送小孩,爱车简评,这款车的使用和后续保养成本还是很低的，日常不用保养，家里充电，每公里也就0.08元，相当省钱，20万的价位能买到这么大的车很实惠了,爱车评价,[外观],外观大气，无进气格栅很前卫，全车LED大灯，车门接缝均匀，做工很棒,[不满意],[最满意],车机导航更新慢，AI语音反映慢，高速风噪大,最直观的就是空间大，外观大气，无进气格栅很前卫，行驶品质好,[空间],爱驰U5的空间还是蛮大的，一家人用车很实用，后备箱放宝宝椅、旅行箱还有很大的空间，后排的空间更是没的说，翘二郎腿都行☆空间设计亮点：车内空间大，无论是后排还是后备箱，后排有2拳半的富余，后备箱能放折叠自行车,[舒适],[内饰],座椅：爱驰这款车采用的是头枕和背靠一体的设计，运动感十足，座椅的皮质感也不错，软硬适中，太软的话支撑性又不够了。噪音方面：平时在市区60码以下可以说是相当的静音，起步很舒适，没有燃油车的段挫感异味：这点爱驰控制的挺好的，基本车内没啥异味,爱驰这款车采用的是头枕和背靠一体的设计，运动感十足，座椅的皮质感也不错，软硬适中，太软的话支撑性又不够了。,[动力],电动车的加速不用多加赘述了，一脚油门就可享受推背的快感，轻松爬坡,[操控],爱驰这款车的调教很舒服，有德系车的架势品质，转向还是灵敏的，但可能是SUV和车身大的原因，弯大的时候还是会飘,,,展开全部
"
    发表于  2021-01    

      
        
    
    
",kenthmp05,https://image1.xcarimg.com/attachments/my/0/30/70/222_120.jpg,新手上路,4.88,外观,5,内饰,4,续航,5,空间,5,舒适,5,动力,5,操控,5,性价比,5,购入信息,爱车车型,https://newcar.xcar.com.cn/m56570/,2021款爱驰U5 PRO,购入时间,2020/12/1,购车地点, [山东省],裸车价格,22.99万  (厂商指导价 22.99万),续航里程,500km,购入用途,上班,接送小孩,自驾游,爱车简评,动力输出强劲，在日常通勤，高速上完全够用。经济/运动模式加速：经济模式提速给力，运动模式推背感十足。总体性能体验非常好。,爱车评价,[外观],整车铸造件多，车门车架都是一体冲压而成，提升安全性的同时也增加了密封性。,[不满意],[最满意],内饰设计略显单调，还有外观造型稍有保守。,对比过众多电动品牌，二十万级我首选爱驰，紧凑型的车身尺寸却有着中大型的轴距，乘用空间，宽敞舒适；动力充沛，说来就来；方向精准，指哪打哪；底盘扎实，软硬恰好；上钢下铝，搭配得当；欧盟品质，德系风格；尊享智能，越级享受；综上所述，远超同级。,[空间],前排空间调节自如，中排空间宽敞舒适，后排装载方便。☆空间设计亮点：中排座垫可灵活反转，让后排全平放倒后呈全平状态。乘坐空间：无论驾驶位还是乘客位，1.75米的我随便坐进去，无论头部还是腿部都有两三拳以上的空间，空间相当充裕，很是满意。后备厢容积：后备箱，常态下三四个中型行李箱都可以放下，把第二排放倒后空间更大，1.75米的人平躺过去后门依然正常关上，无阻碍。车内储物能力：车内储物格还是蛮多的，四门边都有储物格，主副驾座椅后也有网状储物格。家人乘坐评价：能满足一家人的日常出行，无论腿部还是头部空间都相当不错。,[舒适],[内饰],其他品牌新车总会有一股味道，但爱驰新车竟然一点气味都没有，同时车内也还有空气净化器，使得车内空气质量更加好。座椅舒适性：座椅软硬适中，同时头枕做成与沃尔沃同款，保护颈椎，贴心。,三折屏的仪表盘，新颖别致，科技感强，非常满意。☆GPS导航系统：导航精准，对路况的预判准确，更新及时没有延时。☆车联网：语音识别灵敏，能连续对话，但系统语音要更年轻化就好了。,,,[操控],方向精准，转向也很清晰，基本上是指哪打哪。底盘悬架支撑：底盘扎实，适应各种复杂路况，悬挂软硬适中。☆车道保持辅助系统：车道保持系统能及时纠正偏离，非常人性化。方向盘操控感：方向盘转向轻盈灵活，没有虚位，操纵舒适。,[性价比],同价位相比，配置丰富；同配置相比，价格实惠。,展开全部
"
    发表于  2020-12    

      
        
    
    
",xuser1875054,https://image1.xcarimg.com/attachments/my/1/86/50/540_120.jpg,三星会员,3.5,外观,4,内饰,4,续航,3,空间,3,舒适,4,动力,3,操控,4,性价比,3,购入信息,爱车车型,https://newcar.xcar.com.cn/m56569/,2021款爱驰U5 ING+,购入时间,2020/10/1,购车地点, [上海市],裸车价格,20.4万  (厂商指导价 20.99万),续航里程,380km,购入用途,上班,购物,自驾游,爱车简评,我老婆本来还要买c200的，我坚持买es6，还有点不高兴，提车回来她开了一天，现在是真香,爱车评价,[外观],不用说了，自己看，反正我是喜欢的不要不要的,[不满意],[最满意],没提车前经常看到app上有车主反映异响，还有小毛病，我目前还没遇到。再说我的macan3年换了分动箱，还各种理由让我买了四个轮胎（见我的另一个帖子）相对来说的终身质保让我更放心。但是有些小毛病希望高层重视一下,1.颜值高，路上回头率很高，2.动力强，加速真不是吹的，而且电动车的加速比燃油车来的更直接，一点迟滞都没有。3.用料好，全铝车身还有地盘什么的我这个外行也不懂，我只知道内饰用料和做工不比我的保时捷macan差，科技感人性化方面比保时捷还好。足以见的爱驰是真的下了功夫的。,[空间],超大超大超大超级大，我身高178，正常驾驶位置，后排还有40厘米的距离,[舒适],[内饰],悬架过比较大的坑震动不大，反而是压倒白线的时候能明显感觉到轮胎有震动，我也不知道这是故意调试成这样还是怎么样,内饰符合豪华车的定位，用料也很好，设计师加鸡腿，既有科技感，又不是豪华感。不像特斯拉，说好听点科技，说难听点就是个毛胚,[动力],随叫随到，你敢踩它就敢起飞，真的可以说是秒天秒地了。地板电，路上见一个超一个，没一个能打的。基本上市区绝对够够的，高速还没去跑过,[操控],方向的话我不是很敏感，比较不是专业车评人，反正感觉比我的保时捷好开，保时捷倒车或者起步总是会有一点点的迟滞和变速箱的顿挫，这个车就完全没有了,[性价比],这车要是挂个国外的牌子，卖70万都值。现在只要20万，真香,展开全部
"
    发表于  2020-12    

      
        
    
    
",xuser1875054,https://image1.xcarimg.com/attachments/my/1/86/50/541_120.jpg,三星会员,3.63,外观,5,内饰,2,续航,4,空间,3,舒适,4,动力,4,操控,3,性价比,4,购入信息,爱车车型,https://newcar.xcar.com.cn/m56569/,2021款爱驰U5 ING+,购入时间,2020/10/1,购车地点, [河北省],裸车价格,20.8万  (厂商指导价 20.99万),续航里程,380km,购入用途,上班,购物,自驾游,爱车简评,建议用户应该多一些包容，还在成长，就算是特斯拉也没有完美，也会有事故出现，任何一辆车都不会完美，我们既然选择蔚来不仅仅是选择了他，而且要帮助他变得更好，就想爱驰说：买车对于它来说只是开始，服务才是宗旨,爱车评价,[外观],车灯和汽车外形设计是选这辆车的理由之一，车身颜色选择灰色换了轮毂的大小。,,[最满意],,满意的可太多了。这空间，q7在旁边也就五五开。这样貌，酷中带着雅痞。这加速，当亮起绿灯时，从来都是很寂寞的……,[空间],乘坐空间舒适，宽敞，座椅调节符合人体工学。车内的储存能力尤其是后备箱容积大，适合家庭为单位的使用者。,[舒适],,座椅的舒适度软硬适中，可以自己调节。后排座椅比较宽敞，车内隔音效果不错，空调出风口和风量调节阀比较适合。,,[动力],高速开特别舒适，尤其是用自动驾驶模式。动力系统方面非常好，起步很快。,,,[性价比],购车整个流程和服务都很细致很方便， 售后服务也很热情，品牌文化和品牌影响力也是选择蔚来的重要之一。,
"
    发表于  2020-12    

            
    
    
",xuser1875054,https://image1.xcarimg.com/attachments/my/1/86/50/543_120.jpg,三星会员,3.63,外观,4,内饰,4,续航,4,空间,3,舒适,4,动力,5,操控,2,性价比,3,购入信息,爱车车型,https://newcar.xcar.com.cn/m56569/,2021款爱驰U5 ING+,购入时间,2020/10/1,购车地点, [河北省],裸车价格,20.3万  (厂商指导价 20.99万),续航里程,360km,购入用途,上班,购物,,爱车简评,我自己在网上也是各种刷帖看各路大神的测评，自己也亲自试驾，最终决定就是她了，车子的外观，内饰，空间，智能化系统深得我心，开起来也没有顿挫感，起步加速很快，完全符合我的预期。,爱车评价,[外观],对比一下隔壁的大众，蔚来各个角度吊打，外观，设计，气场等，绝对是豪华车的配置,[不满意],[最满意],"最好是能有更长续航，配套的换电站再多一点,冬天北方的续航真是不堪",三十岁了，送给自己人生的第一辆车，作为一名德语老师，一直对德系车有情节，今年刚刚换了工作，必须往返南京和镇江，电车成了我的首选，毛豆三对我这种体格来说太小，后来选择了爱驰。提车当天因为我个人下班比较晚，工作人员一直耐心等待并和我一起再次确认车子性能状况，当天回家就开上高速，风噪极低，车子也很稳，不飘，总体上非常满意,[空间],空间超大，200斤胖子坐在后排好无拥挤感,[舒适],[内饰],座椅舒服，柔软性强，我准备买个靠垫，应该会更舒服,内饰豪华舒适，车载网络比较稳定，每个月有免费的流量使用,[动力],虽然是SUV电车，起步贼快，没有顿挫感，,[操控],方向盘操控灵活，转向操控很舒服，刹车制动及时快速,[性价比],总的来说，电车可以节省很多成本，比如购置税，邮费，年检，保养等等，而且买了服务无忧之后，小刮小蹭，不用走保险，直接交给爱驰处理，甚至上门补胎,
"
    发表于  2020-12    

      
        
    
    
",xuser1875054,https://image1.xcarimg.com/attachments/my/1/86/50/545_120.jpg,三星会员,4.38,外观,5,内饰,4,续航,5,空间,4,舒适,4,动力,5,操控,5,性价比,3,购入信息,爱车车型,https://newcar.xcar.com.cn/m56569/,2021款爱驰U5 ING+,购入时间,2020/9/1,购车地点, [河北省],裸车价格,19.6万  (厂商指导价 20.99万),续航里程,360km,购入用途,上班,购物,,爱车简评,无论是加速，驾驶，舒适度都是同级别车里面不错的！现在唯一担忧的事后面置换，车的保值问题,爱车评价,[外观],现代科技，我个人比较喜欢这种时尚的外观，而且有辨识度.，这点对于一个品牌来讲非常重要,[不满意],[最满意],要说的话，觉得还是续航问题，仪表盘显示的剩余公里数应该与实际对应，不然容易产生焦虑感，这个需要提升！,从不考虑电动车，不接受国产车，再到现在爱不释手，也用了短短几天时间，就下了定金，买下了属于我们的。近距离的感受它的质感，用眼睛去看，感受着设计带给你的直觉感受，这是蔚来给我的冲击感，只要你去亲身体验，你想下定金了哈哈。真的是从客户的体验出发的，让你在行车过程中感受到汽车的质感以及身心的愉悦，所以当我们还在纠候，倒不如去看一些实实在在的东西，把车启动，把手握住方向盘，身踩一脚油门，感受一下蔚来，感受一下推背感，那种敦实而又敏捷的感觉，传遍你的身体！中国加油，，一直都希望中国也有自己的高端品牌！,[空间],空间非常不错了，对于我们三口之家，安全座椅，婴儿车全部放下没有问题,[舒适],[内饰],避震，过坎都挺好，目前行驶过程中都比较平顺，稳，毕竟这么大的车身自重,整体内饰风格也不错，将传统与现代感相结合，不会失去油车那种感觉，又增加了不少科技感的东西，过度不错,[动力],这个没的说，跟我的油车比起来，方向盘舒适，加速快，但是要注意安全大家,[操控],方向盘操控灵敏，但刹车因人而异，我觉得有时候卡的太紧。故意顿挫，应该再平滑一些,[性价比],充电也方便，外加爱驰的一键加电等等服务，你基本不用怕没电啥的，保养也便宜，点个赞,展开全部
"
    发表于  2020-12    

            
    
    
",xuser1875054,https://image1.xcarimg.com/attachments/my/1/86/50/546_120.jpg,三星会员,3.75,外观,5,内饰,4,续航,3,空间,4,舒适,3,动力,4,操控,3,性价比,4,购入信息,爱车车型,https://newcar.xcar.com.cn/m56569/,2021款爱驰U5 ING+,购入时间,2020/10/1,购车地点, [河北省],裸车价格,20万  (厂商指导价 20.99万),续航里程,390km,购入用途,上班,购物,,爱车简评,其实我本人纠结了很久，甚至动过要不再等等看。朋友们总说空间大、配置更高，但最后我还是选择了这台车,爱车评价,[外观],生活中需要热情，每次取车，都会让心情有所更新，再加上总是在我靠近时闪动的轮眉灯，仿佛有人在等待我，外观的设计以及细节的小心思都让人无比期待。,[不满意],[最满意],要说最不满意，那主要就是电池的续航问题，这应该也是许多车主反映过，在网络上也十分有争议的问题，其实我平时日常使用完全没有续航的忧虑，个人觉得续航问题更多体现在长途出行上，如果你要做500公里以上的长途出行，开这个车肯定是比油车慢的,最满意的地方主要是蔚来的车用料很好，我对于ta质量，是完全没有什么担心的，买回来之后也不会觉得，之前买的汽油车在使用后会有一些糟心的售后问题要处理。目前ES6使用下来暂时没有遇到什么问题，另外这台车是全铝车身，空间大，可以放下很多东西，内饰比较符合我的审美要求，动力也足,[空间],空间很大，这不用说了，而且因为车里的空间大，让人整体都很舒展，没有闭塞感，这也让无论是我开车，还是朋友坐车的体验都特别的好。另外空间大也让很多事都变得相对便利了起来，这也许就是换一台新车的最主要的目的吧，他需要让生活有所改变，让事情更顺心。,[舒适],[内饰],前面的几个部分就完全可以说是很体现舒适性了，除了这些，最让我感受到舒适的就是它的车载音响与香薰。关上车窗，坐在车中，在一个相对封闭的环境下，开车的时候仿佛和外界隔离了，我可以尽情的享受我喜欢的有优质音效的音乐。另外车内的氛围也做得很不错，坐在里面感觉很温馨。,每一步都让我觉得，是有品味的，是每一个细节都有所思考的，都有所设计的，而且蔚来的整体风格都是我喜欢的，我相信内饰体验也不会差，提车后，事实也正是如此。,[动力],动力很足，电门一踩就走，大家可以去门店试驾一下，是一种比较轻松、轻快的感受，也许蔚来超前未来的年轻化的理念已经融入到车的每一个部分，文字的贫瘠让我无法形容，只有真正上手试了，才会明白。,[操控],比油车开起来舒服得多，这是为什么很多开了电动车的人再也不想开油车的原因，这个只能自己去体会了，哈哈哈。,[性价比],性价比高，其实除了我本身很喜欢，还有一个原因，就是现在愈发觉得加油贵了,
"
    发表于  2020-12    

      
        
    
    
",xuser1875054,https://image1.xcarimg.com/attachments/my/1/86/50/548_120.jpg,三星会员,3.75,外观,5,内饰,4,续航,3,空间,4,舒适,3,动力,4,操控,4,性价比,3,购入信息,爱车车型,https://newcar.xcar.com.cn/m56569/,2021款爱驰U5 ING+,购入时间,2020/10/1,购车地点, [河北省],裸车价格,20万  (厂商指导价 20.99万),续航里程,390km,爱车简评,,,,爱车简评,因为我180高个子，然后看了雷克萨斯，感觉没啥缺点也没啥优点，老年人开开的。又看了奔驰，口碑差的雅痞直接否定，后来打算预定一辆宝马530，但是在机缘巧合下我刷抖音看到了这个电动车,爱车评价,[外观],回头率很高，我自己稍微小改一下，也不用备案，巨帅。,[不满意],[最满意],节假日经常断网（我不影响，基本都是听歌，不看电影的）其他小毛病可以忽略不计，因为可以服务无忧直接有人给你搞定,空间大，性能强起步秒杀90%的车子，内饰无敌，安全堪比沃尔沃，外观回头率很高，有辆电瓶车为了看我跟另外一辆电瓶车撞了。买了后，改变的不止是我的车，还有生活！以前每天晚上或者休息天，都在家玩英雄联盟或者炉石传说，现在天天跟车友到处玩，各种活动，真的无敌,[空间],空间很大，像我180高180重的人，坐四个轻轻松松，后备箱也很大！可以去看看实车,[舒适],[内饰],过滤装置是医用级别的！亲身体验！绝对可以！蔚来的东西用料做工方面很高的,真皮座椅，超纤维顶棚，绝对的高级感,[动力],动力绝对要甩油车十万八千里，真的不管是超车，提速，简直无敌,[操控],我是宝马车主平常开车很凶的，现在都服这个蔚来的操控，而且更爽！自己试驾过就知道了！！,[性价比],自从新能源崛起之后，我就一直在观察留意新能源车，也正好赶上换车，起初很忐忑，后来也是经过几个夜晚的辗转反侧才下的决定，爱驰U5真的超就帮,展开全部
"
    发表于  2020-12    

            
    
    
",xuser1875055,https://image1.xcarimg.com/attachments/my/1/86/50/550_120.jpg,三星会员,3.88,外观,4,内饰,4,续航,3,空间,4,舒适,5,动力,4,操控,3,性价比,4,购入信息,爱车车型,https://newcar.xcar.com.cn/m56569/,2021款爱驰U5 ING+,购入时间,2020/10/1,购车地点, [河北省],裸车价格,20.5万  (厂商指导价 20.99万),续航里程,390km,购入用途,上班,购物,,,,爱车评价,[外观],就一个字：非常好看！一个字怎么会够，真的超级棒，属于那种开到大街上每个人都会盯着看很久的那种,[不满意],[最满意],有时候会开小差，另外如果说英文比如人名或歌曲名辨认度不高。偶尔会没有信号。,今年打算把国四的迈腾卖了，主要还是觉得10万公里了发动机开始有毛病了！起初我是想买亚洲龙混动的，可是内饰让媳妇贬的一文不值，哈哈，没办法工具车确实太丑了！后来带着媳妇兜兜转转看了宝马3、宝马5、A6L、CT6、XT6、图昂X，model3，小鹏P7.......过程持续了两个多月，还是没有决定。后来试驾了爱驰之后就迷上了他的动力！必须的！这点上汽油车和电动车没有可比性！,[空间],一般四人出行毫无压力！根同级别SUV车型储物空间相似，2800的轴距后排很舒服！,[舒适],[内饰],没有选装空气悬挂，可以调节软硬，感觉连续小颠簸回弹比较多，会有晕船的感觉,用料有诚意，做工比较精细，不要觉得是江淮代工的就不好！,[动力],不管是哪个模式下的加速都比油车快多了！,[操控],方向盘很轻，以至于我开回油车以为转向助力坏了呢哈哈,[性价比],同价位我觉得无车可出其左右！,
"
    发表于  2020-12    

            
    
    
",xuser1875055,https://image1.xcarimg.com/attachments/my/1/86/50/555_120.jpg,三星会员,4,外观,5,内饰,4,续航,4,空间,3,舒适,5,动力,4,操控,3,性价比,4,购入信息,爱车车型,https://newcar.xcar.com.cn/m56569/,2021款爱驰U5 ING+,购入时间,2020/10/1,购车地点, [河北省],裸车价格,20.5万  (厂商指导价 20.99万),续航里程,400km,购入用途,上班,购物,,爱车简评,几辆车当中最满意的，事先是省钱，一天通勤要120公里，10块钱的电费就搞定啦，原来要100元这也是选择电动汽车的主要原因，其次是颜值高回头率超高，内饰和操控性能也非常满意，行驶在路上油门一点就立刻轻松超越过去,爱车评价,[外观],宽大的前脸设计是最吸引人眼球的！车灯设计线条流畅，特别是心跳尾灯独一无二，老远不开车标就能认出，有一种会呼吸 会心跳 这才是一辆有生命力的车。,[不满意],[最满意],车门的隔音效果不是太理想，下雨门玻璃上挂满水珠影响观看倒后镜时想升降玻璃把水刮下来，效果不好刮不干净。,我只管开不用考虑几年后电池的衰减而二次更换电池几万块钱吗？[闭嘴]终身质保又少了一大笔后期维护成本,,,[舒适],[内饰],座椅的调节要比其他车少了座位倾斜，只能上下调，感觉会窝在里面，空调设定温度后不能恒温，太冷时明显还有制冷或除霜的风吹在身上。,皮质座椅加2个大屏，升降可调方向盘，整体内饰比较完美,[动力],平常使用较多在节能模式但一点不影响提速，路上起步超车感觉真的好棒。,[操控],方向操控性能和奥迪差不多很灵活，油门踏板反应灵敏。,,,
"
    发表于  2020-12    

            
    
    
",xuser1875055,https://image1.xcarimg.com/attachments/my/1/86/50/557_120.jpg,三星会员,4.25,外观,5,内饰,4,续航,4,空间,3,舒适,4,动力,4,操控,5,性价比,5,购入信息,爱车车型,https://newcar.xcar.com.cn/m56569/,2021款爱驰U5 ING+,购入时间,2020/10/1,购车地点, [河北省],裸车价格,22.8万  (厂商指导价 20.99万),续航里程,350km,购入用途,上班,购物,,爱车简评,要颜值有颜值，要空间有空间，要硬件有硬件，要服务有服务，价格实惠量又足！,爱车评价,[外观],外观霸气，作为颜值控，看不腻，在国产新势力里，设计感毫无疑问排第一。,[不满意],[最满意],刹车点头，日常行车就算缓慢刹停，也有比较明显的点头现象，影响舒适度，悬架调硬后，有所改善,加速性能优异，驾驶感挺高级。加速超车并线一气呵成毫无迟疑，一踩就有行云流水。过小坑滤震良好，给人厚实和高级感，另外过弯支撑很有信心。2、安静，胎噪小，车内听隔音做的好，同价位里算是优秀。3、颜值与实用并存。好看，这个不用多说，不管里还是外，和更高价位的车一起气势一点也不虚,[空间],充足的车内空间，5人乘坐一点也不憋屈，腿部空间充裕，带娃方便！后备箱储物能力强大！,[舒适],[内饰],适性占据很大因素，新车几乎没有异味，空气净化功能也让人更放心。 舒享套装内置香薰确实香，而且香的高级，内置3个香型，随意切换。方向盘座椅加热很快，但座椅通风在酷暑使用时感觉风量不及预期。,内饰足够豪华、舒适，用料足，细节上也到位，扶手箱、储物格底部都有绒底，比特斯拉确实强不少。,[动力],运动版性能足够使用，如果不开惯性能车的，确实足够用。性能版动力就过剩了。车快了车技也要提升噢！,[操控],操控不错，过弯信心足，另外虽然没有空气悬架，，软硬可调，过小坑滤震良好，给人厚实和高级感。当然能上性能版就更好了。,[性价比],能买到这个颜值、这个性能、这个舒适度以及服务的车，其实性价比不错了。,
"
    发表于  2020-12    

            
    
    
",xuser1875055,https://image1.xcarimg.com/attachments/my/1/86/50/559_120.jpg,三星会员,4.25,外观,4,内饰,4,续航,4,空间,5,舒适,4,动力,5,操控,4,性价比,4,购入信息,爱车车型,https://newcar.xcar.com.cn/m56569/,2021款爱驰U5 ING+,购入时间,2020/10/1,购车地点, [河北省],裸车价格,22.5万  (厂商指导价 20.99万),续航里程,300km,购入用途,上班,购物,,爱车简评,动力充沛，提速快，尤其是红绿灯路口，有一种优越感；车外观大气，有个性，识别度高；空间足够大，两排座椅，毫无压抑感，再配上全景天窗，乘坐舒适度高，家庭用车完全没问题，后备箱空间也是足够的大,爱车评价,[外观],看一眼就知道了，真的不错，大气，回头率超级高,[不满意],[最满意],.续航问题；满电状态下正常行驶350km左右；高速行驶约120KM/h时可行驶250-280km；针对城市用车及周边游没问题，偶尔的长途还是略有些担忧,"宏观方面，国家正在大力支持新能源汽车和新基建的发展，国内新能源汽车市场春天已来；根据国家新能源规划，到2025年，家用新能源汽车销售占比20%，随着充电桩的快速建设，电车的性价比和便捷性就会更加显现出来，应该是未来的发展趋势；个人方面，处于能源行业，对于新能源汽车有一点了解,而且爱驰也并没有让我失望，虽然大车驾驶的笨重感，也没有驾驶的不适感，整体驾驶体验感不错；智能化可视化程度高，通过APP可以远程监控和控制车辆状态以及充电桩，使用很方便",[空间],空间很大，家用完全足够，储物设计合理，还有个密码箱，各方面体验佳,[舒适],[内饰],座椅有点硬，但整体还好，各方面都很好，一个字，香,内饰有豪华感，用料也比较充分，皮质包覆部分较多,[动力],"动力充沛，跑高速也很稳,提速推背感明显，后劲十足",[操控],操控灵敏，指向性好，轻便，车道保持功能也很出色,[性价比],从后期用车成本来看，真的蛮省的，性价比不错，前期投入略贵,
"
    发表于  2020-12    

            
    
    
",xuser1875056,https://image1.xcarimg.com/attachments/my/1/86/50/561_120.jpg,三星会员,3.75,外观,5,内饰,3,续航,4,空间,3,舒适,4,动力,3,操控,4,性价比,4,购入信息,爱车车型,https://newcar.xcar.com.cn/m56569/,2021款爱驰U5 ING+,购入时间,2020/9/1,购车地点, [上海市],裸车价格,22万  (厂商指导价 20.99万),续航里程,380km,购入用途,上班,购物,,爱车简评,个人抱有比较强烈的爱国情结，2新能源汽车是大环境下的产物，而且爱驰可以说是国产品牌的佼佼者，3服务，做工，行驶质感各个方面都能吸引到你,爱车评价,[外观],帅气 好看，大气有个性 非常适合我本人审美,[不满意],[最满意],新车异味大，续航历程还是低尤其是冬天,今年十一期间从保定一人开车回东北，来回接近4000公里，第一没有感到里程焦虑，因为app里会有充电地图帮你解决充电路线问题。第二服务：1终身免费换电，换电不花钱；2长途不焦虑，免费异地加电，只要提前做好路途规划，邀约好加电车，就会有加电小哥提前等你到约定地点，而且加电小哥们还会帮你检查轮胎，检查玻璃水；3做工细节处理到位，很多人喜欢跟特斯拉做比较，首先要强调的是 真心的特斯拉做工完全不能比 第二内饰当面也是吊打，这里大家可以自己去现场对比；4行驶质感，我身边很多朋友都从奔驰 宝马 保时捷换成爱驰了，大家跟我感受特别相似，行驶感觉真的很安静，很舒服，如果你在考虑买车，建议你一定要去亲自试驾一下爱驰，真的跟传统的汽车有很多很多的不一样！,[空间],大，而且很舒服 满载情况下都不会觉得拥挤,[舒适],[内饰],舒服，座椅包裹性很好，支撑性也不错，喜欢,做工细致 没有味道，满满的高级感 朋友们都夸,[动力],动力方面没得说 加速随时响应，只要你敢加油，他就给你足够的速度,[操控],指向型非常不错 指哪打哪，但不建议你漂移，,[性价比],吊打同级别bba车型，做工，服务，后续花费,
"
    发表于  2020-12    

            
    
    
",xuser1875056,https://image1.xcarimg.com/attachments/my/1/86/50/562_120.jpg,三星会员,3.63,外观,4,内饰,4,续航,3,空间,4,舒适,3,动力,4,操控,4,性价比,3,购入信息,爱车车型,https://newcar.xcar.com.cn/m56569/,2021款爱驰U5 ING+,购入时间,2020/10/1,购车地点, [河北省],裸车价格,20.99万  (厂商指导价 20.99万),续航里程,390km,购入用途,上班,购物,,爱车简评,1.动力充沛，加速干脆不犹豫，跑得快刹得住，底盘挺舒服，电门线性，动能回收开习惯了以后不会很突兀；2.内饰豪华敢很强，比某些国产品牌和某一国外大牌强多了,爱车评价,[外观],看着不大其实不小，不影响舒适性。这个颜色也耐脏，适合懒人。相对于车头我更喜欢车尾，尾灯真漂亮。没有贴车衣，做了个镀晶，服务无忧的羊毛不能不薅。,[不满意],[最满意],电池的续航还是显得不足，尤其是冬天，日常通勤尚可，稍微远一些就力不从心了,.配置丰富，到了这个价位基本上该有的全有了，并且可以根据个人喜好定制选装，比较人性化，丰俭由己；.价格透明，打破传统4S店销售模式，不需要砍价,[空间],横向空间可以，纵向略显不足，个人感觉，后备箱倒是挺大。后排配置略显简单，出风口充电口小小的储物盒。后排座椅很宽，座椅软，支撑不够，膝部空间够用。后备箱深度和高度都很满意，隔板下有储物空间，遮物帘需要自己买。,[舒适],[内饰],坐进来非常舒服，基本上所触之处都是软的。前排双层玻璃，再加上是电机驱动，中低速非常安静。没有选装空气悬架，但目前的底盘滤震和支撑也已经挺好了。有PM2.5过滤。,我很喜欢，中控屏幕不算小，信息很丰富，还有快捷键设置。座椅软，舒服，支撑略差。新车有一些味道，买了炭包加通风1周后就好了。还有香氛系统可以选装。氛围灯颜色不多。扶手箱很深,[动力],动力绝对够用，加速有信心，超车更安全，瞬间峰值推背感及强,[操控],方向盘略重，指向准确，车身跟随性很好，开起来不觉得车大，刹车很稳。,[性价比],购车没有强制消费，还有好多小赠品和许多积分，这个挺好的。服务无忧略贵，但能买一个省心。车本身物有所值，当然如果更便宜一些就再好不过了。,
"
    发表于  2020-07    

            
    
    
",铁手走天涯梢,https://image1.xcarimg.com/attachments/my/1/85/12/194_120.jpg,三星会员,4.88,外观,5,内饰,5,续航,5,空间,5,舒适,5,动力,4,操控,5,性价比,5,购入信息,爱车车型,https://newcar.xcar.com.cn/m50269/,2020款爱驰U5 PRO,购入时间,2020/4/1,购车地点, [天津市],裸车价格,24.79万  (厂商指导价 24.79万),续航里程,503km,购入用途,上班,购物,接送小孩,爱车简评,爱驰U5前排驾驶座空间大并且设计合理，后排地板几乎没有凸出，家人反馈特别好。,爱车评价,[外观],我几乎是在4S店看到它的第一眼，就被这车霸气拉风的外观吸引了，满满的豪车感，视觉冲击力很强！,[不满意],[最满意],没什么不满意，我一直觉得自己选择的就是最好的。,外观和内饰的设计，满满的豪车感,[空间],对于这辆车的空间方面，我是非常满意的。前排驾驶座空间大并且设计合理，后排地板几乎没有凸出，家人反馈也特别好。,[舒适],[内饰],这车不管是开车还是乘坐都非常的舒适，因为空间大不顶头不顶腿，空调效果也很明显不会等半天，路况不好也不会太颠簸，总之我感觉坐着很舒服。,这辆车的内饰方面无论是配色还是设计都很年轻化，但与设计相比，我想最能吸引我的，还是这车的中控大屏。,[动力],这辆车的动力非常不错，完全能够满足日常的动力需要。尤其是等红绿灯的时候，起步的状态不错，超车也完全不会吃力，不会有什么顿挫感。,[操控],这辆车虽然外形看起来很大，但我开着很轻松很顺手，基本上没有感受到顿挫感。而且这车的方向盘也非常灵活，转向精准，底盘也比较扎实，通过性不错。,[性价比],萝卜青菜各有所爱，只要你喜欢，多少钱都值得。,
"
    发表于  2020-07    

            
    
    
",gh1569629052,https://image1.xcarimg.com/attachments/my/1/79/91/001_120.jpg,三星会员,5,外观,5,内饰,5,续航,5,空间,5,舒适,5,动力,5,操控,5,性价比,5,购入信息,爱车车型,https://newcar.xcar.com.cn/m50269/,2020款爱驰U5 PRO,购入时间,2020/4/1,购车地点, [广东省],裸车价格,24.79万  (厂商指导价 24.79万),续航里程,503km,购入用途,上班,自驾游,,爱车简评,爱驰U5的内饰做工用料非常细致，材质手感也挺好，仪表盘很酷，设计很有运动感。,爱车评价,[外观],我的爱驰U5外观很帅，很上档次，整体造型非常有设计感，我个人还是比较喜欢的。提车第二天我就把车开去公司了，同事们都夸个不停，说也想去提一辆，我还是挺得意的，哈哈！,[不满意],[最满意],都买回来了，再想满不满意也晚了。,空间吧，我比较注重这些实用的方面，可以给日常生活带来很多便利。,[空间],我看车的时候是带着朋友一起去的，朋友200多斤，我让他坐在后排试一下感觉怎么样，他坐进去以后就跟我说了两个字：够大！而且这车的后备箱也很大，空间利用率比较高，我还是非常满意的！,[舒适],[内饰],这辆车的舒适性很不错，后排中间的地板是平的，没有凸起，坐在中间的人腿部不会有不适感，这一点我非常喜欢。,这辆车的内饰做工用料非常细致，材质手感也挺好，仪表盘很酷，设计的很有运动感，我挺喜欢这样的设计风格的。,[动力],这辆车的动力还是比较足的，我开车比较慢，开这辆车感觉起步挺稳，不会有很肉的感觉，而且后期提速也比较快，跑在路上贼带劲。,[操控],爱驰U5的操控还是挺不错的，尤其是这车的底盘很高，通过性很好，说实话当初买这辆车也是有这方面的原因的，开车时就不用担心底盘问题了。,[性价比],只要这款车，我喜欢的样子它都有，不管是外形、内饰还是性能，刚好满足我的需要，那对我来说性价比就是最高的。,
"
    发表于  2020-07    

            
    
    
",我爱牛市帜,https://image1.xcarimg.com/attachments/my/1/85/12/192_120.jpg,三星会员,5,外观,5,内饰,5,续航,5,空间,5,舒适,5,动力,5,操控,5,性价比,5,购入信息,爱车车型,https://newcar.xcar.com.cn/m50269/,2020款爱驰U5 PRO,购入时间,2020/5/1,购车地点, [上海市],裸车价格,24.59万  (厂商指导价 24.79万),续航里程,503km,购入用途,上班,购物,自驾游,爱车简评,爱驰U5这辆车的车身线条非常流畅，优雅美观，属于越看越耐看的款型。,爱车评价,[外观],我很喜欢这辆车的外观设计，霸气时尚，一点也不显得小家子气，而且车身线条非常流畅，优雅美观，属于越看越耐看的款型。,[不满意],[最满意],自己选择的车子，没什么不满意的。,作为司机，我肯定最关注操控，我也确实是因为这车优秀的操控才决定入手的。,[空间],空间没什么好说的了，我177cm坐在驾驶座上，空间非常宽敞，后排比同级别的大部分车都要宽。,[舒适],[内饰],这辆车的隔音非常不错，市区行车车内还是比较安静的，不会感到很嘈杂，座椅的舒适性也很好，包裹性很强，符合人体工程学设计，坐久了也不会感觉太疲劳。,这辆车的内饰做工不错，刚买来的时候基本没什么异味，车内的音响设备也很好，声音立体度和饱满度都不错，座椅的腰部支撑也比较到位，我对内饰还是很满意的。,[动力],这辆车的动力对我来说够用了，起步不肉，只要愿意踩油门，总是第一个冲出去，开着空调跑感觉影响也不大，动力输出很平顺。,[操控],我没试驾过这辆车之前还挺怀疑的，试驾之后才知道，爱驰U5的确是做的非常好，开起来的感觉很踏实，平平稳稳，我非常满意。,[性价比],我没试驾过这辆车之前还挺怀疑的，试驾之后才知道，爱驰U5的确是做的非常好，开起来的感觉很踏实，平平稳稳，我非常满意。,
"
    发表于  2020-05    

      
        
    
    
",佛依依副,https://image1.xcarimg.com/attachments/my/1/84/52/760_120.jpg,三星会员,5,外观,5,内饰,5,续航,5,空间,5,舒适,5,动力,5,操控,5,性价比,5,购入信息,爱车车型,https://newcar.xcar.com.cn/m50269/,2020款爱驰U5 PRO,购入时间,2020/5/1,购车地点, [北京市],裸车价格,24.79万  (厂商指导价 24.79万),续航里程,503km,购入用途,上班,接送小孩,自驾游,爱车简评,这个价位来说，爱驰U5的性价比还是很高的，设计很时尚，真皮座椅和方向盘，做工不错。360°全景泊车影像系统，停车行车都方便很多。,爱车评价,[外观],爱驰U5的外观整体带点流线型的感觉，个人觉得比较动感。属于耐看型。,[不满意],[最满意],总的来说，我对这辆车还是挺满意的，没什么让我不满的大毛病。,设计吧，整辆车的整体设计没辜负价格，只是看起来就很有档次感，我很喜欢。,[空间],这辆车是5座车，满载的时候，车上的人都说很舒适，一点也不会拥挤。,[舒适],[内饰],座椅是真皮的，柔软舒适，符合人体工程学设计，紧密贴合乘坐曲线，能够减少长时间乘车的劳累感。,这个价位来说，我对爱驰U5的内饰设计是非常满意的，内饰很时尚，真皮座椅很舒适，中控设计看着相当美观，屏幕分辨率也很高。,[动力],我既然买了纯电动车，对于动力方面其实就没那么在乎，够用就行。,[操控],我既然买了纯电动车，对于动力方面其实就没那么在乎，够用就行。,[性价比],我对这辆车还是挺满意的，毕竟是自己选择的车子，哈哈！,
"
    发表于  2020-05    

      
        
    
    
",xuser1855275,https://image1.xcarimg.com/attachments/my/1/84/52/757_120.jpg,三星会员,4.88,外观,5,内饰,5,续航,5,空间,5,舒适,4,动力,5,操控,5,性价比,5,购入信息,爱车车型,https://newcar.xcar.com.cn/m50269/,2020款爱驰U5 PRO,购入时间,2020/4/1,购车地点, [上海市],裸车价格,24.79万  (厂商指导价 24.79万),续航里程,503km,购入用途,自驾游,,,爱车简评,大空间，适合家庭出游聚餐、后备箱储物便利，乘坐舒适、内饰精细充满科技感。当初我也看了不少车子，对比下来还是最喜欢爱驰U5，所以就订车了。,爱车评价,[外观],我选择这车的一大原因就是因为这车优秀的外观设计，非常霸气，我买的是具有端庄优雅范的白色，漂亮极了，做工也很细致！,[不满意],[最满意],价格吧，原本我没想考虑这么贵的车子，但实在是喜欢，所以才“忍痛”买了。,喜欢这车的外观设计，霸气与精致并存，做工也很细致,[空间],说真的，我对这辆车的空间方面还是很满意的。电动座椅调节，前后均无空间压力，乘坐空间舒适、后备箱储物便利。,[舒适],[内饰],座舱设计极简，座椅包裹性不错，全景天窗，内部光线比较明亮。开起来比较舒服。,这车在功能布局方面也是下了功夫的，没有太复杂的搭配，用的材质也比较软，摸起来质感不错。而且这辆车的座椅是真皮的，包裹性也非常不错，内饰方面细节处理的比较到位。,[动力],车子开起来很稳当，上下坡输出都非常平顺，动力体验感很强,[操控],开着比较轻松，方向盘比较轻，转向十分灵活。车子的底盘也不错，在过弯路的时候没有太大的倾侧，稳定性很好。,[性价比],整体表现对得起这个价格，我买之后，不后悔。,展开全部
"
    发表于  2020-05    

            
    
    
",灿烂的美厮,https://image1.xcarimg.com/attachments/my/1/84/59/874_120.jpg,三星会员,4.88,外观,4,内饰,5,续航,5,空间,5,舒适,5,动力,5,操控,5,性价比,5,购入信息,爱车车型,https://newcar.xcar.com.cn/m44420/,2020款爱驰U5 ING+,购入时间,2020/5/1,购车地点, [浙江省],裸车价格,22.21万  (厂商指导价 22.21万),续航里程,503km,购入用途,上班,接送小孩,自驾游,爱车简评,爱驰U5的门缝标准为3.5mm，间隙仅有±0.5mm误差，不愧是坚持打造德系品质的爱驰汽车！,爱车评价,[外观],外观是购买的很大的一个因素。另外就是这车的做工比较精细，有豪华感的即视感，有些小细节处理的比较好，门缝标准为3.5mm，间隙仅0.5mm误差。,[不满意],[最满意],整个使用起来没发现啥问题，基本满意。就是购买的时候，有点肉疼，但是综合使用成本跟使用体验来说，整体能接受。,我最满意的是操控，当初我试驾了不少车，感觉爱驰U5开起来指向性比较好，基本不会有怠速情况。,[空间],空间是非常大的，乘坐空间很宽敞，后备箱储物空间采用可扩展设计，后排座椅放倒后，后备箱的容积超大。,[舒适],[内饰],这辆车的车内外均采用了性能优异的吸隔声材料，营造出了卓越的隔音氛围，置身车内，尽享清净无扰的宁静世界。,中控大屏科技感比较强，操作起来也很方便，屏幕视觉效果很不错。,[动力],动力还是很不错的，车子跑高速的时候提速感比较强，不会起步软，使不上力。总体满意。,[操控],作为一辆中型SUV，这车的操控性已经很好了，哪怕高速转弯，也能平稳过弯，丝毫没有飘起来的感觉，厚重踏实的感觉棒极了！,[性价比],车子是好车，支持国产，性价比可以接受，对得起这个配置跟做工。,
"
    发表于  2020-05    

      
        
    
    
",等待是幸福撑,https://image1.xcarimg.com/attachments/my/1/84/59/871_120.jpg,三星会员,4.88,外观,5,内饰,5,续航,5,空间,5,舒适,5,动力,4,操控,5,性价比,5,购入信息,爱车车型,https://newcar.xcar.com.cn/m44420/,2020款爱驰U5 ING+,购入时间,2020/5/1,购车地点, [天津市],裸车价格,22.21万  (厂商指导价 22.21万),续航里程,503km,购入用途,上班,接送小孩,,爱车简评,爱驰U5 的“八环复合笼式车身” 可以保证乘员舱的坚固不破和撞击能量的迅速释放，从而不会伤及乘员，安全性很高。,爱车评价,[外观],提起外观，第一眼就觉得比较耐看，另外就是“八环复合笼式车身”，乘员舱的坚固不破和撞击能量的迅速释放，从而不会伤及乘员。漂亮不重要，安全性才是最重要的！,[不满意],[最满意],感觉现在对纯电动车还不太友好，路上充电桩不是很多。,觉得这辆车的性价比挺高的，设计不错，空间宽敞，科技感强，还是纯电动车，挺超值的。,[空间],这辆车前排驾驶区域以及后排乘坐都非常宽敞，坐满5人没有局促的感觉。车内舒展活动非常自在。储物空间也得到了充分体现，前排储物空间可满足随身物品的轻松摆放，后排可实现360°环绕储物布局，非常厉害。,[舒适],[内饰],爱驰U5采用了前麦弗逊独立悬架及后多连杆独立悬挂系统，能够提供舒适而不失精准的驾驶感，可减少颠簸路面跳动，提升乘坐舒适性。,这辆车中控台的用料方面不错，很多地方都用了一些软质材料，这点比同价位的一些其他车感觉更好一些，设计比较豪华。,[动力],动力完全够用，提速响应比较快。高速、市区道路开，给一脚油，动力输出还是很强悍的,[操控],我很喜欢这辆车的智能家居互联，能够实现远程控制车辆与智能家居。人在车外也可远程控制爱驰U5的门锁，车窗，天窗，空调，尾门，授权启动等功能，真正实现了一机在手远程遥控。,[性价比],这辆车的性价比还是很高的，做工、内饰材料综合使用比较满意。,展开全部
"
    发表于  2020-05    

      
        
    
    
",地球树讨,https://image1.xcarimg.com/attachments/my/1/84/55/370_120.jpg,三星会员,4.88,外观,5,内饰,5,续航,5,空间,5,舒适,5,动力,5,操控,5,性价比,4,购入信息,爱车车型,https://newcar.xcar.com.cn/m50269/,2020款爱驰U5 PRO,购入时间,2020/4/1,购车地点, [上海市],裸车价格,24.79万  (厂商指导价 24.79万),续航里程,503km,购入用途,上班,购物,,爱车简评,空间大，一家人出去不会有任何的拥挤感，后排座位的话也是有差不多2拳的距离，坐的时间长了也不会觉得很累。,爱车评价,[外观],销售告诉我，这车秉承了德系基因，拥有德系研发、制造的豪华阵容，德系车的品质世界闻名，所以我对这车的外观设计和做工还是很放心的。,[不满意],[最满意],快充可能还不是非常方便。,喜欢这车的外观内饰设计以及前后排空间、后备箱也很大，很能装。,[空间],前后排头部空间，腿部空间及横向空间，乘坐体验都非常不错，就算前排座椅调到最后，后排坐着也不会顶着膝盖。后备箱储物空间也是看的见的大。,[舒适],[内饰],座椅坐着比较柔软，包裹性不错。,这辆车内饰的整体布局不错，看起来很有设计感，很多小的细节也做得非常好，很精致。而且这车内饰的材质也很好，座椅的面料是真皮的，非常柔软，很舒适！,[动力],开着空调，红绿灯起步的时踩油门，动力也比较充沛。,[操控],底盘比较稳，开起来得心应手。,[性价比],一分钱一分货，爱驰这个价格不能算低，但对比用车体验即售后，整体是可以接受的。,展开全部
"
    发表于  2019-12    

      
        
    
    
",在看一眼gqu,https://image1.xcarimg.com/attachments/my/0/30/71/026_120.jpg,新手上路,4.88,外观,5,内饰,5,续航,5,空间,5,舒适,5,动力,5,操控,5,性价比,4,购入信息,爱车车型,https://newcar.xcar.com.cn/m50269/,2020款爱驰U5 PRO,购入时间,2019/12/1,购车地点, [天津市],裸车价格,24.79万  (厂商指导价 24.79万),续航里程,500km,购入用途,上班,购物,,爱车简评,虽然在电动车里动力算是平平无奇的数据但绝对可以应对各种情况而且输出足够线性，初次驾驶不会觉得与传统燃油车有差别。,爱车评价,[外观],外观因人而异个人很喜欢，但装配工艺真的达到了无可挑剔的程度,[不满意],[最满意],"希望有更多配置上的选择,也希望车内可添加的众创产品尽快上线.","驾驶感受非常好,底盘扎实操控反馈明朗舒适,整车制造工艺品控非常过硬,续航里程接近NEDC标准,车联网功能实用",[空间],腿部空间大，不论前排后排座椅支撑到位开久了不会累中央通道下方有储物空间很实用后备箱盖板掀起后有空格可以存放一些零散的东西第二排座椅中间完全平坦不会造成无处下脚的尴尬,[舒适],[内饰],电动车的安静是得天独厚的优势，剩下的就看底盘的调校与生产工艺的功底了，我认为很到位很优秀，底盘紧凑悬挂支撑很好但又很舒适,简洁实用清新，既有新势力的影子又有传统车的实用细节很到位。,[动力],虽然在电动车里动力算是平平无奇的数据但绝对可以应对各种情况而且输出足够线性，初次驾驶不会觉得与传统燃油车有差别。,[操控],操控对我来说绝对是这辆车最大的惊喜，路感反馈清晰方向指向性明确，底盘的调校绝对配得上RolandGumpertQuattro之父的名字手感很棒的方向盘,[性价比],性价比因人而异吧，我感觉很好，可能其他的人觉得还可以。不过电动车作为城市通勤车来说真的分方便舒适度很高有着很多燃油车不具备的优势同样燃油车也有电动车不具备的优势。最后说一句各取所需。品牌评价：对于爱驰的品牌印象觉得它很扎实很负责，传统车的团队舍弃了固有的思维融合了新势力的思想做了一个很有理想的事情。,展开全部
