publish,标题,图片,名称,名称1,评分,评分2,评分3,评分4,评分5,评分6,评分7,评分8,评分9,标题10,信息,信息_链接,信息11,信息12,信息13,信息14,信息15,信息16,信息17,信息18,信息19,标题20,purpose,标题21,jia_text,信息22,dw_22,dw_23,dw_2323,dw_1,dw_124,dw_3,dw_2,dw_325,dw_226,dw_5,dw_527,dw_6,dw_628,dw_8,dw_829,openall
"
    发表于  2023-03    

      
        
    
    
",对这款车最满意的地方就是他的外观和实用性，首先来说外观看起来特别的拉风帅气，尤其是那个前脸的造型看起来挺有辨识度的，走在路上的时候回头率也还不错，算是满足了我的虚荣心吧！家里的人还有朋友也都夸我眼光不错来着，哈哈！除此之外，这款车的配置非常的丰富，实用性非常的强，但对于我这样的新手司机来说，开着也是相当顺手的,https://image1.xcarimg.com/attachments/my/1/94/57/149_120.jpg,xuser1955714,三星会员,4.63,外观,内饰,空间,舒适,油耗,动力,操控,性价比,购入信息,爱车车型,https://newcar.xcar.com.cn/m66116/,2022款拿铁DHT-PHEV1.5T 两驱超大杯,购入时间,2022/3/1,购车地点, [河南省],裸车价格,24万  (厂商指导价 24.30万),当前油耗,4L/100km,购入用途,上班,爱车简评,外观的造型比较时尚大气，又有犀利的感觉，尤其是车头的设计。中网面积大小适中，关键是造型比较独特，而且和两边的大灯搭配起来显得相得益彰，越看越觉得好看。从侧面看，车身的线条也比较协调，不会让人感觉臃肿,爱车评价,[最满意],[不满意],用智能泊车功能的时候，偶尔会出现自动退出的现象，据说那是因为车库位不标准或者线不清晰导致的别的地方暂时没有发现有什么不足了,[外观],外观设计很有自己的气质，无论是中网的造型还是大灯的设计都给人一种过目难忘的感觉，车身的线条也挺动感的，从侧面看他的线条流畅而又自然，越看越觉得顺眼！,[空间],[内饰],这个车的轴距是2745mm，对于家用来说，那是完全足够了的，关键是座椅的分布非常合理，车内坐下五个成年人的话是一点也不会觉得拥挤或者憋屈～我的身高是1.8米体重170斤算是个胖子坐在车里面的时候腿脚都能够活动的开家里其他成员都没有我高也没有我胖，他们坐在车上就更加的自在舒适了。另外要说的就是他的后备箱，也只能装的目测放下三个行李箱之后，还可以装下一些杂七杂八，实用性非常的不错，过年的时候开车回老家再也不用担心行李和年货没处放了,中控台造型比较大气，各种功能的分布挺合理的，日常操作的时候，会觉得非常的灵活，另外这个车也搭载了不少智能配置，比如前后驻车雷达，360全景影像，全速自适应巡航等等等等。不过说实话智能泊车功能偶尔会出现自动退出的情况，我觉得也是需要改善改善的。做工方面，这款车的细节处理都非常的细腻，不会让人感觉粗制滥造，而且用料也很考究，不少地方都覆盖了软性材质，至少不会让人觉得十分廉价,[油耗],官方宣传的油耗是5.4l，我用车这段时间之后，他的油耗一直都保持在6.4升左右，实际上可能要稍微高一些，不过怎么开都是要比一般的燃油车省油很多的，毕竟这是一台SUV车型，所以能够有这样的表现，我也是比较满意的了,[动力],方向盘大小适中指向精准度不错，操控的时候可以给我一种游刃有余的感觉，另外这款车的动力性能也很不错，起步速度够快，然后中后期加速感也好，深采油门之后，那种推背感还非常明显偶尔超车的话没有任何压力，很是从容,[性价比],用车这段时间我感觉他还是非常物有所值的，价格合适的情况下，还配备了很多配置，而且颜值高空间大操控灵敏，家用不要太合适,展开全部
"
    发表于  2023-03    

      
        
    
    
",选择这款车就是因为它的经济性好，如今用车也有一段时间了，感觉他的表现确实没有让我失望，平时在市区里面跑的话，开启纯电模式都行，上高速油耗也不会很高，对于工薪阶层的年轻人来说，还是这种新能源车更加的划算。除了经济性非常的不错之外，颜值这方面的表现也是可圈可点的，中网的造型比较犀利，而且大灯也有神，搭配起来显得相得益彰，越看越觉得好看，完全符合我的审美与喜好，开出去的时候也总能吸引不少人的回眸,https://image1.xcarimg.com/attachments/my/1/94/57/148_120.jpg,xuser1955714,三星会员,4.38,外观,内饰,空间,舒适,油耗,动力,操控,性价比,购入信息,爱车车型,https://newcar.xcar.com.cn/m66116/,2022款拿铁DHT-PHEV1.5T 两驱超大杯,购入时间,2022/9/1,购车地点, [河南省],裸车价格,25万  (厂商指导价 24.30万),当前油耗,4L/100km,购入用途,上班,爱车简评,做工还是可圈可点的，细节比较到位，然后用料上也挺良心，很多地方都覆盖了软性材料。至少摸起来手感还不赖，档次感是有的,爱车评价,[最满意],[不满意],是个车就有美中不足的地方，这款车也是如此，用车到现在我也就是感觉他的减震是有点儿硬的，在平坦的道路上行驶没什么感觉，但是要走烂路的话，颠簸感就可以清晰的传递到车内，对于后排的人尤其不友好，不过这也是大部分SUV车型都有的问题，毕竟底盘高，需要更好的支撑性吧。,[外观],外观的造型比较时尚大气，又有犀利的感觉，尤其是车头的设计。中网面积大小适中，关键是造型比较独特，而且和两边的大灯搭配起来显得相得益彰，越看越觉得好看。从侧面看，车身的线条也比较协调，不会让人感觉臃肿,[空间],[内饰],空间是很宽敞的，坐在车里面的时候，头部和腿部的活动空间都很充足。长时间坐在车里也不会有那种压抑的感觉。后备箱也挺能装，前段时间开着这个车回了趟老家，带了各种的大包小包都没有装满，实用性绝对是刚刚的!,中控台的设计比较大气，没有多余的装饰，看起来特别的顺眼耐看，而且做工也是比较精致的，很多细节都处理的比较细腻，不会让人觉得很粗糙。,[油耗],混合模式下这个车的油耗大概是5.5L左右。如果纯电行驶，那就更省了一个多星期，充一次电就行，日常家用的话，特别的经济。这也是我选择这款车的主要原因。,[动力],方向盘大小适中，粗细也刚刚好，抓握起来手感是很不错的，而且这个车的指向精准度也特别的高。转动的时候可以说得上是指哪打哪，没有虚位。虽然说操控感比较好，但是舒适性确实是有点差强人意的，主要是因为它的减震调教的偏硬一些。所以在走一些不平的道路时，颠簸感也是有的。每次过减速带的时候都尽量的把车速放很慢，这样的话就还好一些,[性价比],一分钱一分货，这个车的综合性价比非常高，不仅价格亲民配置丰富而且空间也挺大从家用的角度上来说真的不要太实用,展开全部
"
    发表于  2023-03    

      
        
    
    
",从看车 试驾 其实对车都还是挺满意的 挑不出大毛病 唯一名字有点拗口 怕销量起不来 又停产了 提车后使用感觉 油门跟刹感觉都还挺线性的 挺灵 试驾的时候还觉得有点虚位 但自己车感觉挺好 用电的话 不开空调标184实测感觉180都可以差不多跑到 还是可以的 电池太小得经常充电 184留个百分之30去充电经常上下班家用可以接受 行驶质感自己要求不是特别高 但车感觉过弯啥也都挺稳 这点安全就行 也使用了个把月 大方面都还挺满意,https://image1.xcarimg.com/attachments/my/1/94/57/147_120.jpg,xuser1955714,三星会员,4.63,外观,内饰,空间,舒适,油耗,动力,操控,性价比,购入信息,爱车车型,https://newcar.xcar.com.cn/m66115/,2022款拿铁DHT-PHEV1.5T 两驱大杯,购入时间,2022/8/1,购车地点,上海格林威沪宜汽车销售服务有限公司 [上海市],裸车价格,22万  (厂商指导价 22.90万),当前油耗,4L/100km,购入用途,上班,爱车简评,外观很有自己的设计感，中网造型犀利个性，而且大灯的设计也很独特，像是野兽的眼睛在远远瞪着前方一样，辨识度蛮高的，走在车来车往当中，一眼就能够认出他来,爱车评价,[最满意],[不满意],车机系统软件方面不够全面 开机有时间有点慢卡顿 半天才加载出来 360有时候有点延迟 这些小事也能接受 但是新车一个月正常行驶过程中 仪表盘亮了红色方向盘故障灯 转向辅助失效打方向沉重差点出事 4s店检测 4s店也承认车辆质量问题要换方向机 但是我不满意4s店拆卸更换部件方案 三包上写着车辆交付未满60天转向系统失效可以选择退换货 4s店却说不符合退车条件 我就不懂了 这是怎么不符合,[外观],刚看看起来还大气沉稳的 可是最近看大车多了 咋再看自己车感觉好小,[空间],,空间方面基本能满足家用 储物空间也基本都有 就是中控没什么实体按键 全靠两个屏幕 后排腿长的话 不能完全腿腿 后备箱中规中矩,,[油耗],充电销售描述的不详细 有差异 但半个小时快充能从百分之20到百分之八十也可以了,[动力],加速动力都挺满意的 转弯啥的也挺稳 油门刹车还挺线性,[性价比],预算在25个w左右的小伙伴们可以入手了啦！鞋子合不合脚只有自己穿了才知道舒不舒服！虽然价格高了那么一丢丢但是魏牌的品控不是一般般牛哦！,展开全部
"
    发表于  2023-03    

      
        
    
    
",很早之前就一直想要买一辆SUV车型，主要是因为家里之前的轿车用的时间太久了，确实该换了，想要SUV呢，也算是换换口味。节假日没事的时候还可以开车去驾游什么的。经过各种的纠结，最终我选择了这款车。其实选车的时候就是奔着他的经济性这一点来的。事实证明这个车也确实没有让我失望，平时跑市区和高速各一半的情况下，平均油耗也就是5.3L左右，确实是很经济省钱的。如果开启纯电的模式，那就更实惠了。除了经济性好之外，这个车的底盘也比较高，通过性很好。走一般烂路的话，都不用担心会托底的问题,https://image1.xcarimg.com/attachments/my/1/94/57/146_120.jpg,xuser1955714,三星会员,4.5,外观,内饰,空间,舒适,油耗,动力,操控,性价比,购入信息,爱车车型,https://newcar.xcar.com.cn/m66115/,2022款拿铁DHT-PHEV1.5T 两驱大杯,购入时间,2022/3/1,购车地点,深圳市大兴宝锦汽车销售服务有限公司 [广东省],裸车价格,14万  (厂商指导价 22.90万),当前油耗,4L/100km,购入用途,上班,爱车简评,豪华大气，细节到位！材质都是用的母婴级环保材料！没有一丝异味,爱车评价,[最满意],[不满意],个人感觉它内饰的颜色稍微有点儿单调了，如果能够更丰富一些的话，那就更完美了，当然了，审美这个东西因人而异，有人觉得好看就有人觉得不好看，这都是很正常的，不喜勿喷哈。别的地方没有发现有什么不足之处了，整体表现还是非常均衡的，算得上是瑕不掩玉。没有让我失望。,[外观],外观很有自己的设计感，中网造型犀利个性，而且大灯的设计也很独特，像是野兽的眼睛在远远瞪着前方一样，辨识度蛮高的，走在车来车往当中，一眼就能够认出他来,[空间],[内饰],空间的表现可圈可点，前排的座椅调整到合适的位置上之后，后排的乘坐空间也还是非常宽敞的。像我这1米8的人坐在后面腿脚也是可以伸展的开。另外坐直了身体的话，头顶距离车顶的空间也是比较大的，至少不会给我一种压抑的感觉，家里其他人都没有我高，他们做我的车都觉得非常的宽敞舒适，从家用的角度上来说，有这样的效果已经是可以的了，我已经很满意。话说这个车的后备箱也挺大的。可以从容的装下三个行李箱。,中控台的设计比较简洁，然后颜色搭配的稍微有点儿单调，看久了多少是会有一点审美疲劳，打算后期研究研究怎么改装。不过有一说一，做工还是可圈可点的，细节比较到位，然后用料上也挺良心，很多地方都覆盖了软性材料。至少摸起来手感还不赖，档次感是有的,[油耗],油耗的话，百公里成绩大概是5.3L左右，还是很符合我的预期的，想当初入手这个车也是奔着他的燃油经济性来的，事实证明这个车确实表现不错，没有让我失望,[动力],驾驶感受方面可能要分好几点来说了，首先这个车的动力输出还是挺有劲儿的，尤其是在涡轮介入之后，就像是有巨人从后面踹了一脚一样，动力瞬间的爆发，让我觉得特别的带感,[性价比],性价比这个东西应该怎么说呢，我觉得还是看个人的感受，觉得值，那就是性价比高了。,展开全部
