publish,标题,图片,名称,名称1,评分,评分2,评分3,评分4,评分5,评分6,评分7,评分8,评分9,评分10,评分11,评分12,评分13,评分14,评分15,评分16,评分17,标题18,信息,信息19,信息20,信息21,信息22,信息23,信息24,信息25,标题26,purpose,purpose27,标题28,jia_text,信息29,dw_22,dw_2230,dw_23,dw_2331,dw_1,dw_132,dw_2,dw_233,dw_3,dw_334,dw_4,dw_435,dw_5,dw_536,dw_6,dw_637,dw_7,dw_738,dw_8,dw_839,openall
"
    发表于  2021-07    

      
        
    
    
",x余姚福舜汽车贸易有限公司 [浙江省],https://image1.xcarimg.com/attachments/my/1/90/77/811_120.jpg,xuser1917781,三星会员,4.5,外观,4,内饰,5,空间,5,舒适,5,油耗,5,动力,4,操控,4,性价比,4,购入信息,爱车车型,购入时间,2021/4/1,购车地点,裸车价格,20.3万  (厂商指导价 21.00万),当前油耗,8.3L/100km,购入用途,接送小孩,跑长途,爱车简评,在选车的过程中，我是觉得这台车子的性价比还是很高的，看了一些同级别的车子，感觉它在配置方面以及在动力方面都比较有优势，还有就是这台车子乘坐起来的时候，我觉得感受也不错，比较轻松,爱车评价,[最满意],这台车子我觉得让我最满意的地方还是它的乘坐感受吧，因为座椅柔软，还有就是车身的行驶也比较稳定，这些都让我在出行过程中感觉非常的享受,[不满意],车子整体表现都很好，就是车子跑起来之后感觉颠簸感有一些，明显其他方面还真的挺不错的。,[外观],车子的外观颜值给人的感觉还是比较运动，然后整体做工也是非常的精致。特别符合我的审美，外观的做工也是非常的精致，车身颜色也是非常漂亮。,[内饰],车子内饰的整体设计还是非常豪华的，特别是它的颜色搭配看着就比较有质感，而且也偏向年轻化一些，整体的做工品质也是非常的精致。,[空间],车子的前后空间都非常的不错，坐在后排的时候，头顶和腿部空间也是很宽松，家里老人很满意，然后驾驶位置的空间是我做的最多的，空间也是相当的给力。,[舒适],车子的座椅坐起来还是非常的舒服的，然后车子隔音做的也是非常不错，日常驾驭还是非常享受的。再就是车子的音响效果也很棒。,[油耗],车子油耗9个左右吧，我觉得还行，挺不错的。这么大的车子能开到这个油耗，已经是非常的优秀了。,[动力],车子的动力方面我觉得还是相当给力的，只要给油门车子的推背感马上就能出来，很快就可以达到你想要的速度。超车还是比较轻松的。,[操控],车子操控起来手感还是相当不错的，方向盘转向精准，车子底盘也是非常的扎实，就它的操控性来说，同级别来说也是非常棒的。,[性价比],这个价位横向对比的话，几款车我觉得最喜欢的还是福特，本来自己打算买的就是福特的车子，然后抱着多看一看的心态也对比了很多款，最后还是觉得福特更适合我，特别是试驾过之后觉得福特的车子还是蛮好开的。,展开全部
"
    发表于  2021-07    

      
        
    
    
",广西弘嘉汽车销售服务有限公司 [广西省],https://image1.xcarimg.com/attachments/my/1/90/28/489_120.jpg,gh1623473931,三星会员,4.63,外观,5,内饰,5,空间,5,舒适,4,油耗,4,动力,4,操控,5,性价比,5,购入信息,爱车车型,购入时间,2021/4/1,购车地点,裸车价格,20.29万  (厂商指导价 21.00万),当前油耗,8.3L/100km,购入用途,接送小孩,自驾游,爱车简评,当时选车也很迷茫，不知道买什么好，国产合资都看过，最后看到锐际的外观第一眼就把我吸引了，详细了解了配置，对比了价格，就提了车。,爱车评价,[最满意],锐际的外观设计风格是我最满意的，车身造型非常有运动感，配色也非常亮眼，开出去回头率绝对高。,[不满意],最不满意的的话应该就是这款车，它的小毛病还是比较多，刚买回来没多久，左前的玻璃就出现了异响。,[外观],外观的设计我觉得非常好看，尤其是我选的这个颜色成熟稳重，但是又有一些时尚感，而且前脸的造型，说实话有一点神似保时捷。,[内饰],以我一个中年男人的身份来看，这个内饰还是比较成熟的，因为它的每一个功能的布局都比较传统，而且中控大屏的尺寸也不会像其他这些那么夸张，但是也保证了一定的科技感。,[空间],作为一个紧凑型SUV车型来讲，它的车内空间表现，我觉得还算是比较合格，虽然不是说特别宽敞的那种，但是日常家用我觉得也是挑不出毛病来的。,[舒适],舒适性的话，我觉得符合一台美系车的优点就是非常的安静稳定，而且车内的空间也够大，配置也是非常丰富的。,[油耗],油耗方面我觉得还行，跟我想象中的美系车那么高的，油耗还是有所偏差的，目前我的话基本上都是市区上下班开，每天的路程差不多20多公里，路况还挺好的，不会很拥堵，所以综合油耗差不多在9升左右。,[动力],动力对于我来讲甚至有一些过剩，因为这个2.0T的发动机爆发性真的太好了，每次开的时候我都是比较收敛着油门去开，我怕开太快了不安全。,[操控],操控非常好，因为买这个车的话就是看中它的底盘操控性的，而且我这个的话它是一个市区的版本，所以会让它的整体底盘的行驶质感更上一层楼。,[性价比],福特新推出的这款福特锐际，我觉得也确实是拿出来了，他们家的诚意，不管是外观设计还是内部的空间表现，甚至在配置层面都是非常有良心的，定价也很实惠很亲民。,展开全部
"
    发表于  2021-07    

      
        
    
    
",海南嘉德汽车销售服务有限公司 [海南省],https://image1.xcarimg.com/attachments/my/1/90/69/737_120.jpg,gh1626142448,三星会员,4.38,外观,4,内饰,5,空间,5,舒适,4,油耗,4,动力,4,操控,4,性价比,5,购入信息,爱车车型,购入时间,2021/4/1,购车地点,裸车价格,20.28万  (厂商指导价 21.00万),当前油耗,8.3L/100km,购入用途,自驾游,跑长途,爱车简评,当时没有了解过这款车，一直了解的就是rav4，当时它的外观还是很吸引我的。然后因为是日产的，这个油耗方面还不错，就是当时手头上钱不够，所以就一直没有订车。然后朋友也要买车，预算和我们差不多,爱车评价,[最满意],锐际的外形还有动力和它的自动驾驶配置，是我最满意的三个地方，因为觉得上四驱也没有这个必要，不是北方地区路况还算比较平坦，动力跑起来比我之前的瑞虎3强太多，智能化配置和语音控制的车机系统，就算是堵车和长途的情况，也绝对不会无聊和疲惫,[不满意],这个感应的后备箱有时候不太灵敏，像傻子一样在后面，没有实体按键也是让人有点心烦,[外观],无论是外观还是内饰，我都是非常喜欢的，感觉很酷，尤其是前脸的大灯，设计非常的好看，我选择的是最高配，就是因为它的外观更加的好看,[内饰],内饰方面，我必须给满分所有手能触及到的地方，很高级的样子，其次，他的这个中央显示屏真的是太酷了，每天开车的时候看着自己喜欢的车，真的是一种享受，,[空间],一定要说一下这个储物空间，没有想象中的丰富，还好平常放的东西不太多，而且也比较爱整理后备箱稍微买几个归纳盒，放着也是不错的,[舒适],整体来说还是可以的，座椅软硬适中，但是我发现福特的车的座椅都偏短，有可能这样就是这样的设计显得空间很大，现在开起来有一些噪音,[油耗],油耗方面我已经在心里有了想法，毕竟是美系车，不可能太省油，但是谁让我当时看上了它的动力，与内饰方面呢？最近刚提完车，还在磨合期，在哈尔滨市区里跑，九个油左右，还是可以接受的，毕竟还在磨合期，等我更能熟练驾驶了时候，估计油耗能降下来。,[动力],必须给满星，四驱动力不是盖的。2.0t的发动机。 在试驾老师的手里真是，我觉得我都飞起来了。但是平时我自己肯定不会这么快开的。毕竟安全第一。,[操控],操控性能整体来说可以，挺好开的。方向盘比较灵敏，朋友说他的锐际不是那么好开，我猜想有可能是因为他之前的方向盘比较沉重的原因。刹车功能也非常灵敏，只要轻轻一踩车子就刹住了,[性价比],第一辆车是瑞虎3，手动挡的，这几年最多就换一下电瓶和轮胎，没太大问题，但是随着生活水平的上升，在市区里面堵车走走停停，手动挡的真的是让人很心烦，换车也不是心血来潮想到的，因为之前买房子加上装修，所以一直拖到去年年底才能付诸实际，想要动力好的车，空间至少比我之前的车要宽敞一些，还有安全性，马自达cx5之前有朋友推荐，但是动力感觉有点弱，到最后也就两款车，一个是探界者，一个是锐际，最后觉得四驱也没有必要，还有锐际的车机系统是没有办法后期改变的，它的智能化还是比较超前,展开全部
"
    发表于  2021-07    

      
        
    
    
",吉林省神驰汽车销售服务有限公司 [吉林省],https://image1.xcarimg.com/attachments/my/1/90/30/700_120.jpg,gh1623677933,三星会员,4.5,外观,5,内饰,5,空间,5,舒适,4,油耗,5,动力,4,操控,4,性价比,4,购入信息,爱车车型,购入时间,2021/4/1,购车地点,裸车价格,20.27万  (厂商指导价 21.00万),当前油耗,8.3L/100km,购入用途,接送小孩,自驾游,爱车简评,选车的时候预算就是在20左右万实用性不错的家用车，翻来覆去的对比，还是觉得福特的折子更适合我这款福特锐际不管从外观还是到，性能都非常不错。,爱车评价,[最满意],锐际最令我满意的就是它的操控，底盘悬架扎实且有韧劲，在过一些坑洼路面或者减速带的时候整体性很好，没有零散多余的弹跳感，日常变道拐弯底盘也有很好的支撑性，可以给我很安心的感觉。另外方向盘转向轻巧，阻尼感适中，车头指向性很准确。,[不满意],锐际的空间跟同级别比起来并没有什么优势，后排腿部空间一般，且地台有凸起，实用性有些减分。,[外观],外观这个东西仁者见仁，智者见智，锐际外观设计属于时尚动感的类型，特别适合年轻人，我个人比较喜欢它的前脸，向下的大嘴设计增加了运动感，蜂禽状的中网做了熏黑处理，看起来很有气势。,[内饰],内饰设计走的是简约路线，黑色的内饰加上红色的缝线，跟运动的外观很搭。另外布局清晰合理，符合人体工程学设计，功能也很齐全。,[空间],车子空间方面表现的还是非常不错的，我1米83的身高坐到车子里不会有任何的压抑感，身边的储物空间也是非常的丰富，后排头部空间使用做三个人很轻松。,[舒适],车子座椅的收入都还不错，坐在上面非常的柔软，然后车子隔音做的也是非常到位。车子空调响应速度也比较快。,[油耗],锐际综合百公里8.5升的油耗真的是给了我惊喜，毕竞车重超过了1吨6，2.0t的排量也不算小了，能有这个油耗表现真的很不错。,[动力],2.0t发动机动力表现在同级中绝对是名列前茅的，油门很跟脚，动力踩多少就有多少，提速杠杠的。,[操控],操控是锐际的主打卖点，也是我最满意它的地方，方向盘指哪打哪，变速箱升降档平顺积极，底盘也很紧致，开起来又稳又舒服。,[性价比],身边的朋友基本都买了大众途观，本田crv阿等等，总感觉跟别人买一样的车有点亏，之所以选择锐际就是不想跟别人一样，锐际在价格上也挺有优势，而且还有更好的动力和操控，这也正是我想要的，所以就直接入手了。,展开全部
"
    发表于  2021-07    

      
        
    
    
",齐齐哈尔聚豪汽车销售服务有限公司 [黑龙江省],https://image1.xcarimg.com/attachments/my/1/90/50/088_120.jpg,gh1624867391,三星会员,4.5,外观,4,内饰,5,空间,5,舒适,5,油耗,5,动力,4,操控,4,性价比,4,购入信息,爱车车型,购入时间,2021/4/1,购车地点,裸车价格,20.26万  (厂商指导价 21.00万),当前油耗,8.3L/100km,购入用途,接送小孩,自驾游,爱车简评,当时选择这款车地衣是因为它的动力市区的动力性，真的是太棒了，尤其是这次我在跑高速的时候，脚搭上油门就窜出去了。油耗方面也真的表现得非常可以动力市区的，但是油耗真的很少给高速上，开起来真的很平稳。,爱车评价,[最满意],最满意的就是外观和动力，特别在高速行驶的时候，推背感很强烈，可以给我有个很好的驾驶享受，还有它的外观看上去非常精致时尚，出门儿回头率也是杠杠的，突出年轻人的喜好诶，车身漆面的质感也很好。,[不满意],首先就是这个座椅是白色的皮质座椅，不耐脏，这才开了几天，黑色的裤子坐上去之后就磨出来了一道黑色的小印。还有就是锐志都已经上市这么久了，还没有什么现金优惠，这一点很不好。,[外观],外观方面感觉很感适合年轻人的风格和眼光，很前卫。不过本人还是喜欢白色的，没买到还是不甘心。,[内饰],只要你手能碰到的地方都是软的，内饰的颜色搭配及用料也是非常的满意，陈稳中略带一些张扬，看上去很上档次。,[空间],整体的空间也是挺大的我一米八坐在驾驶位感觉很宽松，坐在后排，膝盖也没有顶到前排，而且头部空间还是有的，后备箱的储物空间设计的也比较合理。,[舒适],跑高速的时候感觉很舒服，座椅填充饱满也很厚实，对身体的支撑和包裹性很到位，减震做的也很好，就是跑高速的时候有点胎躁声。,[油耗],这个车毕竟是四驱的，我感觉只要不超过十个油，就是非常省油的。,[动力],动力方面感觉没有半点的延迟，无论是起步还是提速度很快，后期跟有也很凶猛，高速上超车也是轻松得很，轻轻松松120码不在话下。,[操控],操作还是可以的，除了车机系统以外，暂时没有发现其他不舒服的地方，方向轻盈，刹车灵敏无论行驶在高速上还是市区，感觉非常有安全感。,[性价比],我一直就喜欢动力非常充足的车子，试驾过后，感觉福特锐际这款车动力方面很充沛，之前也看过同价位的合资车动力方面不如我的心愿，而且这款车做上去的手感摸上去很多地方都是软包，坐上去感觉舒适度很高，所以就下决定把它带回家了。,展开全部
"
    发表于  2021-07    

      
        
    
    
",黑龙江省天拓汽车销售服务有限公司 [黑龙江省],https://image1.xcarimg.com/attachments/my/1/90/77/807_120.jpg,xuser1917780,三星会员,4.5,外观,4,内饰,4,空间,5,舒适,5,油耗,5,动力,4,操控,5,性价比,4,购入信息,爱车车型,购入时间,2021/3/1,购车地点,裸车价格,20.25万  (厂商指导价 21.00万),当前油耗,8.3L/100km,购入用途,接送小孩,自驾游,爱车简评,我选车的时候也对比了很多的车型，最后只所以选择这锐际。主要是因为它的性能非常的强劲，而且对比了配置以后，感觉性价比也很出色。,爱车评价,[最满意],最满意的是这辆车的性能表现特别的优秀。2.0T的发动机动力强劲，四驱系统的超强性能让我可以轻松应对各种路况。,[不满意],首先就是这个座椅是粽色的皮质座椅，不耐脏，这才开了几天，黑色的裤子坐上去之后就磨出来了一道黑色的小印。还有就是锐志都已经上市这么久了，还没有什么现金优惠，这一点很不好。,[外观],外观的造型比较的有设计感，尤其是前脸的设计很犀利，配合着LED大灯十分的有个性。,[内饰],内饰的整体设计风格比较简约，取消了物理按键让中控看起来非常的清爽。高质量的内饰用料和出色的做工也体现了整体的档次感。,[空间],这辆车的乘坐空间对我来说还是比较的宽松。前挡风玻璃的视野开阔，身体也不会有任何阻挡的地方。后排的乘坐空间比较充足，能满足一家人舒适出行。,[舒适],座椅的造型很有包裹性，让身体得到了很好的贴合，长途坐车也不会觉得太疲惫。车辆的悬架可以过滤一些细微的路面颠簸，保证的行驶的稳定性。唯一不是太好的就是密封性差了一些，导致车内的噪音比较大。,[油耗],作为一辆大排量的美系SUV，油耗注定也不会太低。目前显示的综合油耗在10升出头，也在自己的可接受范围。,[动力],这台2.0T的发动机动力调校的很强劲。起步的时候就能爆发出非常给力的动力，不会有任何拖沓的感觉。速度上了100码之后的提速也很出色，超车很轻松。,[操控],操控的调校让我觉得很有驾驶乐趣。方向盘的力度和指向都很合适，驾驶起来很轻松。四驱系统的功能很强大，让本就沉稳的底盘更加有抓地力。,[性价比],选车的时候确实也在众多车型之间纠结和犹豫了很久。但是当看到这辆锐际之后，就被它出色的性价比以及超强的性能所吸引了。在得到的家人的认可后，就果断的下手了它。,展开全部
"
    发表于  2021-07    

      
        
    
    
",新乡长久福祥汽车销售服务有限公司 [河南省],https://image1.xcarimg.com/attachments/my/1/90/77/805_120.jpg,xuser1917780,三星会员,4.63,外观,4,内饰,4,空间,5,舒适,5,油耗,4,动力,5,操控,5,性价比,5,购入信息,爱车车型,购入时间,2021/3/1,购车地点,裸车价格,20.24万  (厂商指导价 21.00万),当前油耗,8.2L/100km,购入用途,接送小孩,自驾游,爱车简评,因为之前都是一直在开德系。后来比较喜欢美系车。美系车的设计比较符合我底盘的滤震性非常好。,爱车评价,[最满意],最满意就是他的外观，炫酷的前脸，流畅型的线条，使整个车看起来更加的霸气，还有就是他的空间比较大，不管是乘坐空间还是后备箱空间，都能满足我的要求,[不满意],没什么不满意的整体给我的感觉还是很好的，我觉得这个车用起来真的不错，,[外观],车子的外观非常的时尚大气，这款车不会显得很老气，我觉得这款车特别适合年轻人来开的，我当时去看这款车的时候一眼就想中了这款车的外观，前脸的造型特别的时尚好看,[内饰],我觉得这个车的内饰做工还是挺好的，设计也特别的简约大方，内饰的各种功能操作起来也是挺方便的，而且内饰也是没有异味的，坐在车里面还是很享受的,[空间],这个车的空间真的特别棒，看你是买回去家用还是自己代步，不过我觉得都挺试用，空间还是挺够用的，后排坐三个体型中等的人都不会觉得很拥挤，后备箱的空间也是挺大的,[舒适],舒适性也特别的好，座椅软硬适中，恰到好处，就算长途驾驶也不用担心腰酸背痛了，而且我家人也觉得非常的舒服，而且噪音控制的也非常好,[油耗],油耗的表现还是非常不错的，百公里10个油左右，也算特别省油了,[动力],我开了这个车觉得动力挺好的，当时买了车跑高速的时候，觉得动力真的不错，中途加速特别给力，超车时很自信，这款车的动力是完全够用的，起步也特别迅速,[操控],这个车的操控很精准，没有虚位，可以说是指哪打哪了，而且我觉得方向盘的手感很好，主要大小很合适，而且这款车的操控配置也特别好用,[性价比],一直想买一辆性价比高一点的车，朋友介绍了几款，当时自己也看了几款，这段时间看的时候都没有什么特别满意的车，这次看了这款车之后，特别的满意，很心动，我觉得这款车真的各个方面都蛮优秀，蛮好的,展开全部
"
    发表于  2021-07    

      
        
    
    
",河南天道汽车贸易服务有限公司 [河南省],https://image1.xcarimg.com/attachments/my/1/90/77/802_120.jpg,xuser1917780,三星会员,4.75,外观,4,内饰,5,空间,5,舒适,5,油耗,4,动力,5,操控,5,性价比,5,购入信息,爱车车型,购入时间,2021/3/1,购车地点,裸车价格,20.23万  (厂商指导价 21.00万),当前油耗,8.2L/100km,购入用途,接送小孩,自驾游,爱车简评,当时在买车的时候，我觉得一辆车子应该拥有非常多的优点，就如同这辆福特锐际一样，当时在众多车型里面能把它挑选出来，那也是因为他拥有足够的实力，四驱的动力加上2.0T的排量,爱车评价,[最满意],最满意的就是锐际的外观啦。福特锐际的线条非常的流畅。给人一种运动的感觉。我还记得当时销售顾问给我介绍车时的话术。动感的外观。很是醒目。搭配了星穹式进气格栅。带来了时尚活力的同时。更显独到的个人审美品味。这句话我记得很好，因为真的是外观非常的打眼。当时展厅摆的是一个蓝色的销售顾问，和我说主打的车的颜色也是蓝色。但是我个人更偏向于白色。白色显得更干净。所以最后我还是选择了白色的。,[不满意],没有什么不满意的地方。既然选择了这辆车，就说明我是多方对比之后得出的结果。所以我都很喜欢。,[外观],外观方面我必须给满分，因为当时就是冲着它的颜值高，我才最后选择了她最记得那两个大灯真的是太好看了。然后侧面的线条不是那么的张扬。嗯。很像是女士开的车。,[内饰],内饰整体来说风格就是酷酷的风格。像一个酷酷的男孩。所以我买了一个粉色的坐垫儿。这样综合一下，看起来像女孩儿开的。,[空间],空间方面，平时因为就我自己和朋友两个人总得来说还是够用的。下班的时候捎个同事啥的也都完全够用。平时出去。超市购物也都能装下。但是如果要是和其他的同级别车比，空间还是有那么一点不尽如人意。这个东西就看个人的需求吧。,[舒适],原本这个座椅的舒适性。我觉得有一点用硬，然后内饰方面又全都是黑色的。冬天开起来太冷了。所以我就买了一个粉色的做掉，这样显得很暖和。毕竟人是视觉动物。噪音方面我是没有听出来什么。有可能我平时的注意力都放在路况和其他车上面去了。,[油耗],当时我买车的时候朋友就和我说过美系车会比较费油。但是我也明白我自己这种练手的车。怎么可能不费油呢？也没有太在意。最近算了算。还是可以的。加满一箱油能跑半个月左右。,[动力],福特锐际是2.0T的发动机。因为我现在还处于练手阶段，也不敢快开，尤其是哈尔滨现在的路面这么滑的情况下。不过让我比较欣慰的是，拍了这么久我竟然没有一次让他受伤的时候。很是佩服我自己。,[操控],还是比较好开的，这是我摸的第一辆车，平时就驾校考试开过车，现在开这台车的时候上个马路牙子还是没问题的，我觉得哈尔滨的路况让我的车技都好了很多。方向盘也比较好握。比较适合女士开。不像一般的车。女士开起来会比较不顺手。,[性价比],我当时是和朋友一起看的车，我不是很懂车，就想着驾照下来之后买一个代步车开着。这样上下班也方便。看了好几家size店，多方对比之后，选择了几个颜值比较高的，剩下动力性方面就交给朋友啦，朋友在和事假老师是在完之后。觉得锐际的动力性更好一点。虽然我平时也不注重动力。还有就是这个车的大小正符合我意，不是特别大。也不会特别小，后排三个人坐也不显拥挤，平时我停车的时候也不会很不方便。现在我正在练手阶段，所以会对这方面着重看重一点。同时这款车是完全为年轻人打造的，它的内饰特别的酷。所以最后我选择了福特锐际。,展开全部
"
    发表于  2021-07    

      
        
    
    
",唐山佳浩汽车销售服务有限公司 [河北省],https://image1.xcarimg.com/attachments/my/1/90/77/801_120.jpg,xuser1917780,三星会员,4.5,外观,4,内饰,4,空间,5,舒适,5,油耗,5,动力,4,操控,5,性价比,4,购入信息,爱车车型,购入时间,2021/3/1,购车地点,裸车价格,20.22万  (厂商指导价 21.00万),当前油耗,8.2L/100km,购入用途,自驾游,跑长途,爱车简评,主要是颜值，都说第一眼看上的东西才是你最想买的，如何不考虑其他因素，单说颜值操控一百分，而且非常符合年轻人驾驶。,爱车评价,[最满意],十分满意的地方我个人是觉得这个外观是对于我来说在心目当中是满分十分的，我觉得这个车子的设计很新颖，有一些流线型的设计，很有灵动的感觉，而且这个车子的识别度也挺高的，中网的设计不夸张也不张扬，但是很有自己的特点,[不满意],对于不太满意的地方，我觉得还是这个车子的消耗稍微高了一点，如果这样每个月的开支是稍微有点让我头疼的,[外观],在我心目中这个热烈又洋溢热情的外观是十分的动感的，除却这个很犀利的造型，我非常的喜欢更大气的感觉,[内饰],车子里面的装修风格也是蛮不错的，有一些独到的设计，像这个GPS是很方便，很好用，而且语音识别的控制也很灵敏,[空间],我平时上下班是自己一个人开着车子，空间对于我这个一米六三的人来说是挺充足的，周末带着父母出去玩，他们俩坐后排也觉得这个车子的空间还挺不错，不会拥挤,[舒适],我觉得坐在这个车子里面的感觉也是比较中规中矩，一些的车子里面是几乎没什么噪音，稍微有点风噪，也是可以几乎忽略掉的,[油耗],高速油耗差不多在七个多油，市区油耗九个多，综合下来油耗还是可以接受的。,[动力],我开车也不需要太大的动力，太大太猛了，动力我都怕有点驾驭不了，挺充沛的，反正有需要动力就给到的感觉还是挺不错,[操控],我觉得轻松的驾驭一辆好的车子，其实它的本身的性能就是要做的到位，像这个方向盘就基本没什么虚位，在过弯的时候，半径也很小，手感很踏实,[性价比],因为我现在也刚出来工作了，所以大学时候考的驾照也是一直放在那儿积灰，所以就跟父母商量，想买一辆车子，我上下班代步，这样比较方便，因为自己也是对汽车方面不太了解，所以我都是根据自己喜欢的外观，然后自己准备的资金，这样子来看车子的，最后我就是圈定了锐骑和索纳塔这两款车子，我觉得这两款车子的外观非常不错，很帅气，比较特立，独行一些，而且自己预算也差不多，这个样子，最后跟家里人商量，还是听了老爸的意见，选了锐际,展开全部
"
    发表于  2021-07    

      
        
    
    
",河北天和福昌汽车销售服务有限公司 [河北省],https://image1.xcarimg.com/attachments/my/1/90/69/727_120.jpg,gh1626142367,三星会员,4.63,外观,4,内饰,5,空间,5,舒适,5,油耗,4,动力,5,操控,4,性价比,5,购入信息,爱车车型,购入时间,2021/2/1,购车地点,裸车价格,20.21万  (厂商指导价 21.00万),当前油耗,8.2L/100km,购入用途,接送小孩,自驾游,爱车简评,选车的时候对比了很久，像本田CRV，丰田荣放，宝马×1，三缸宝马×1在发动机抖动和内饰配置上不如福特锐际，所以还是选择了锐际。,爱车评价,[最满意],我觉得这个车子还好，舒适度这一点也是挺不错的，感觉乘坐上去它的座椅软硬程度和它的减震效果都是比较不错的，所以乘坐起来还是比较舒适的，平时在市区内行驶，开车上下班还是挺享受的。再一个就是品牌也很重要嘛，不管是它的一个品质还是品牌的口味，我觉得也是非常重要的一个地方，所以这一点也是我挺满意的一个地方。,[不满意],不满意的地方目前来说也没有什么特别的发现，我觉得总体来讲都还可以，最主要的是我第一次选车没有什么经验，所以对于这一个新车来说整体来说都是比较有新鲜感的，所以刚开始觉得各方面都挺满意的，但是灵活时间的一个沉淀之后，我觉得我的车子跟别人的车子比起来，内饰稍微的欠缺了一点感觉，还是有一点过于的廉价。,[外观],外观的风格还是挺好的，简单大气嘛，反正我对于外观也没有什么硬性的要求，看起来舒服就是最重要的。,[内饰],内饰这一点我觉得看起来也还行，就是比较的简单嘛，比较中规中矩的一个设计风格，反正他也没有什么特别突出的地方，感觉就是用起来还行。,[空间],空间这一点其实还好，因为空间这一点是绝对家用是足够了，后排前排坐满人都不会觉得拥挤，还是特别宽松的一个状态，包括日常放东西都是有地方放的，不会出现什么特别拥挤的情况，所以我觉得还是挺不错的。,[舒适],舒适性这一点还行，因为我毕竟是第一次选择，其实对于舒适性上也没有什么过多的了解，但是我觉得我偶尔出差的时候，长途驾驶也不会觉得特别的累，没有我朋友说的那种脖子僵硬呀什么的，我觉得都还挺好的。,[油耗],油耗这一点还行，我觉得最主要的是要看你行驶的路况了，其实我走的路段都还可以，所以油耗的一个综合表现数值看起来还挺好看的。,[动力],动力这一块个人感觉还行，超车的时候也是能给你一个绝对的信心的，而且日常行驶其实根本就不会有太多超车的情况，我对于动力的要求也不高，平时的话感觉他够用就可以了。,[操控],操控这一点其实手感还是可以的，我觉得方向盘理还是比较灵敏的，最重要的是方向盘的手感要活好，操作起来要简单，这样的话才能更好的去掌控车子本身的一个感觉，我觉得这个车子本身的一些调校做的都很好，所以还是挺好开的。,[性价比],为什么选他，除了其实就是因为我刚才说的那两点最满意的地方，首先就是它这个车子舒适性的感受还不错，乘坐起来感觉挺舒适的，然后开起来也挺轻松的，再一个就是这个车子的品牌不错，然后它整体各方面的品质也都还挺好的，所以我才会执意的选择他。,展开全部
"
    发表于  2021-07    

      
        
    
    
",深圳市易达汽车技术服务有限公司 [广东省],https://image1.xcarimg.com/attachments/my/1/90/75/494_120.jpg,gh1626517998,三星会员,4.38,外观,4,内饰,5,空间,5,舒适,5,油耗,4,动力,4,操控,4,性价比,4,购入信息,爱车车型,购入时间,2021/2/1,购车地点,裸车价格,20.2万  (厂商指导价 21.00万),当前油耗,8.2L/100km,购入用途,接送小孩,自驾游,爱车简评,这辆车让我印象非常的深刻，原本我是没有打算考虑这台车子的，因为这辆车子的动力也是2.0的发动机，油耗方面的话确实比较高，但是实际的情况的话，比我想象中的好多了，有这么强悍的动力的情况下,爱车评价,[最满意],这台车给我留下的印象很好，首先要说的就是外观设计确实很帅，比老款的漂亮很多，而且实力也足够强的，油耗还低，安全性做得非常棒，价格也值得。,[不满意],我不太满意的是新车的话，还是会有味道，整体的内部用料的话，不是特别好，而且做工方面也是比较粗糙的，还是一贯的大大咧咧的风格,[外观],外观就见仁见智了，我个人还是比较满意的，是我喜欢的造型，当时买福克斯就是看中了颜值，可能福特的设计比较和我心意,[内饰],内饰的做工用料非常的用心，完全对得起他这个价位。细节方面处理得特别到位，手感也比较不错，中控屏看起来科技感十足。,[空间],其实锐际这台车的整体性能是非常出色的，唯一美中不足的就是这台车的空间有点狭窄，特别是后排的地板凸起比较高，坐在中间的人会比较感到不舒服。,[舒适],车内的座椅设计非常人性化，后排的靠背还可以调节角度，无论坐到前后排都挺舒服的，车内也没有太大的噪音问题。,[油耗],目前的平均油耗基本上是能稳定在9个左右，我觉得这个燃油经济性还是相当不错的。,[动力],动力表现非常的强劲，而且起步也是非常快的。基本上油门踩下去还是能感受到很强劲的动力，推背感还是比较不错的。,[操控],在开车的时候还是能感觉到他的底盘非常的扎实，整台车的稳定性也非常的不错，还是比较简单容易上手的。方向盘的手感也非常棒，转向不吃力，而且精准。,[性价比],我买车首先也是追求性价比要高，这款锐际很好的满足了我的要求，亮眼的外观之下有着朴实的车价，用车的感受也一直让我很舒心。,展开全部
"
    发表于  2021-07    

      
        
    
    
",广州瀚福汽车销售服务有限公司 [广东省],https://image1.xcarimg.com/attachments/my/1/90/77/799_120.jpg,xuser1917779,三星会员,4.5,外观,4,内饰,5,空间,5,舒适,5,油耗,5,动力,4,操控,4,性价比,4,购入信息,爱车车型,购入时间,2021/2/1,购车地点,裸车价格,20.19万  (厂商指导价 21.00万),当前油耗,8.2L/100km,购入用途,自驾游,跑长途,爱车简评,打算换车的时候和妻子来到4S店，看到这辆车后，妻子一眼就被这辆车吸引住了，试驾后觉得操控很棒，价格也很合适，就下决心买这辆车了。,爱车评价,[最满意],最满意的是它的配置，配置特别的丰富实用，特别是驾驶辅助功能，比起同价位的车，整体表现略有优势。,[不满意],不满意滴还真没发现，开的时间也不多，自己花钱买的的东西，没有不满意的。,[外观],福特锐际这个车的造型设计小巧，紧凑，设计合理，说实话，我的车不知道被围观多少次了吸引无数认可的眼球。,[内饰],我的外观是深蓝色，加上他的熊猫色内饰，绝配，如果能多点软塑料就好了，别让人摸上去硬硬的，要是软软的就更加完美了。,[空间],乘坐空间绝对给力，视野出奇好，就是后备箱小了点，但这只是相对的，对我而言一点都不小，估计这也是设计者们的初衷，节约后备箱的地方，满足乘坐人员的空间，毕竟乘坐人员的空间大才是重要的。,[舒适],舒适就不用说了，绝对能让人满意，有轿车的朋友坐了我的车，基本都觉得自己买亏了。有点吹NB了，视线开阔，后排坐3人绝对宽敞底盘不硬不软，虽比不上豪华品牌，但是过个沟沟坎坎滴，还不是很颠簸。,[油耗],油耗这东西要看你怎么开了，我的自动档合期的油耗才10个多，让我觉得很自豪，基本加100元的油可以跑接近200公里路。,[动力],我没有越野的经验，这个车对我追求的家用来说足够，你只要舍得踩油门，动力绝对不会丢你的脸，超车的时候，加速效果刚刚的。,[操控],操控是福特锐际的一大靓点，方向盘轻的让我几乎没用过两只手开过车，而且绝对灵活，加上他的车身短，各种弯，入库，倒车，都方便得很，这也是我选择他的一大理由。,[性价比],总之买这车之前，我把同级别所有的车车都看了一遍，也都了解了一遍综合实际需要，价位配置，操控性，外观等等，考虑了一个月后出手买了这个福特锐际，开出去不会让大家丢份子的。,展开全部
"
    发表于  2021-07    

      
        
    
    
",厦门信达汽车销售服务有限公司 [福建省],https://image1.xcarimg.com/attachments/my/1/90/77/798_120.jpg,xuser1917779,三星会员,4.75,外观,5,内饰,5,空间,5,舒适,5,油耗,5,动力,4,操控,4,性价比,5,购入信息,爱车车型,购入时间,2021/2/1,购车地点,裸车价格,20.18万  (厂商指导价 21.00万),当前油耗,8.2L/100km,购入用途,购物,接送小孩,爱车简评,现在市面上的品牌真的非常多，销量高的，比如说什么日系车德系车感觉都挺不错的。但是我个人还是比较喜欢美系车，因为美系车有那种运动基因，看起来就让人感觉很动心。这款福特锐际虽然是一辆SUV,爱车评价,[最满意],最满意的首先是他的颜值，因为是给老婆买车，所以颜值最重要，大家都懂得，当时也和其他车行做了对比，其实最好看的是马自达三，但是后来在事成试驾环节，觉得他的动力性很不错，颜值也很够用。尤其是4S店的试乘试驾老师在演示超车的时候那一瞬间迸发出来的动力与灵活性，真的是太棒了。,[不满意],这辆车的减震偏硬，感觉在过减速带的时候后排颠簸感比较明显，而且路噪声也比较大，跑高速的时候车内真的不安静。,[外观],我选择的这款是蓝色没有选白的。其实自我感觉，这款蓝色更打眼。现在都追求独特性小区里一望无际全是白颜色的车，所以我俩最后商量选择了这款蓝色，现在冬天一直没有刷车。过两天天气暖和了，刷出来非常的好看。,[内饰],类似的整体颜色都是白色，幸好我俩都不抽烟，不过也不太好打理大家要是买浅色内饰的车，记得一定要及时地套上坐垫，让老婆的巧手一装扮之后车里还是很温馨的。,[空间],因为平时就我老婆自己开车上下班代步，平时的话也就我们两个人坐车而已，撑死再加几个朋友，所以在空间方面，我俩对车没有太大的，要求主驾驶舒服就可以。,[舒适],这个座椅软硬适中做起来很舒适，包括他的空调出风口可以语音操控感觉还是比较好玩的，音箱也不错，平时我俩出去玩的时候听听歌很放松。,[油耗],油耗方面，我真的是有点儿头疼，平时是老婆他一直在开这台车自我感觉老婆开的还是比较稳的，但是这个油耗却一直是在10个油左右，算是比较费油吧。,[动力],这个瞬间动力性的爆发必须是惊艳的。他是2.0T的发动机配合着这个四驱的动力性，无论你是在市区里开还是在跑高速的时候都给了一种劲儿很足的感觉。,[操控],方向盘大小适中没有过多花哨的感觉。驾驶室的位置空间也比较适中，整体看起来比较舒服。因为我现在开的是轿车，这个底盘略微会比我之前的那台车高一点，但是可以接受开起来还是比较舒适的。,[性价比],当时选择这款车首先是它的动力性，真的是太棒了，有可能不是自己家车，所以在是在环节油门给得很足那种瞬间的爆发力推背感给了我很大的印象动力性这方面完全没有问题，还有就是颜值方面也过关老婆也很满意，后来销售顾问又给我们推了分期付款感觉很合适，所以最后就选择了福特锐际。,展开全部
"
    发表于  2021-07    

      
        
    
    
",福建华骏汽车销售服务有限公司 [福建省],https://image1.xcarimg.com/attachments/my/1/90/77/797_120.jpg,xuser1917779,三星会员,4.38,外观,4,内饰,4,空间,4,舒适,5,油耗,5,动力,4,操控,4,性价比,5,购入信息,爱车车型,购入时间,2021/2/1,购车地点,裸车价格,20.17万  (厂商指导价 21.00万),当前油耗,8.2L/100km,购入用途,购物,接送小孩,爱车简评,选择这款车其实是特别明智的，因为它动力好，配置高，关键是空间也够用，外观我也特别喜欢。,爱车评价,[最满意],其实车子的话，我觉得一个是外观还是挺不错的，比较漂亮，也有运动感，白色的显得也大气，动力配置也相当不错，这两点我都最满意，所以我觉得买的这个车子还是十分值得的，因此我觉得性价比是十分不错,[不满意],我对这款车不满意的地方还没有出现，这款车也刚买来不久，对它的一切我都是比较满意的。,[外观],外观设计很综合，适合各个年龄段的人开，厚实的车身第一眼看上去就感觉很踏实，而且就算长时间开着他，也不会审美疲劳，挺耐看的。,[内饰],它的内饰就是做工挺好，然后就是设计的也是很有质感，很有时尚的感觉。车内异味当时买是有一些，我自己买了一堆去味的现在好多了！,[空间],驾驶位的空间挺舒服的，后排就相对紧凑了一点，头部位置略微不足，后备箱容量挺大的，一般日常用途完全足够。,[舒适],舒适度当然非常的棒了，它的辅助驾驶功能非常的多，这也是我驾驶的时候非常的轻松舒适，而且它的座椅设计的非常的柔软，质感很强，坐着比较舒服，减震方面也可以再过坑洼路面比较稳，也没有太大的噪音。,[油耗],油耗对于这个动力来说还能接受，目前8.5的油耗，高速市区各一半。,[动力],起步的时候油门响应特别的灵敏，中后段加速的时候，能够明显感觉这车的动力储备很充沛。,[操控],驾驶手感很棒，锐际的底盘开始来是真的好，扎实稳固，过弯支撑好侧倾不严重，方向盘大小合适，转向灵敏没虚位。,[性价比],当时也是准备了20万左右的预算吧，然后也不知道选什么车子，同事建议我去看了下，现在的车子，他给我推荐那个索纳塔，但是我觉得那个晗鱼嘴我实在是欣赏不来，看不顺眼，然后也就没有下文了，后来也是自己选来选去，看中了这锐际，我觉得性价比比较高，就拿下了,展开全部
"
    发表于  2021-07    

      
        
    
    
",青岛六和汽车销售有限公司 [山东省],https://image1.xcarimg.com/attachments/my/1/90/68/626_120.jpg,gh1626077734,三星会员,4.5,外观,4,内饰,4,空间,4,舒适,5,油耗,5,动力,4,操控,5,性价比,5,购入信息,爱车车型,购入时间,2021/2/1,购车地点,裸车价格,20.16万  (厂商指导价 21.00万),当前油耗,8.2L/100km,购入用途,购物,接送小孩,爱车简评,我买车对空间以及性能要求都不是太高，主要就是看中的颜值。在对比了很多合资SUV之后，锐际的整体设计风格比较符合我的审美。加上价位也挺合适的，就选择了它。,爱车评价,[最满意],最满意的就是这辆车的颜值确实非常的不错。前脸的设计饱满，车身的线条流畅，非常的动感。,[不满意],当时买车的时候并没有享受到什么优惠，本身的定价也的确不是特别高，但后期的养车成本高，保值率也是比较低的，所以说这也就是这台车子所存在的一些“隐性问题”了。,[外观],这辆车的外观设计就好好地迎合了年轻人的审美，前脸造型看着确实激进，不过车尾又会给人一种干净清爽的感觉，双边的排气也是很有气势的。,[内饰],整个内饰看起来确实上档次，座椅采用了皮质和翻毛皮混搭的材料，看上去绝对是质感满满，还有这车内的单色氛围灯也会给人一种特别温馨的感觉。,[空间],目前我们还没要孩子，父母都在老家，平时就我跟老婆俩人用车，锐际的车内空间这么大，整个车子的前后排坐上去都是非常自在的，空间是绝对够用了。,[舒适],虽然外观看着运动激进，但是坐到车内感觉还挺舒服的，车子本身的隔音就非常好，而且车内还配有10个B&O品牌音响，放歌的时候音质也特别棒。,[油耗],油耗不高不低，现在的平均油耗是9.1，毕竟锐际有着如此优秀的动力表现，再说我也不是经常跑高速的，它的油耗表现已经很不错了。,[动力],毫不夸张地说锐际所搭载的这台2.0T发动机的动力表现在同级别中都是佼佼者的，动力输出特别强劲，提速过程完全没有丝毫的拖感。,[操控],整辆车的底盘调校确实很扎实，很好的保证了它的车身稳定性，而且车道偏离预警系统以及主动刹车等等这些辅助型操控配置车上也都有，车子开着也很有安全感。,[性价比],当时就仅仅考虑了CX-5以及福特锐际，因为这是一种对运动的执着，但我觉得CX-5和这台福特锐际对比起来，真的没有什么值得让我选择的，因为那套2.5L6AT比这套2.0T8AT要差一些，最主要的就是福特锐际的颜值也不输CX-5，底盘也是要更给力的，所以我没有理由去选那台车。,展开全部
"
    发表于  2021-07    

      
        
    
    
",山东福特福汽车销售服务有限公司 [山东省],https://image1.xcarimg.com/attachments/my/1/90/49/904_120.jpg,gh1624855161,三星会员,4.75,外观,4,内饰,5,空间,5,舒适,5,油耗,5,动力,5,操控,4,性价比,5,购入信息,爱车车型,购入时间,2021/1/1,购车地点,裸车价格,20.15万  (厂商指导价 21.00万),当前油耗,8.2L/100km,购入用途,接送小孩,自驾游,爱车简评,其实福特车的实力一直都是很强的，但太多消费者缺乏一个更加理性的购车观念，更多的还是把眼光停留在表面，其实论实力，我觉得福特在众多合资车里面真的是很强的，论运动在这些合资品牌里面也基本上是没有什么对手,爱车评价,[最满意],满意的地方有很多，要说最满意的应该是锐际这款车的动力了，2.0T的发动机，248匹马力，393牛米的扭矩，光看这些表面上的数据就很炸，在试驾的时候更是深深的体会到了它的澎湃动力，尤其是在运动模式下，超车只需要点点油门。,[不满意],目前还没有特别不满意的地方，刚刚提车觉得油耗偏高一些，可能过了磨合期会下降一些，媳妇觉得外观不是特别大气。,[外观],锐际的外观我觉的很不错，圆圆呼呼的，不过作为美系车，它的肌肉感也是十足的。,[内饰],内饰很简洁，没有过多的实体按键，看着还是很舒服的，中控台也都是软的，中间采用了翻毛皮的材质，锐际的液晶仪表我觉得很漂亮,[空间],之前我的福克斯，我最不满意的就是空间，所以这次选车对空间还是比较看重的，我187的身高坐到前排，座椅调到合适的位置，再坐到后排，腿部还有两拳的空间，还是很满意的。其他的储物空间中规中矩吧。,[舒适],锐际的隔音我觉得比我试驾的CRV要好很多，尤其是到了80km/h以上这个速度，风噪和胎噪明显很控制的更好，前排的两个门的玻璃也是双层的隔音玻璃，座椅感觉有点短，不过整体坐起来还是比较舒服的，包裹性也不错。,[油耗],平均油耗能稳定在9~10个左右，对于这辆车来说特别正常，再说这辆车加92号汽油就行，完全不挑油，油耗只要能够稳定在这个水平我就很满足了。,[动力],动力绝对是我选择锐际的主要原因之一，在试驾的时候那种澎湃的动力源源不断，丝毫没有那种踩油门不往前走的感觉。,[操控],我觉得锐际的操控也是很不错，方向的指向性很精准没有虚位，底盘也是很扎实，过弯很有信心,[性价比],因为我的第一台车就是福特，这次在选车的时候还是更偏向福特，朋友也推荐了CRV，年前抽时间都去看了看，媳妇觉得CRV外观更大气一些，油耗低一些，但是试驾完这两个车，锐际给我的印象更深刻，动力，操控，隔音明显比CRV更好，综合考虑还是选择了锐际这款车。,展开全部
"
    发表于  2021-07    

      
        
    
    
",重庆中汽西南福星汽车有限公司 [重庆市],https://image1.xcarimg.com/attachments/my/1/90/77/792_120.jpg,xuser1917779,三星会员,4.75,外观,5,内饰,5,空间,5,舒适,5,油耗,5,动力,5,操控,4,性价比,4,购入信息,爱车车型,购入时间,2021/1/1,购车地点,裸车价格,20.14万  (厂商指导价 21.00万),当前油耗,8.1L/100km,购入用途,接送小孩,自驾游,爱车简评,颜值高，空间合适，动力真的强，245马力是我看到22万以下价位最猛的，配置丰富，看了不少车还是锐际更吸引我，所以最后就订了锐际。,爱车评价,[最满意],最满意的是这辆车有着非常出众的性价比。还有就是外观的颜值非常好，很符合我们年轻人的审美。,[不满意],最不满意的就是这辆车的整体调校偏向性能，在舒适性的方面表现的不够那么好。,[外观],外观的造型非常的动感时尚。采用了非常丰富的车身线条，看起来还要运动气息。,[内饰],内饰的设计也比较的新潮。旋钮式的换档搭配着超大的液晶屏，让整个中控台看起来非常的有档次。用料和做工也很扎实，手感细腻，很有质感。,[空间],对于我平时一个人用车来说，这辆锐际的空间还是比较的不错。前排的视野很开阔，坐进去之后身体也可以自由活动。,[舒适],座椅软硬适中，对身体的支撑性也很到位，过年的时候跑过几次长途，也不会太疲惫。悬架的调校过于偏硬，在处理颠簸的能力上稍微有点欠缺。,[油耗],平时在市区用车偏多一些。由于我也是新手目前的综合油耗在10升出头，也在自己的预期范围。,[动力],2.0T的发动机搭配的四驱系统，不仅有着非常强劲的爆发力，而且整体的稳定性也很出众。,[操控],车身的大小，合适驾驶起来还是非常的方便。方向盘的指向很精准，几乎没有任何的虚位。底盘调校的也很有韧性，开起来四平八稳，非常的舒服。,[性价比],我买车也是在很多车之间进行选择和对比。锐捷凭借着出色的外观颜值以及超强的动力表现给了我不错的印象。加上价格也在自己的预算范围，就选择了它。,展开全部
"
    发表于  2021-07    

      
        
    
    
",天津市中乒北福汽车销售服务有限公司 [天津市],https://image1.xcarimg.com/attachments/my/1/90/69/797_120.jpg,gh1626144607,三星会员,4.75,外观,4,内饰,5,空间,5,舒适,5,油耗,5,动力,4,操控,5,性价比,5,购入信息,爱车车型,购入时间,2021/1/1,购车地点,裸车价格,20.13万  (厂商指导价 21.00万),当前油耗,8.1L/100km,购入用途,接送小孩,跑长途,爱车简评,前段时间手里的资金稍微宽裕了一点，老婆说是时候考虑换一辆车了。各种试驾，查资料、对比，福特锐际最终打动了我。,爱车评价,[最满意],这辆车让我最满意的地方就是它的外观，特别是在中网造型方面，感觉非常的好看，时间久了，看起来更加的舒服了，整个策略也是非常的好看，车身的线条感非常足，车尾的设计也是毫不逊色的,[不满意],这两天让我感觉比较不满意的地方，就是在这款车的动力方面，感觉有的时候起步会有点慢，有点肉肉的感觉，如果在这个地方能够进行改进的话，我觉得应该会更好一些的,[外观],外观设计令我最满意的地方是在中网的方面，感觉非常的耐看，然后整个车身的线条感也是非常的足,[内饰],内饰方面也是非常值得夸奖的，是很多细节方面都处理的很好，而且手感也是非常的好,[空间],空间方面也是令我比较满意的一个地方吧，特别是在乘坐空间方面，我是比较满意的,[舒适],舒适性性方面也是比较好的，特别是座椅的舒适性，非常的高，座椅是非常柔软的，然后在隔音方面处理的也都是比较出色的,[油耗],这辆车百公里的综合油耗在9.6左右，个人感觉会稍微有一些高，如果能够降低一些的话，那肯定会更加的完美,[动力],动力方面并没有让我特别满意，感觉起步的时候会稍微有一点露，这一点是需要改进的，如果这个能改进的话，我相信一定会做的更好,[操控],这辆车的操控表现的还是挺不错的，转向精准度非常的高，刹车和油门的灵敏度都挺高的，让我感觉开起来的感觉非常的好,[性价比],当时之所以会学的这辆车，很大的原因，也是因为这款车的外观方面让我非常的满意，感觉这款车的中网造型是深得我心的，而且这个车的品牌大标也是非常的好看，感觉非常的有创意，从前脸来看，两个大灯的设计也是非常的犀利,展开全部
"
    发表于  2021-07    

      
        
    
    
",上海东昌福德汽车销售服务有限公司 [上海市],https://image1.xcarimg.com/attachments/my/1/90/77/790_120.jpg,xuser1917779,三星会员,4.75,外观,5,内饰,5,空间,5,舒适,5,油耗,5,动力,4,操控,4,性价比,5,购入信息,爱车车型,购入时间,2021/1/1,购车地点,裸车价格,20.12万  (厂商指导价 21.00万),当前油耗,8.1L/100km,购入用途,接送小孩,自驾游,爱车简评,当时认为在买车的时候入手一辆价格给力的合资车就好了，但是在见到这辆福特锐际之后，自己的想法完全就改变了，感觉20多万的价格并不是很高，并且有着四驱的动力，无论面对什么样的路况都能够很好的增幅。,爱车评价,[最满意],最满意的就是车子的动力了，万万没想到发动机还是非常迅猛的，而且它的油门反应也非常的快速，在市区里面开车其实也很需要这种动力强一点的感觉。,[不满意],最不满意的地方其实也是有的，车子的风噪声有点大，尤其是跑高速的时候会更加明显一些。,[外观],充满时尚与活力的车子外形，反正我身边看过这辆车子的人都夸赞它颜值比较高，我自己也是很喜欢这种外观的。,[内饰],我觉得车子在内饰方面的用料还是挺不错的，就是整体的设计感比较单调，是很普通的家用车子的那种感觉，没什么新颖的地方。,[空间],不管是储物空间还是乘坐空间，其实都挺尽如人意的，尤其是它的后备箱还是比较宽大的，深度以及开口都足够。,[舒适],我比较喜欢它在座椅方面的设计，透气性很强，而且坐着很柔软，但是有时候风噪声还是有些吵闹的，这方面需要加以改进。,[油耗],作为一辆动力强劲的小车子，其实它在油耗方面的表现也有点超乎我的意料，现在来看油耗并不是很高。,[动力],对于整体的动力我个人觉得还是比较满意，迅猛的起步以及平稳的加速感，让我开起车来更加有信心。,[操控],我比较满意的是它的方向盘的程度很合适，不轻不重的，在驾驶的过程中就会更加好操控一些，各种功能也都比较实用。,[性价比],选择这车子自然是有我自己的原因的，我这个人比较注重性价比，只有性价比达到我的要求了那么我才会选择它，它的综合表现还是挺强的。,展开全部
"
    发表于  2021-07    

      
        
    
    
",北京中进万国汽车销售服务有限公司 [北京市],https://image1.xcarimg.com/attachments/my/1/90/77/787_120.jpg,xuser1917778,三星会员,4.5,外观,4,内饰,4,空间,5,舒适,4,油耗,4,动力,5,操控,5,性价比,5,购入信息,爱车车型,购入时间,2021/1/1,购车地点,裸车价格,20.11万  (厂商指导价 21.00万),当前油耗,8.1L/100km,购入用途,购物,接送小孩,爱车简评,买锐际是表弟给我推荐的，因为他一直开的都是福特，也一直给我推荐福特车，我们俩就去店里逛了逛，看上了这款车的颜值，通过试驾也喜欢上了这辆车。,爱车评价,[最满意],瑞基这台车我最满意的就是它的外观了。气势十足，动感时尚，我也是一个颜值控，所以选车外观也是最主要的。,[不满意],现在车子开了一段时间了，不满意的地方没有什么特别多，新车提回来，车里面还是有点味道的。,[外观],锐际这台车的外观，我也比较喜欢，颜色我感觉这个蓝色，也特别的漂亮，大大的中网，造型犀利的LED大灯，加在一起看起来，气势十足的样子，大大的轮毂看着也特别的有力量。车子尾部灯，也好看。整个车身造型非常合我的心意。,[内饰],这台福特锐际的内饰，我觉得设计的也很用心，手触摸的地方，都是软的，手感很细腻，中控屏的尺寸也非常大，看着也特别舒服，上网的时候也很顺畅，平时开车的时候，开空调，打电话也可以用语音，觉得这台车科技感还是挺强的。,[空间],锐际，这台车的空间，也足够我家里边用车，这台车的空间也还是挺好的，前后乘坐起来都比较宽松，不会挤，后排坐三个人也还是挺好的，空间上没什么问题。,[舒适],平时带着家人出门玩，大家都说这个车的舒适度非常的好，特别是父母亲，坐了两次车，说这个车坐着不头晕，特别的舒服，锐际这台车子，给我的感觉也是觉得舒适度超级的棒，坐在车内非常的安静，舒适。,[油耗],跑了七百多公里了，平均油耗的11.3个，说实话这个油耗我不是很能接受的。,[动力],锐际这台车，它是2.0T的涡轮增压发动机，动力还是挺迅猛的，我平常开着车出去的时候，感觉这台车子动力都是能够随叫随到，等红绿灯的时候一脚油门踩下去，车子总能第1个冲出去。,[操控],锐际这台车，让我觉得，这个车开起来还是很好上手的，车内的全速自适应巡航系统，跑高速的时候对我的帮助也特别大，不会那么累，方向盘握在手上，转向的时候也特别的准，这部车能够给我带来一个轻松愉快的驾驶体验。,[性价比],买车的时候也看了挺多的车款的，手里的钱也比较有限，太高端的买不起，太低端的看不上，最后综合下考虑，觉得锐际，这台车比较适合我，在价位上和各方面都能满足我的需求。,展开全部
