publish,标题,图片,名称,名称1,评分,评分2,评分3,评分4,评分5,评分6,评分7,评分8,评分9,评分10,评分11,评分12,评分13,评分14,评分15,评分16,评分17,标题18,信息,信息_链接,信息19,信息20,信息21,信息22,信息23,信息24,信息25,信息26,信息27,标题28,标题29,信息30,dw_22,dw_23,dw_2231,dw_2332,dw_1,dw_133,dw_2,dw_234,dw_3,dw_235,dw_336,dw_237,dw_4,dw_438,dw_5,dw_6,dw_539,dw_640,dw_8,dw_841,dw_7,dw_742,dw_10,dw_1043,openall
"
    发表于  2023-08    

      
        
    
    
",首先要说，那块贯穿大屏确实很有科技感，而且上车后还会播放迎宾动画，仪式感满满。但是这种没有遮挡的屏幕，势必会在有些情况下出现反光的现象，有时候会导致看不太清楚大屏的内容。,https://image1.xcarimg.com/attachments/my/1/95/00/569_120.jpg,xuser1960056,三星会员,4.88,外观,4,内饰,5,空间,5,舒适,5,油耗,5,动力,5,操控,5,性价比,5,购入信息,爱车车型,https://newcar.xcar.com.cn/m68349/,2023款长安UNI-K 智电iDD1.5T 135km 智酷型,购入时间,2023/7/1,购车地点, [重庆市],裸车价格,18万  (厂商指导价 21.59万),当前油耗,7L/100km,爱车简评,爱车简评,爱车评价,[最满意],[不满意],我最关心的是车辆的安全性，买车的时候我就研究了，全新uni-k的安全性还是很高的。气囊比同级车多不说，主动安全系统也足够好用。,储物空间方面，全新uni-k有一个地方没设计成储物格，我觉得有点浪费。还有就是内饰的部分，设计没问题，但是大屏幕偶尔会反光。,[外观],外在的气场和豪华感还是非常足的，特别是前脸，之前选车的时候我就很喜欢这个设计。因为它的进气格栅适特别有一种美系车的豪华范儿，这高级感和气场一下子就起来了。,[不满意],储物空间方面，全新uni-k有一个地方没设计成储物格，我觉得有点浪费。还有就是内饰的部分，设计没问题，但是大屏幕偶尔会反光。,[空间],[内饰],说到空间的部分，乘坐的空间其实还好，我就说一个储物空间的设计，一个小建议。就是中控台下方，手机无线充电面板这个区域下面，别的车一般都会再掏空出来一个储物格，但是uni-k就没有。感觉这个地方有些浪费了，家用车嘛，储物空间肯定是多多益善的。虽然那种掏空的储物格用起来有点别扭，但我觉得有就比没有强。,内饰大部分采用的是糖塑工艺，能触摸到的地方大部分都是软的，所以说内饰这一块很不错。,[舒适],座椅设计的也特别大，加长加大的，设计完全符合人工学设计，包裹性特别好，舒适度特别高，坐在上边和大沙发一样，座椅还特别软，非常舒服 第二排空间：第二排空间的话就更不用说了，就我刚才说的，轻轻松松可以翘二郎腿了，三个人坐在后边完全没有拥挤感，而且后排的空调设计也是非常的人性化。,[油耗],[动力],提车的时间没有很长，很快就进夏天了。现在这个天气电池的性能也比较好，正常能把130km的续航里程跑满。再说没电了还可以加92号汽油继续跑，这样算下来油耗就很低了，正常都不超过六个油。,因为是电动机发动机双持车型，所以全新uni-k动力还是相当给力的。前天跑了一次高速，新车我还没舍得使劲儿踩油门，很轻松就到了120。跑高速的时候还有自适应巡航，自动的控制车速和车距，很省心也很安全。而且透明底盘这个功能更让我低速行车的时候放心，看到的角度更多，倒车也就更安全。,[性价比],说到性价比，我觉得全我这台智趣版很不错。主要是配置高，用到的用不到的都给上了，而且价格也可以接受，优惠了不少钱。。,[操控],双D字型方向盘即增大了驾驶员腿部空间，也不会影响看行车电脑的一个视线，特别的方便，电子挡杆占地也小，操作起来也是非常方便的，不会说在驾驶的过程中不小心触碰到了挡杆影响安全的驾驶，这个绝对不会，它是防误碰的挡杆，设计的非常不错,[四驱],方向盘轻重：方向盘设计的话也是非常轻的，因为现在大部分都是采用的电子方向盘，速度越慢的情况下方向盘越轻，速度越快方向盘越重，保证在高速行驶的情况下更加的安全,展开全部
"
    发表于  2023-08    

      
        
    
    
",细长的LED大灯、和保险杠融为一体的格栅设计，前脸非常有科技感。侧面线条很流畅，20寸的轮毂营造出的运动气息又很强，还有红色的刹车卡钳，看上去气势十足。,https://image1.xcarimg.com/attachments/my/1/95/00/567_120.jpg,xuser1960056,三星会员,4.88,外观,4,内饰,5,空间,5,舒适,5,油耗,5,动力,5,操控,5,性价比,5,购入信息,爱车车型,https://newcar.xcar.com.cn/m68349/,2023款长安UNI-K 智电iDD1.5T 135km 智酷型,购入时间,2023/6/1,购车地点, [天津市],裸车价格,18万  (厂商指导价 21.59万),当前油耗,7L/100km,爱车简评,爱车简评,爱车评价,[最满意],[不满意],以前觉得新能源车的续航都是有水分的，但是没有想到我的UNI-K iDD用下来实际续航相比于官方的数据还更长，现在在城里面跑可以达到135公里。,高速上的动力表现一般，再加速的能力不算太强，有些太过平淡了。内饰精简掉了大部分实体按键，看上去倒是挺简约、富有科技感，但是实际操作，触控的按键不如实体按键那么方便。,[外观],外观第一眼看过去很有厚重感，高高的车身腰线、流畅的车顶线条，车身姿态非常舒展。前脸部分，格栅的设计很有特色，细长的LED大灯也有几分凶狠的感觉。车尾贯穿式的尾灯，周围有一些熏黑的元素，加上下方双出的排气孔装饰以及车尾硕大的尾翼，整个运动感非常强烈。,[不满意],高速上的动力表现一般，再加速的能力不算太强，有些太过平淡了。内饰精简掉了大部分实体按键，看上去倒是挺简约、富有科技感，但是实际操作，触控的按键不如实体按键那么方便。,[空间],[内饰],我朋友182cm的身高，第一次坐我车也对长安UNI-K 智电iDD的后排空间表示赞叹，在我看来，它的空间绝对是同级数一数二的水准，非常宽敞。此外，车内的储物格也是相当丰富，前后排都有中央扶手，两侧门板上的储物空间还很大，能收下不少东西，用着很方便。,中控台的设计布局很有层次，全液晶仪表的设计也是相当个性，几块屏幕共同组成，科技感十足，各类信息显示也非常清晰。在用料上，皮革包覆的面积很大，尤其是一些身体容易触碰到的位置，包括中央过道两侧都用了蒙皮的处理，质感很好。就是实体按键不算多，操作上会受到一定的影响。,[舒适],UNI-K是一辆大5座中型SUV，空间在同级车型中绝对是佼佼者。而且有平整的后排地板，坐三个人的情况下横向宽度以及放脚都很合适，不会影响乘坐舒适性。,[油耗],[动力],纯电续航在135公里左右，对于一款插电混动车型来讲，这个数据算是挺给力的了，即使是混动模式下油耗也不高，平均7升的样子，整个用车成本都是非常经济的。,和同级的燃油车比，这个动力性能肯定不算弱，尤其是市区中低速路段下加速超车，有很明显的轻快感，但是高速上表现就比较平淡，即使油门踩的比较深也没有低速下那样强的爆发力。转向手感挺自然的，力度轻重合适，还可以自定义驾驶模式来调整转向的力度大小，非常人性化。,[性价比],我这个次低配版本，不到20万的价格感觉挺实惠的，虽然和高配相比，配置上会少一些，但是主要的功能比如全景天窗、电动座椅调节带加热通风等等都有了，并没有什么大的不足，用下来也很顺手，整体看起来都非常的均衡全面。,[操控],日常开着和电动车感觉差不多，加速非常轻快，超车时动力也很猛，一气呵成，让我很有信心。我今天还跑了一小段高速，一直加速到120km/h一点不费劲。,[四驱],长安UNI-K 智电iDD的转向和底盘调校给我的感觉很舒服，不管是连续转弯并线还是经过一些坑坑洼洼的路面，都能从容面对，开着好开、坐着也很舒适。,展开全部
"
    发表于  2023-08    

      
        
    
    
",液晶仪表很酷，几块屏幕分别显示不同的信息内容，看上去很直观。还有上下平底的方向盘设计，中控的车机屏幕灯的样式都很特别。,https://image1.xcarimg.com/attachments/my/1/95/00/566_120.jpg,xuser1960056,三星会员,4.88,外观,5,内饰,4,空间,5,舒适,5,油耗,5,动力,5,操控,5,性价比,5,购入信息,爱车车型,https://newcar.xcar.com.cn/m68348/,2023款长安UNI-K 智电iDD1.5T 135km 智领型,购入时间,2023/7/1,购车地点, [广东省],裸车价格,17万  (厂商指导价 20.79万),当前油耗,9L/100km,爱车简评,爱车简评,爱车评价,,[不满意],,车身尺寸大带来了一个负面的影响，那就是操控的灵活度没那么好，尤其是车多的时候需要并线加塞，有点把握不住车身的位置。设计上，UNI-K的样子非常前卫，只是和燃油版相比没有什么特殊的元素，如果能够更个性独特一些就好了。,[外观],原厂21寸的轮毂是真的非常大气，尤其UNI-K还用了一个高腰线的设计，甚至有几分概念车的那种感觉。前脸是长安现在的家族化设计风格，还挺有辨识度的，也足够凶猛，很符合我们年轻人的审美。车尾有一个大大的尾翼，贯穿式的尾灯很漂亮。唯独让我觉得还可以改进的就是独特性方面，相比燃油版如果能够再多一些其他的标志性元素就更好了。,[内饰],双幅的方向盘设计，而且是椭圆的造型，配上多屏组成的液晶仪表，整个运动氛围和科技感都拉满了。用料很给力，中控台上方下方都是软性的材质，门板上、扶手周围也都使用了皮革包裹，质感很好。,[空间],,这个尺寸的车想做7座其实也很轻松，而UNI-K只是5座车型，后排空间就更宽敞了。还有车顶的全景天窗是我非常喜欢的，给整个车内都带来了特别明亮的感觉，空间感很强。另外，前排中央过道这一块储物格很多，用下来实用性非常出色。,,[舒适],开下来这段时间，UNI-K iDD的乘坐舒适性是我最满意的，除了空间大之外，它的底盘以及隔音效果都非常出色，无论是遇到坑洼多或者减速带比较大的情况，还是上高速行驶，坐着都很舒服。,[油耗],[动力],电池容量不小，续航让我挺满意的，就算我有时候驾驶比较激烈，平均续航还是可以稳定在120~130公里之间。,要说坐的话，UNI-K是非常舒服的，宽大厚实的座椅、减震效果很好的底盘，非常安静的车内环境，大部分路况下都能够轻松应付，有高级感。只是从开的角度来说，车身尺寸大，没有小车那么灵活好控制，停车的时候也需要多到两把。,[性价比],我选择了次顶配，价格不贵，配置又非常全，不管是舒适性方面的功能还是一些科技配置等等都没有落下，再加上插电混动的系统，用车成本很经济，又有三电的终身质保，以后不需要我过分操心质量方面的问题，性价比挺高的。,[操控],日常开起来就像一辆电动车，起步加速非常的轻快，动力响应很灵敏，整个平顺性也没得挑。在中后段突然深踩油门。,[四驱],动力也会有一定的爆发感，超车很轻松，各种情况下我都非常有信心、相较于它的车身尺寸来讲，UNI-K的操控还非常灵活，车尾的响应速度很快，激烈驾驶也能够达到我的预期。,展开全部
"
    发表于  2023-08    

      
        
    
    
",原厂21寸的轮毂是真的非常大气，尤其UNI-K还用了一个高腰线的设计，甚至有几分概念车的那种感觉。前脸是长安现在的家族化设计风格，还挺有辨识度的，也足够凶猛，很符合我们年轻人的审美。,https://image1.xcarimg.com/attachments/my/1/95/00/565_120.jpg,xuser1960056,三星会员,4.75,外观,4,内饰,5,空间,5,舒适,5,油耗,5,动力,4,操控,5,性价比,5,购入信息,爱车车型,https://newcar.xcar.com.cn/m68348/,2023款长安UNI-K 智电iDD1.5T 135km 智领型,购入时间,2023/6/1,购车地点, [广东省],裸车价格,17万  (厂商指导价 20.79万),当前油耗,9L/100km,爱车简评,爱车简评,爱车评价,[最满意],[不满意],当初选择UNI-K iDD，除了看中它实用的空间之外，还有一个重要原因就是想要一套插电的混动系统，这样既不用有里程焦虑，又能够有经济的用车成本。而目前UNI-K这套系统也的确是让我非常满意，加速快、平顺性好，续航也足够我日常的通勤代步，用车成本非常低。,方向盘的造型有些怪异，我个人还是更喜欢那种普通的圆形，看着会更舒服一点。配置上，大部分功能都具备了，但是后排座椅没有加热通风，在舒适性方面的配置上还是不够全。,[外观],外观看上去特别大气，一方面是车身尺寸大，另一方面，它的设计也营造出来了这种感觉，比如富有侵略性的前脸、超大尺寸的轮毂、橙红色的刹车卡钳、巨大的尾翼等等，细节上和一般的家用SUV很不一样，运动感非常强烈。,[不满意],方向盘的造型有些怪异，我个人还是更喜欢那种普通的圆形，看着会更舒服一点。配置上，大部分功能都具备了，但是后排座椅没有加热通风，在舒适性方面的配置上还是不够全。,[空间],[内饰],平常车子几乎都是我在开，前排的储物空间用着是真顺手，放手机、饮料以及一些小物品都能找到合适的地方。后排乘坐空间非常宽松，对我176 cm的身高来讲能够葛优躺，腿部空间非常充足。,第一次在网上看到UNI-K iDD的内饰，我对它印象最深刻的就是液晶仪表了，几块大小不一的屏幕组成，上方是弧形状，给人那个感觉很不一样。实际上，它的这套内饰科技感也确实强，而且用料厚道，几乎都是软包质感，完全对得起这个价格，只不过方向盘造型不规则，我个人并不是太喜欢这样的设计。,[舒适],这个尺寸的车想做7座其实也很轻松，而UNI-K只是5座车型，后排空间就更宽敞了。还有车顶的全景天窗是我非常喜欢的，给整个车内都带来了特别明亮的感觉，空间感很强。,[油耗],[动力],满电到切换混动模式，续航有130km的样子，当然，这是在市区用车为主的情况下开出来的，如果是快速路或高速偏多的话会有一定的缩水。但这种插电混动的车型相比于纯电动车好处就是不需要担心续航不够，出远门的话，加油也一样没问题，很省心。,加速挺快的，尤其是踩下油门之后，动力能够立马响应，市区这种变化车速比较频繁的情况下开起来更加跟脚，不会觉得拖拉。,[性价比],这个价格入手一辆插电混动中型SUV肯定是不贵的，而且不需要购置税，相当于又省了两万块钱。就是作为一款国产车配置上不够，让人眼花缭乱，这方面应该再提升提升。,[操控],要说坐的话，UNI-K是非常舒服的，宽大厚实的座椅、减震效果很好的底盘，非常安静的车内环境，大部分路况下都能够轻松应付，有高级感。只是从开的角度来说，车身尺寸大，没有小车那么灵活好控制，停车的时候也需要多到两把。,[四驱],UNI-K的底盘并不会过分柔软，悬架中后段还是保留了一定的支撑性，连续的过弯并线，车身姿态不会太狼狈。,展开全部
"
    发表于  2023-06    

      
        
    
    
",NI-K的后排也是相当宽敞，坐三个人感觉都还挺宽松。而且它的地板是完全平整的设计，放脚很方便，不会影响中间的乘坐。,https://image1.xcarimg.com/attachments/my/1/94/86/605_120.jpg,xuser1958660,三星会员,4.75,外观,5,内饰,5,空间,5,舒适,5,油耗,5,动力,4,操控,5,性价比,4,购入信息,爱车车型,https://newcar.xcar.com.cn/m68347/,2023款长安UNI-K 智电iDD1.5T 135km 智趣型,购入时间,2023/5/1,购车地点,x中山市利盈汽车销售服务有限公司 [广东省],裸车价格,19万  (厂商指导价 19.49万),当前油耗,7L/100km,爱车简评,爱车简评,爱车评价,[最满意],[不满意],UNI-K这车不仅仅是好看，开起来之后无论是动力还是整体的舒适性表现也是让我相当满意动力。官方8.1秒的破百成绩虽然不算多突出，但是那种动力随叫随到的感觉很好，始终让我很有信心。而它的底盘调教在支撑和减震效果两方面兼顾的也很好，走烂路的时候有很明显的缓冲感，遇到大的坑洼弹跳也不生硬。因为用了双层隔音玻璃隔音，静音效果又非常出色，高速上一样很安静。,中控屏幕尺寸并不算大，因为梯形的设计还导致视觉感受上会觉得边框有些粗，没那么有科技感。我这个版本，没有并线辅助、车道居中保持那些功能，在科技感方面的表现会弱一些。,[外观],细长的LED大灯、和保险杠融为一体的格栅设计，前脸非常有科技感。侧面线条很流畅，20寸的轮毂营造出的运动气息又很强，还有红色的刹车卡钳，看上去气势十足。,[不满意],中控屏幕尺寸并不算大，因为梯形的设计还导致视觉感受上会觉得边框有些粗，没那么有科技感。我这个版本，没有并线辅助、车道居中保持那些功能，在科技感方面的表现会弱一些。,[空间],[内饰],我朋友182cm的身高，第一次坐我车也对长安UNI-K 智电iDD的后排空间表示赞叹，在我看来，它的空间绝对是同级数一数二的水准，非常宽敞。此外，车内的储物格也是相当丰富，前后排都有中央扶手，两侧门板上的储物空间还很大，能收下不少东西，用着很方便。,内饰设计很有特点，仪表是由几个屏幕组成，车机屏幕和仪表还不是在一个纵向屏幕内，错落的设置营造出了非常有层次的效果。不过屏幕尺寸稍微小了些，如果能换大几个尺寸的效果会更好。,[舒适],买车时我对长安UNI-K 智电就已经了解的七七八八了，但开了这阵子，我发现它在动态表现上给了我惊喜。除了加速快之外，转向手感还有底盘的调校都称得上高级，开起来很跟手，坐着又很舒服。,[油耗],[动力],电耗大概18.5kwh，对于这个级别的车型来说不高。电池容量不小，大概28kwh，满电能跑个130km的样子，后续就算是混动模式下，油耗也不高。,日常开着和电动车感觉差不多，加速非常轻快，超车时动力也很猛，一气呵成，让我很有信心。我今天还跑了一小段高速，一直加速到120km/h一点不费劲。此外，长安UNI-K 智电的转向和底盘调校给我的感觉很舒服，不管是连续转弯并线还是经过一些坑坑洼洼的路面，都能从容面对，开着好开、坐着也很舒适。,[性价比],毕竟这是一款中大型SUV，级别摆在这，还用了一套插电混动系统，技术先进，在性能和经济性两方面都得到了很好的平衡，以后用车成本上也能给我节省不少，性价比很高。,[操控],市区开的话，起步响应很快，跟车行驶走走停停，始终都是非常的顺滑安静，,[四驱],开着好开、舒适感也强。,展开全部
"
    发表于  2023-06    

      
        
    
    
",侧面线条很流畅，20寸的轮毂营造出的运动气息又很强，还有红色的刹车卡钳，看上去气势十足。,https://image1.xcarimg.com/attachments/my/1/94/86/601_120.jpg,xuser1958660,三星会员,4.88,外观,5,内饰,5,空间,5,舒适,4,油耗,5,动力,5,操控,5,性价比,5,购入信息,爱车车型,https://newcar.xcar.com.cn/m68347/,2023款长安UNI-K 智电iDD1.5T 135km 智趣型,购入时间,2023/5/1,购车地点,文登市顺达汽车销售有限公司(长安汽车) [山东省],裸车价格,19万  (厂商指导价 19.49万),当前油耗,7L/100km,爱车简评,爱车简评,爱车评价,[最满意],[不满意],以前觉得新能源车的续航都是有水分的，但是没有想到我的UNI-K iDD用下来实际续航相比于官方的数据还更长，现在在城里面跑可以达到135公里。,高速上的动力表现一般，再加速的能力不算太强，有些太过平淡了。内饰精简掉了大部分实体按键，看上去倒是挺简约、富有科技感，但是实际操作，触控的按键不如实体按键那么方便。,[外观],外观第一眼看过去很有厚重感，高高的车身腰线、流畅的车顶线条，车身姿态非常舒展。前脸部分，格栅的设计很有特色，细长的LED大灯也有几分凶狠的感觉。车尾贯穿式的尾灯，周围有一些熏黑的元素，加上下方双出的排气孔装饰以及车尾硕大的尾翼，整个运动感非常强烈。,[不满意],高速上的动力表现一般，再加速的能力不算太强，有些太过平淡了。内饰精简掉了大部分实体按键，看上去倒是挺简约、富有科技感，但是实际操作，触控的按键不如实体按键那么方便。,[空间],[内饰],UNI-K是一辆大5座中型SUV，空间在同级车型中绝对是佼佼者。而且有平整的后排地板，坐三个人的情况下横向宽度以及放脚都很合适，不会影响乘坐舒适性。后备箱也是相当给力，整个进深非常充足，把座椅放到之后扩展起来更是实用。,中控台的设计布局很有层次，全液晶仪表的设计也是相当个性，几块屏幕共同组成，科技感十足，各类信息显示也非常清晰。在用料上，皮革包覆的面积很大，尤其是一些身体容易触碰到的位置，包括中央过道两侧都用了蒙皮的处理，质感很好。就是实体按键不算多，操作上会受到一定的影响。,[舒适],在我看来，它的空间绝对是同级数一数二的水准，非常宽敞。此外，车内的储物格也是相当丰富，前后排都有中央扶手，两侧门板上的储物空间还很大，能收下不少东西，用着很方便。,[油耗],[动力],纯电续航在135公里左右，对于一款插电混动车型来讲，这个数据算是挺给力的了，即使是混动模式下油耗也不高，平均7升的样子，整个用车成本都是非常经济的。,和同级的燃油车比，这个动力性能肯定不算弱，尤其是市区中低速路段下加速超车，有很明显的轻快感，但是高速上表现就比较平淡，即使油门踩的比较深也没有低速下那样强的爆发力。转向手感挺自然的，力度轻重合适，还可以自定义驾驶模式来调整转向的力度大小，非常人性化。,[性价比],我这个次低配版本，不到20万的价格感觉挺实惠的，虽然和高配相比，配置上会少一些，但是主要的功能比如全景天窗、电动座椅调节带加热通风等等都有了，并没有什么大的不足，用下来也很顺手，整体看起来都非常的均衡全面。,[操控],日常开着和电动车感觉差不多，加速非常轻快，超车时动力也很猛，一气呵成，让我很有信心。我今天还跑了一小段高速，一直加速到120km/h一点不费劲,[四驱],长安UNI-K 智电的转向和底盘调校给我的感觉很舒服，不管是连续转弯并线还是经过一些坑坑洼洼的路面，都能从容面对，开着好开、坐着也很舒适。,展开全部
"
    发表于  2023-06    

      
        
    
    
",就是冲外观来的，不评价了，萝卜白菜，我就好这口。主要是城市代步带家人出去玩，城市开够用了。,https://image1.xcarimg.com/attachments/my/1/94/86/599_120.jpg,xuser1958659,三星会员,4.88,外观,5,内饰,5,空间,5,舒适,4,油耗,5,动力,5,操控,5,性价比,5,购入信息,爱车车型,https://newcar.xcar.com.cn/m68346/,2023款长安UNI-K 智电iDD1.5T 135km 智享型,购入时间,2023/5/1,购车地点,保定市盛福宇威汽车贸易有限公司 [河北省],裸车价格,18万  (厂商指导价 18.79万),当前油耗,6.5L/100km,爱车简评,爱车简评,爱车评价,[最满意],[不满意],最满意的就是外观和大小，再就是用电便宜。同级别的性价比高配置高。我买的是22款的低配，对老司机来说够用且好用了。还有比较满意的再就是长途感觉好，给油就有劲，没有DMI那种摆烂感觉（抱歉了DMI粉，本人不吹也不黑，我有长途需求，基本1/3长途吧，开过混动的唐和宋P的DMI，才决定买UNI-K IDD的）。,不满意的也不少，最不满意还是操控，本人老司机，可以说阅车无数，我试驾过UNI-K的油版和IDD，油车过弯太飘了，感觉idd有电池加持（重），开起来稳重了不少。但是还是感觉差了那么一些。但是，没有快速超车和激烈驾驶需求的话，基本没啥问题。算是很好的城市家用车。,[外观],首先吸引我的是外貌。外观线条坚韧果断，凸显霸气威武，非常耐穿，外观设计足够现代。人们很容易接受那种，无论如何都是气势汹汹的。外表我就不用说了。我给满分，审美不容易厌倦。天窗真的又爱又恨，有天窗不是很有用，它也害怕漏水。没有天窗，感觉车不上等，目前用起来还不错，希望不会像以前的车一样漏水。,[不满意],不满意的也不少，最不满意还是操控，本人老司机，可以说阅车无数，我试驾过UNI-K的油版和IDD，油车过弯太飘了，感觉idd有电池加持（重），开起来稳重了不少。但是还是感觉差了那么一些。但是，没有快速超车和激烈驾驶需求的话，基本没啥问题。算是很好的城市家用车。,[空间],[内饰],前后排都够大，我182 公分高，210斤。够用极了。后备箱很普通，没有亮点。还缺几个固定卡扣。这个价格的空间真的有点出乎我的意料，不到20万的价格只能买到合资品牌的紧凑型标准，但是国产现在真的更认真。 ☆ 空间设计亮点：家里人都高，前排调整后后排空间还是很充足的，一拳多空间，一点压抑感都没有。 后备厢容积：后背箱通常需要拉一些货物，说实话，后备箱里的空间并不大，与同级别相比，可能略小，基本足够。,内饰还可以，至少看起来比这个价位的合资车高很多。换档档把握感挺满的，造型还可以。有很多常用的科技产品，这款中控台的风格看起来比较高端，完全没有那种复杂的感觉。看起来挺协调的，有科技感，整体配置挺高的。,[舒适],在电力有保障的前提下，汽车的使用成本只有以前的三分之一左右，而且空间也很大，完全满足我的用车需求。,[油耗],[动力],我在山东青岛，自己车位装了充电桩，充电很方便。这个车最大的特点就是表显续航不准，冬季青岛零下五度左右，满电130公里，城市实际70—80公里+，小高速60公里+。纯油续航也很虚，高速续航比表显得的要少接近200公里多。确实是太不厚道了。,动力方面与之前的1.5T涡轮增压车没有太大区别。不过起步加速度确实比以前快了。,[性价比],长安汽车的性价比方面不用说，首先价格不贵，配置全面，非常适合我。,[操控],驾驶感受三星加，过弯和并线稳定都一般，甚至会有不稳的感觉，方向盘较轻，跑高速混动动力不错，刹车普通。总之就是驾驶感普通，没有亮点。,[四驱],起步/加速动力：爬坡还不错，混动爬坡起步有顿挫，对驾驶没影响，心情不好。,展开全部
"
    发表于  2023-06    

      
        
    
    
",前脸和轮毂的设计我是很喜欢的，我都怀疑这车是不是主打颜值，这外形设计一看就很有现代气息。,https://image1.xcarimg.com/attachments/my/1/94/86/596_120.jpg,xuser1958659,三星会员,4.88,外观,5,内饰,5,空间,4,舒适,5,油耗,5,动力,5,操控,5,性价比,5,购入信息,爱车车型,https://newcar.xcar.com.cn/m68346/,2023款长安UNI-K 智电iDD1.5T 135km 智享型,购入时间,2023/5/1,购车地点, [重庆市],裸车价格,14万  (厂商指导价 18.79万),当前油耗,5.6L/100km,爱车简评,爱车简评,爱车评价,[最满意],[不满意],运动的外观给我的第一印象是底盘可能会比较硬，舒适性方面会受到影响。但实际上，它的底盘调校更多的是韧性，即使是走一些连续的颠簸和坑洼路面，车内的冲击都不会太明显，长途出行还有非常安静的车内环境，我们一家人对它的乘坐舒适性都非常满意。,在城里面开，纯电循环也就是100公里左右，电耗差不多要接近14kwh了，对一款紧凑型轿车来说，这个电耗还是偏高了一点。另外，中控屏幕尺寸不算大，尤其是和它的液晶仪表相比显得有些小气。,[外观],颜值很顶，可以说是360度无死角了，整个车看起来很运动大气，和三十四万的BBA停在一起，iDD的气场是一点也不会输。就是车身太大了，停车有点不太方便，有的侧方车位被压得很短，感觉很难塞进去。,[不满意],在城里面开，纯电循环也就是100公里左右，电耗差不多要接近14kwh了，对一款紧凑型轿车来说，这个电耗还是偏高了一点。另外，中控屏幕尺寸不算大，尤其是和它的液晶仪表相比显得有些小气。,[空间],[内饰],虽然是掀背轿跑的造型，但是它的后排头部空间还是挺宽敞的，我175CM的身高就算坐直来也不会出现头发碰着车顶的情况。相比一般的三厢轿车，UNI-V这种掀背尾门的开启更加实用，装一些大的物品很方便，还可以把座椅放倒，那时候的装载能力都堪比一些小货车。,内饰不行，前面说过了，是真的感觉粗糙，而且视觉的设计上也给我一种跟外观格格不入的感觉，这块必须扣大分。,[舒适],内饰是黑色的，很耐脏。触手可及的地方都是皮质材质，用料良心，摸起来质感很好，有豪华座舱的那种范。,[油耗],[动力],纯电模式100公里轻轻松松，稳着点开110公里左右也是可以的。混动模式冬季差不多可以跑800公里，接近900公里这个样子。冬天实际续航都会打折。iDD打折后的续航是在我接受范围内的。,1.5T蓝鲸发动机，虽然赶不上那些3秒4秒就破百的纯电动，但是iDD作为2吨多的SUV，这个动力是完全够用的。个人比较喜欢EV模式带来的那种驾控感，没有任何顿挫开起来很舒服，i-x模式用得最多的就是动力澎湃和佛系长续航，也可以根据不同路况自己调节，很人性化。,[性价比],性价比还不错，不到20万的价格能入手一台中型SUV，这种事放合资车身上简直是想都不敢想，平时用车成本也很低，开了混动是真的不想再碰燃油车了，用车成本低，又没有续航焦虑，可以说是很完美了。,[操控],在我的体验来说，它只能满足我的日常家用通勤需求，如果是想要去越野郊游，那基本别想。首先它动力就不够，再加上还得开电，续航又始终是个烦人的问题。,[四驱],这车在驾驶的体验上，我觉得不算很好，经济倒是挺经济，但是性能满足不了我。,展开全部
"
    发表于  2022-11    

      
        
    
    
",感觉车子给人最深刻的印象应该就是车子前脸设计，它的动力的安稳输出，很有规划感，外加一些非常细腻的小设计，回头率还是挺高的，是我这个年龄段的人都挺喜欢的外型，霸气的LED大灯，让我觉得车体非常的大气。,https://image1.xcarimg.com/attachments/my/1/94/13/899_120.jpg,xuser1951389,三星会员,4.13,外观,5,内饰,4,空间,4,舒适,4,油耗,4,动力,4,操控,4,性价比,4,购入信息,爱车车型,https://newcar.xcar.com.cn/m63898/,2022款长安UNI-K 智电iDD1.5T 卓越型,购入时间,2022/3/1,购车地点,青岛江山汽车销售服务有限公司 [山东省],裸车价格,18万  (厂商指导价 18.29万),当前油耗,4L/100km,购入用途,爱车简评,爱车评价,[最满意],[不满意],这车第一次去看，先是被颜值折服，进去试坐，真是别有洞天，后排很宽，很舒畅，尤其是那天窗，抬头就可以看星星。家人当场就说这车子不错，还跟我说，就买这个车子，买车子怎么能这么草率，必须货比三家。 这内饰也整体给人豪华科技感，层次分明，很有立体感，不输绝大部分豪华SUV。后来去试驾，发现果然动力澎湃，馈电状态下，油门一踩，满满的推背感，当时基本上心里就已经暗定了，选择她准没错。 后来回去后调查研究一番，发现很多人喷这车动力是落伍的p2，和比亚迪相差不是一点点，此时就开始科普了，最后得出结论，管你什么技术，白猫黑猫能抓老鼠的就是好猫。当时选择unik idd除了外观、内饰、空间满意外，还有一个重要因素，续航130，因为日常上下班里程80，这样插电混动比亚迪系列全部不行，一开始纠结馈电油耗比比亚迪的大些，但是考虑平常上班纯电，一年也没几次能开到馈电状态。 最近一次特意不充电，馈电油耗大概5.2左右，跑的一半高速，高速开100，一半市区，说是馈电，其实在减速或者高速行驶时会自动充电，大概充到续航2km时，低速、怠速时又自动纯电，不管是纯电还是馈电，几乎感觉不到到底是哪个动力在运行。 纯电模式下，夏天自动空调，起步时不要太猛，和油车保持一个水准，市区上班80km，一半高速，红绿灯大概26个，不堵车，电耗在17.5左右，续航正好在130km，和官方宣传的还挺准。最近几次没开空调，续航实测135km。还特意试了一下暴力模式，起步加速油门直接大脚下去，几秒钟后，同一水平线的车都在几百米开外，爽是爽，但是电耗平均达到了25了，这种情况下上下班，实际续航只有110km了。在续航方面，长安做的还不错，没有虚标，不像其他品牌。 最喜欢的还是这车子的大空间，后排坐着很舒服，家有2个小孩，原来还打算看唐和问界m7，想想5座的空间不够，可是发现这车子后面如果坐累了，可以在车里面打倒，这样小孩都不要下来，直接放倒成一个大床了，也可以一半放倒睡觉，一半坐着。还有个很方便的地方，在后排可以轻松取出后备箱的东西，不要下车，真是太方便,不满意的地方也蛮多的，按照重要程度总结一如下: 1. 方向盘上面的按键是一体的，按下去，一整面的按键都塌下去了，这个设计是本车最大的败笔，经常会按错，给人的反馈感也很弱很糟心，你随便找个不是按键的地方按，都能按下去，给人没有安全感，而且这一体的按键让人觉得会破，质量和材质也严重不行。 2.中控和仪表盘显示屏发热严重，手不碰，隔空都能感觉一股炽热的感觉，里面的芯片耗电量大，等级低，和10年轻的小米手机一样，为发热而生。 3.中控前面的塑料材质感觉很烂，轻轻一押都能压下去，硬度不够。 4.没有车顶架，也没预留孔。 5.晚上或者下雨的时候，有些监测警告不准,[外观],外观大气，前脸犀利，尾部高昂，辨识度很高，在其他车子面前就是鹤立鸡群般的存在,[不满意],不满意的地方也蛮多的，按照重要程度总结一如下: 1. 方向盘上面的按键是一体的，按下去，一整面的按键都塌下去了，这个设计是本车最大的败笔，经常会按错，给人的反馈感也很弱很糟心，你随便找个不是按键的地方按，都能按下去，给人没有安全感，而且这一体的按键让人觉得会破，质量和材质也严重不行。 2.中控和仪表盘显示屏发热严重，手不碰，隔空都能感觉一股炽热的感觉，里面的芯片耗电量大，等级低，和10年轻的小米手机一样，为发热而生。 3.中控前面的塑料材质感觉很烂，轻轻一押都能压下去，硬度不够。 4.没有车顶架，也没预留孔。 5.晚上或者下雨的时候，有些监测警告不准,[空间],[内饰],话不多说，直接看图，就是因为空间大才买它的，幼儿园的小朋友都可以站着了，后排一边座椅一放倒秒变单人床，这个功能绝对巧妙，对家有小孩的人太方便了。,内饰整体布局合理，中控科技感十足，但是局部细节处理不到位，有些做工粗糙,,,,[动力],,动力十足，满满的推背感，馈电时也一样，反正就是充满力量感，上坡也如履平地，真香！,[性价比],性价比简直没的说，既有电车该有的舒适，又有油车的无限续航，长安的车子很实用又很经济，最关键的还是颜值高！,,,,,展开全部
"
    发表于  2022-11    

      
        
    
    
",拼色的座椅也尽显豪华，做工也非常的好，关键是坐着还非常的舒服，特别是后排，高科技的配置太多太多了，还有太多太多的功能和高科技的配置,https://image1.xcarimg.com/attachments/my/1/94/13/897_120.jpg,xuser1951389,三星会员,4.38,外观,4,内饰,5,空间,4,舒适,5,油耗,4,动力,4,操控,5,性价比,4,购入信息,爱车车型,https://newcar.xcar.com.cn/m63898/,2022款长安UNI-K 智电iDD1.5T 卓越型,购入时间,2022/2/1,购车地点, [福建省],裸车价格,19万  (厂商指导价 18.29万),当前油耗,5L/100km,购入用途,爱车简评,爱车评价,[最满意],[不满意],UNI-K空间方面会更加的适合我的家庭状况，都彰显出来年轻的气质，感觉坐在UNI-K里面会比较舒坦一些，像我们这样小小的创业者，吸引眼球那样回头率才高，超车很容易，而且颜值方面也让我很满意，外观十分亮眼。,实在挑剔不到什么地方有不足，最不满意的地方真的还是挺难找的，整个车子的内部会更加吸引人一些。,[外观],UNI-K就变成了一种深邃的魅力，感觉车子给人最深刻的印象应该就是车子前脸设计，它的动力的安稳输出，很有规划感，外加一些非常细腻的小设计，回头率还是挺高的，是我这个年龄段的人都挺喜欢的外型，霸气的LED大灯，让我觉得车体非常的大气。,[不满意],实在挑剔不到什么地方有不足，最不满意的地方真的还是挺难找的，整个车子的内部会更加吸引人一些。,[空间],[内饰],后备箱的容纳空间也不小，很充裕的乘坐空间坐的很舒，什么样的身材都可以轻松驾驭，说没有压抑感，注定了里边的乘坐空间不会太大的，前排还有一定的距离空出来，后备厢容积很大，没有什么花里胡哨的小格子。,路途感觉累了也是一个很好的休息空间，坐车里蛮舒心的。摸着手感也比较舒服，各种常用功能一应俱全，而且他的配色看着很舒服，看着就很有时尚感，就像豪车一样，挺OK的，内在温文尔雅，沉稳有度，看起来的整个车都比较的有内涵。,,,[油耗],[动力],就算是开空调也不会高到哪里去，在市区里面用的情况下，并没有特别多的城区路段，看了看它的油耗，不会有太大的起浮，我觉得这个整体表现不错，油耗绝对是亮点，车油耗目前还算是比较低和稳定。,高速行驶的时候动力储备很充足，开过UNI-K这款车的人都说它的动力表现很不错，爬坡上坎都没问题，我个人感受还是比较满意的，动力澎湃，起步一下子就把别的车甩的远远，动力输出平顺，开起来也比较带劲，需要低速时表现又很平静，不仅在市区里面绝对够用。,[性价比],现在开着依然是觉得很满意，UNI-K非常大气和美丽，每个人买车的初衷都是不同的，性价比还是挺高的，要不也不会最终选她，多走几家看看，可能会拾到宝贝，各方面表现都很出色，选择他不后悔，后期保养费用低。,,,,,展开全部
"
    发表于  2022-11    

      
        
    
    
",车身做工不错，外型不难看但也不觉得多好看，总体表现中规中矩吧,https://image1.xcarimg.com/attachments/my/1/94/13/896_120.jpg,xuser1951389,三星会员,4.25,外观,4,内饰,4,空间,5,舒适,5,油耗,4,动力,4,操控,4,性价比,4,购入信息,爱车车型,https://newcar.xcar.com.cn/m63554/,2022款长安UNI-K 智电iDD1.5T 尊贵型,购入时间,2022/2/1,购车地点, [广东省],裸车价格,19万  (厂商指导价 19.89万),当前油耗,5L/100km,购入用途,爱车简评,爱车评价,[最满意],[不满意],最让我满意的是它的外观和内饰，同时我还看中他130公里的续航里程，外观大气不臃肿，内饰简约奢华，整体感觉科技感满满，一些高科技的性能会时常给我带来小惊喜。,目前已用车一个多月了，还没有发现有什么不满意的地方，如果非要找一个，缺少一个眼镜盒和车顶行李架。,[外观],你们看看吧！当时我也是被它的外观所吸引，霸气又不失稳重，车灯到了晚上也超级亮，再也不怕远光狗了，我最喜欢的还是他21寸的大脚，以及略带流背的车顶，可惜没有车顶行李架，是个遗憾。,[不满意],目前已用车一个多月了，还没有发现有什么不满意的地方，如果非要找一个，缺少一个眼镜盒和车顶行李架。,[空间],[内饰],有着巨大的三围，所以说内部的乘坐空间也非常的舒适和巨大，特别是座椅通风很受用，可惜只有前排有，后排的舒适程度非常好，空间也非常巨大。而且地板是重平的。,内饰非常的奢华，仪表盘设计的也是我喜欢的类型，不像某些车型，好像把电视还需要以后慢慢的去摸索搬到车里一样太......双拼色的座椅也尽显豪华，做工也非常的好，关键是坐着还非常的舒服，特别是后排，高科技的配置太多太多了，还有太多太多的功能和高科技的配置，有待于以后慢慢的去琢磨和研究。音响效果也非常的好，但如果要说像家庭影院就有点夸张了。,,,[油耗],[动力],我这里是山西朔州的一个小县，在城市跑的时候以纯电为主，我们这边充电也比较方便，电价相对比较低，充电桩快充，中午11＿13点是0.499元／度，自己还买了一个十米线长的便携式充电枪，也非常的好用，现在是夏季，纯电续航里程基本可以达到120左右，一上车基本全程开空调，降温速度也非常快。冬季的纯电里程能达到多少有待确定。,动力强劲随叫随到，特别是Ev模式的时候更为突出，高速上加速一点也不逊色，特别是定速巡航模式，非常的好用，这个超赞，目前别人说的那些动错感，我还没有发现，这车对于以后我要自驾游，具有非常多的优势，特别是跑高速的感觉，那叫一个爽，台噪风噪虽然有，但是完全可以接受，音响的声音中规中矩，开空调和满载人数的时候，对动力基本没有影响。,[性价比],我是3月30号订的车，车价19:29万，4s店有4000的置换补贴，我自己感觉还不错，就是漫长的等待时间有点心急，一共等了两个多月，厂家又给了2400的等车补贴，还不错，6月15号提的车，目前还没有做保养，4s店的销售小何，人非常的好，也非常的热情，这次的购车彻底打消了我对国产车以前的一些误解和错评，长安的品牌，国产的品牌还是完全可以信赖的。,,,,,展开全部
"
    发表于  2022-11    

      
        
    
    
",动力十足，满满的推背感，馈电时也一样，反正就是充满力量感，上坡也如履平地，真香！,https://image1.xcarimg.com/attachments/my/1/94/13/891_120.jpg,xuser1951389,三星会员,4.13,外观,5,内饰,4,空间,4,舒适,4,油耗,4,动力,4,操控,4,性价比,4,购入信息,爱车车型,https://newcar.xcar.com.cn/m63554/,2022款长安UNI-K 智电iDD1.5T 尊贵型,购入时间,2022/3/1,购车地点, [福建省],裸车价格,19万  (厂商指导价 19.89万),当前油耗,4L/100km,购入用途,爱车简评,爱车评价,[最满意],[不满意],到目前为止已开了2个多月了，车子整体上感觉比较满意，平时驾驶起来比较得心应手。1.车内空间充足，拉人拉物基本无障碍，座椅软而有弹性，长途驾驶不容易累，腰部支撑到位，对我的腰突比较友好，而且前2排都有通风加热，冬天夏天开起来比较爽快。后排座椅放倒后铺上垫子，秒变双人床车，方便出去旅游。2.能耗低，目前加了2次油，还有500公里的续航。厂家赠送的充电桩装好了，平时基本上都用电，纯电续航里程看驾驶习惯而定，激烈驾驶时差不多百公里左右，一般驾驶110公里以上，缓加减速度，不赶时间悠着点开能开到140公里以上（目前已实现2次），百公里电耗低至16.4KWh左右，折合成电价总体上约9分钱每公里，超级香。馈电驾驶油耗和电耗类似，激烈驾驶大概10个油不到，一般驾驶8个油多点，不赶时间悠着点开能开到6个油以内每百公里，对于2吨多的车重，总体能耗水平还是相当满意的。都说这车的电机P2架构技术水平比P13的要差，不过对于我们普通老百姓来说这个不重要，实际能耗低才是真的好。3.智能化水平高，快速道路上试过自适应巡航，还是比较好用的，手轻按方向盘即可，其它的都不用管，开长途真省心，充电口还有3.3KW的外放电功能，出去旅行还可以烧一口热饭热饭吃，美美哒！对我而言，基本上可以实现部分房车功能，诗和远方已经在远方等着我！,不满意的地方肯定有，不过好在不是大问题或者只是偶尔发生，基本上就不放在心上了。主要是：1.车内有轻微的异响，特别是在高低起伏比较明显的烂路上，好在碰到这种机会的次数不多，在平整路面上还是比较安静的。2.出现过一次车机系统对手机蓝牙钥匙无反应，打不开车门，后来才发现是手机APP系统未升级的原因，升级后就一切正常了。3.车机系统不支持安装外来APP软件，导航只能用高德地图，语音输入识别成功率大概是70%左右，实在不行就只能手工输入目的地查找。音乐只支持QQ音乐，我手机上的酷狗音乐没法用，只能是手机蓝牙联接后播放，不太方便。,[外观],车身做工不错，外型不难看但也不觉得多好看，总体表现中规中矩吧。,[不满意],不满意的地方肯定有，不过好在不是大问题或者只是偶尔发生，基本上就不放在心上了。主要是：1.车内有轻微的异响，特别是在高低起伏比较明显的烂路上，好在碰到这种机会的次数不多，在平整路面上还是比较安静的。2.出现过一次车机系统对手机蓝牙钥匙无反应，打不开车门，后来才发现是手机APP系统未升级的原因，升级后就一切正常了。3.车机系统不支持安装外来APP软件，导航只能用高德地图，语音输入识别成功率大概是70%左右，实在不行就只能手工输入目的地查找。音乐只支持QQ音乐，我手机上的酷狗音乐没法用，只能是手机蓝牙联接后播放，不太方便。,[空间],[内饰],空间足够大，储物空间及位置也不少，座椅舒适度不错。,内饰用料稍偏硬，屏幕上容易沾灰，打理起来倒不难，底盘整而偏硬，语音控制有时候不灵。,,,[油耗],[动力],平时都是用自建充电桩充电，充满4个半小时左右，表显续航比较准，现在正常开纯电120多公里没压力。,只要舍得给电或油，加速性足够日常使用了，有一定的推背感，高速时车非常稳。,[性价比],销售态度和售后服务还可以，基本上不会让你太糟心，购车暂无优惠，送了一个充电桩，一次保养和少许礼品，性价比综合来看我基本满意。,,,,,展开全部
