publish,标题,图片,名称,名称1,评分,评分2,评分3,评分4,评分5,评分6,评分7,评分8,评分9,标题10,信息,信息_链接,信息11,信息12,信息13,信息14,信息15,信息16,信息17,信息18,信息19,标题20,jia_text,信息21,dw_22,dw_2222,dw_23,dw_2323,dw_1,dw_124,dw_2,dw_225,dw_3,dw_326,dw_4,dw_427,dw_5,dw_528,dw_6,dw_629,dw_7,dw_10,dw_1030,dw_8,dw_831,openall
"
    发表于  2023-06    

      
        
    
    
",方向盘很轻，挂挡很轻，油门很轻，刹车很好。,https://image1.xcarimg.com/attachments/my/1/94/82/497_120.jpg,xuser1958249,三星会员,4.88,外观,内饰,空间,舒适,油耗,动力,操控,性价比,购入信息,爱车车型,https://newcar.xcar.com.cn/m63979/,2022款摩卡PHEV0焦虑智享版,购入时间,2023/5/1,购车地点, [青海省],裸车价格,29万  (厂商指导价 29.50万),当前油耗,4L/100km,爱车简评,油电混动平顺性好，日常上下班用电，偶尔国道高速混动，真香；快速路国道高速，可以开启HWA功能，扶着方向盘就行，自动打转向，跟车减速，平稳驾驶。,爱车评价,[最满意],还是这个车的外观真的很独特，反正我觉得这种设计就是比较成功的，我第一眼就会被这个车的外观给吸引到，然后就不想再去干其他的车了，我也真的设计很有自己的个性。车的整个腰线的设计是比较饱满的，虽然线条比较简单，但是我觉得是独具自己的个性的，看上去真的会觉得有与众不同的感觉。,[不满意],当时去买车的时候，其实我第一眼就是看中了这个车的，所以我就没有再怎么去看其他的车了，当时我就觉得这个车真的哪里都是有点，因为人在冲动的时候基本上是看不到什么缺点的，我觉得我当时就是这样的，但是买完之后我也没有发现这个车有什么特别大的缺点，都是一些无关大雅的，不用说出来的。,[外观],外观的设计非常符合现在年轻人的审美观，反正我就是这么想的，这种外观就涉及到自己的心坎儿里去了，我压根就不想看其他的车，我觉得这个车的外观是真的很漂亮。,[内饰],主要是觉得这个车的档杆的设计漂亮，还有就是出风口的设计也是很有自己的个性的，出风的效果好，然后就是整体的内饰的设计很漂亮。,[空间],对于空间其实我没有什么概念的，但是我只知道当时看车的时候，我们一家人一起去的，坐在后排专门试了一下，发现我们三个人坐在后排完全不会觉得拥挤，还会觉得有一点宽敞，那么就说明这个车的空间确实是足够大的，然后每次我们出去旅游的时候，他们坐在后排睡觉都会睡得很放松，就是因为空间大，如果说空间小的话，那么坐在这个车里面就会觉得压抑，压根儿就不会有这种感觉的。,[舒适],座椅很软，空间大，后排座椅很贴身，很舒服。,[油耗],整体的电耗我没有怎么仔细的算过，但是我只知道电耗高不高，其实和很多方面都有关系吧，我自己会觉得这个车的电耗是不高的，我记得有一次我把这个车借给我老爸开，我爸开了一段时间，他说这个车的电耗有一点高，但是我觉得还是和他的开车习惯有关，还有就是他开的都是那些堵车的路段。所以在他的手里电耗是有一点高的，然后把这个车还给我之后，我开了一段时间电耗立马就降下来了。,[动力],整体的这种驾驶感受和自己想象中的确实是差不多的，主要是觉得提速的时竟然没有一丝一毫的顿挫感，我觉得这一点真的做的很棒了，因为在这个之前我也开过很多其他品牌的车，有的是开起来就会觉得顿挫感很强，反正提速的时候总觉得不太给劲儿。然后我开这个车真的从来都没有这种感觉。,[操控],[四驱],起步、加速、超车、爬坡 等提速较快。快速路高速上随便超车。,[性价比],自已开车就买摩卡，如果看着牌子，你可以看BBA等，虽然我以前开过，现在回不去了。 标配配置：全车雷达、摄像头、360环影，自动泊车、蓝牙泊车等高科技、智能化配置。自动安全功能齐全：AEB碰撞警示刹车、后方来车刹停、侧方来车刹停。,展开全部
"
    发表于  2023-06    

      
        
    
    
",车虽然很大，但是开起来的感觉就是很灵活，再加上车身上的各种雷达和摄像头驾驶中的安全性也是完全可以保障的。,https://image1.xcarimg.com/attachments/my/1/94/82/495_120.jpg,xuser1958249,三星会员,4.88,外观,内饰,空间,舒适,油耗,动力,操控,性价比,购入信息,爱车车型,https://newcar.xcar.com.cn/m63979/,2022款摩卡PHEV0焦虑智享版,购入时间,2023/5/1,购车地点, [宁夏省],裸车价格,29万  (厂商指导价 29.50万),当前油耗,4L/100km,爱车简评,很喜欢这个车的配置，反正我觉得这样的配置真的就是自己想要的，基本上我所想到的配置，这个车全部都齐全了，这一点是非常符合自己的心意的。,爱车评价,[最满意],当初看车的时候就让这个帅气的外观吸引到了，我选的这个是两驱的蓝山蓝，这个颜色看上去除了有深色系的沉稳，在阳光下还显得格外的大气。在就是这个纯电续航还是很给力的，差不多200的纯电续航，基本上就可以满足我5天的用车需求了，所以这台车开起来真的是很节省，这些都是很我使用了这么久很满意的地方。,[不满意],不满意的地方就是这个空调屏幕了，感觉使用的频率不高，而且还是挺容易沾指纹的，这样在阳光下不仅会出现反光还显得这个屏幕上面很脏，我感觉真的没有那种一排实体空调按键使用和好用。,[外观],当初第一次去看到实车的时候我觉得要比图片更加好看，我记得当时店里的展车就是这个蓝山的颜色，但是也是一眼就喜欢上这个颜色了，这个颜色显得也很稳重，但又比黑色显得更加有活力，再加上这个大气的外观我还是很满意的。我特别喜欢的就是这个六边形的大嘴和这个家族式的大灯看上去非常的帅气。,[内饰],内饰我选择的是棕色的内饰，这个内饰看起来更加的豪华，反正你坐进车里能触摸到的地方都是给你使用了软质的材质，座椅和门板上也是用了皮质材质。,[空间],这个车是属于中型车了，车不仅外观看上去很大气，车内的空间也是很大的，我本人是175平时开车的的时候头顶还能有十多公分的距离，所以不会显得有压抑感。后排的空间可以说是巨大了，后排的地台也是几乎纯平的状态，所以就算是后排坐三个人的时候也是完全没有问题的。,[舒适],椅还带有加热通风按摩的功能，我冬天的是很喜欢用方向盘和座椅加热功能，这个开着基本上就不用怎么开空调了，而且要比开空调更加的舒服。,[油耗],我的两驱的纯电续航可在190以上，这样的纯电续航我还是很满意的。满电满油轻轻松松就可以续航1000以上，所以开这个车不管是市区代步还是长途行驶都是完全没有问题的。,[动力],因为是插混动力，随着现在的系统更新，在动力选择上面可以直接选择纯电模式，所以这台车开起来更加像一台电车的感觉，起步和加速都是很快的。在长途行驶中的发动机介入的时候，动力依旧是很平顺的。,[操控],[四驱],车子的动力十足，开起来很舒适。,[性价比],车不管是从外观还是质量还是现在的后期保养上都是做的很到位，我觉得性价比这个东西也是因人而异的，只要自己喜欢那么就是很值得的。,展开全部
"
    发表于  2023-06    

      
        
    
    
",高速巡航时，低于等于120且有电时，全部用电驱动，驾驶平稳！ 方向盘轻重：方向盘轻盈，高速略微阻尼加大，但基本都可以一手操作，对女性很友好！ 刹车灵敏性：刹车前段松后端紧，制动表现正常！没有可圈可点的地方。,https://image1.xcarimg.com/attachments/my/1/94/82/494_120.jpg,xuser1958249,三星会员,4.88,外观,内饰,空间,舒适,油耗,动力,操控,性价比,购入信息,爱车车型,https://newcar.xcar.com.cn/m58685/,2022款摩卡PHEV0焦虑性能版,购入时间,2023/5/1,购车地点,北京寰宇标特汽车销售服务有限公司 [北京市],裸车价格,31万  (厂商指导价 31.50万),当前油耗,8L/100km,爱车简评,座椅舒适性：前排座椅可圈可点，真皮，座椅多向调节，腿部支撑、腰部支撑都挺好，包裹性我一个大胖子也没觉得局促。,爱车评价,[最满意],优秀的整体表现，源自内外的整体协调与均衡，先进但不张扬，有实力但不黩武！也许是自己上了年纪，不再希望自己的爱车有多张扬。 ① 精准的设计理念 定名“咖啡”系列，意味着偏向于生活情趣的产品定位，围绕生活情趣的行进、休闲、商务、远行等等用车场景，也让整车为车主生活增色不少。当然，在中国定名“咖啡”系列，也的确有点不合时宜！ ② 内敛刚毅的形象 出色但不出格的外观设计，宽大的车身，低调的车头，像一个30岁左右有力量但不张扬的男性！ ③ 响应精准的操控 中型SUV，1.5T，看似威猛先生，但操控敏捷精准，让车主信心满满。 ④ 具备背书的安全感 基于vv系列的架构，欧洲ENCAP5星……以及强大的刚性数据，安全是当下永恒的主题。 ⑤ 丰富的智能配置 新时代新能源车新的用车要求，即是智能化的召唤，又是安全性的体现，更是面向未来的要求！全车从驾驶到乘坐，一系列丰富的智能和舒适配置，对得起wey高端品牌的定位。,[不满意],"细节是魔鬼，国产神车已经实现了质的提升,但是希望后排可以增加加热通风的 选项",[外观],车的造型帅气，适合年轻人 车身做工：车身做工可以用用料扎实来感受，从一个侧面可见一斑：摩卡DP的门，非常重而且厚！ 腰线设计：犹如人的腰部曲线承载一人形象整体感关键一样，摩卡的腰线展示了摩卡dp的力量感，而角度需要从正面往后看。 车尾造型：车尾依旧靠它竖纹灯组来识别，以及高位刹车灯！ 车头造型：车头？看图！仁者见仁智者见智，我喜欢！,[内饰],这款车是老婆开，所以选了紫色内饰，洋气的很！ 摩卡内饰体现三个方面的高级感： ① 大量的皮质，从中控台到座椅、到门面； ② 整车的氛围灯系统，而且与车辆周边警示联动； ③内饰清爽，简约但不简单 空调效果：空调总体表现一般，但够用，制冷优于制热，这与油车截然相反！ 前部出风口完备，二排有点吝啬 PM2.5过滤效果：效果很好，香氛给力，隐约的感觉。 座椅通风：主副驾驶支持通风，从屁股往上吹，三档！,[空间],☆ 空间设计亮点：空间的亮点总体遵循新能源车当当下潮流，各种小空间很多 乘坐空间：主副驾容纳我一个180身高180斤重的大男人没有压力，头部空间调整范围很大。腿部空间宽裕，且前后调节对后座影响不大。 第二排空间：第二排空间不小，我坐后排顶部还有2拳。横向三个大人绰绰有余！后排座椅高度个人觉得略低。 后备厢容积：后备箱中规中矩，因为掀背设计，后备箱相对于同级别车小点。 车内储物能力：储蓄绝对够用！大车必然不会在这种小空间细节上吝啬。,[舒适],空间够大，满载的情况下体验感也不错，35公里行程整体不算特别累。,[油耗],这款车油耗还行。,[动力],油门灵敏度不错，很跟脚 起步/加速动力：起步和加速响应及时，无论是亏电状态还是满电都是如此。半坡起步稳健，没有滞后感。 跑高速：摩卡DP的动力不光体现在加速时候，动力储备做的也不错，在120以上还想超速时依旧可以得到较好的动力输出，我试过一把超车，从110-145，非常快！大概在130左右发动机介入。,[操控],[四驱],弯路/并线稳定性：我的是无电悬车辆，个人觉得转弯侧倾感觉比较明显，特别是速度60以上，低速状态良好。,[性价比],我花了2个月的功课后，在对比了所有国产混动车型后选择了它！ 目前我认为选择是正确的，丰富的配置与安全保障，充分的使用场景考虑，物有所值！ 购车优惠：我在杭州购买，31.5万裸车，算上乱七八糟补贴（政府、长城、经销商三个级别）最后30.7拿下。目前只接受了一次5000公里首保，花费0元，各种接待手续和服务都比较OK，信息提醒也充分！ 保养项目：因为新车，目前还只做了首保。更换了机油、检查了整个系统。售后在湖州元信做的，点赞！ 售后服务：选择的杭州滨鹏wey，从接触到购车，全部点赞！目前把销售当朋友来处了！ 品牌评价：讲真，WEY 摩卡DP真心不错，希望越来越好吧 故障维修：尚未发生过，无法测评。 销售态度：从目前看，很好！,展开全部
"
    发表于  2023-06    

      
        
    
    
",方向盘可以选择力度，很轻便，车子虽然大但是好开。,https://image1.xcarimg.com/attachments/my/1/94/82/492_120.jpg,xuser1958249,三星会员,4.88,外观,内饰,空间,舒适,油耗,动力,操控,性价比,购入信息,爱车车型,https://newcar.xcar.com.cn/m58685/,2022款摩卡PHEV0焦虑性能版,购入时间,2023/5/1,购车地点, [宁夏省],裸车价格,31万  (厂商指导价 31.50万),当前油耗,9L/100km,爱车简评,配置到位，品控好，豪华感也有，空间动力都赞，虽然30多万，但是还是对得起这个价。,爱车评价,[最满意],1、用车成本超低，提车以来一直都是以电驱动，当纯电车开了，很少用油，所以就提车加满的油就还没加过。目前开了3707公里，充了电395左右，有次在高速上充了10块左右，目前油掉了一半，扣除250公里的话实际上电开了3457公里，平均下来0.114元/公里，不得不说真香。2、告诉NOH智能巡航，以后开告诉超级轻松了，现在告诉基本上都一半多都是它自己来，超级聪明；3、空间足够，大五座妥妥的，坐满5个人也很宽松，尤其是出去玩的时候第二排就比以前的小车舒适多了；4、配置齐全，该有的都有了，可惜不想等，就没有加悬架，也许定价高是不想跟别的车一样动不动都加配置加钱把，但是车主的选择性就低了些，会让部分觉得价格高的人觉得没有性价比。,[不满意],车机把，确实有点浪费8155的芯片，应用太少就很单一，K歌应该加上，QQ音乐、爱奇艺还是阉割版。,[外观],我觉得外观好看，辨识度高，前脸虽然比起VV7是要差了些，但是整体是好看的。后面还去贴了车衣，就洗干净了在灯光照射下更亮了，超级新，蓝山蓝的颜色选择的人很多，其实这个主打色就很好看，也适合年龄30 的人，香草兰要偏年轻点，黑色就太稳重了。,[内饰],内饰科技感、质感、高级感都有，不错，唯一的缺陷就是空调屏反光真的难受，其他什么金属线条反光都不影响驾驶。,[空间],空间妥妥的，后面坐3个人也很轻松，后排放到也可以当个小床，但是缺点也很让人焦虑，这么大车没法6/7座，确实有点可惜。,[舒适],座椅偏硬些，但是还是很舒服，对了了其他几个备选车辆还是略微差点。减震没法说的很专业，走小路或者乡间小道，已经很舒适了。音响也赞，很喜欢在车里听歌，马上周董的新歌要来了，正好在摩卡上面试试,[油耗],超级省，用电0.114元/公里，刚好遇到测了个亏电。在正常的道路，红绿灯不少，中间有一小段堵车，空调24°风速2挡，综合下来显示跑了37.9公里，平均油耗5.2L，已经很给力了。刚开始行驶了2.2公里的时候还吓了一跳，油耗17个，电耗33多，我看电池冲到了15KM，估计是强行冲了下电造成的，后面形式久了就自然而然的降下来，所以整体来说馈电油耗真的不错。,[动力],以前都不知道什么叫推背感，现在是动不动就要感受一下。,[操控],[四驱],在日常行驶只有轻松，太容易就超速了，所以要注意，动力好了可能分就不够扣了。,[性价比],每个人的选择不一样嘛，我觉得还是性价比有的，比起其他几个30 的还是可以，毕竟不用这选配、那选配，基本你要选配的都已经在摩卡上面有了，比起唐又差了些，但是品质好得多，所以综合下来不差。个人观点,展开全部
