publish,标题,名称,名称1,名称2,评分,评分3,评分4,评分5,评分6,评分7,评分8,评分9,评分10,评分11,评分12,评分13,评分14,评分15,评分16,评分17,评分18,标题19,信息,信息_链接,信息20,信息21,信息22,信息23,信息24,信息25,信息26,信息27,信息28,标题29,jia_text,信息30,dw_22,dw_2231,dw_23,dw_2332,dw_1,dw_133,dw_2,dw_234,dw_5,dw_535,dw_3,dw_336,dw_4,dw_6,dw_637,dw_8,dw_838,up_链接,up,dw_11,dw_1139,dw_7,dw_740
"
    发表于  2023-07    

      
        
    
    
",车身长度接近四米八，宽度接近两米，这样的尺寸带来的空间还是很不错的，坐在驾驶室里，前后左右都很宽敞，后排的空间安排也很合理，有充裕的腿部空间和头部空间。,https://image1.xcarimg.com/attachments/my/1/94/92/259_120.jpg,xuser1959225,三星会员,4.88,外观,5,内饰,5,续航,4,空间,5,舒适,5,动力,5,操控,5,性价比,5,购入信息,爱车车型,https://newcar.xcar.com.cn/m68535/,2023款零跑C11纯电 580四驱性能版,购入时间,2023/5/1,购车地点, [福建省],裸车价格,20万  (厂商指导价 20.98万),续航里程,480km,爱车简评,最吸人眼球的当然是这三块大屏幕了，按照车身标准来看，中控液晶屏的尺寸真是不小了，画面质感也很不错，尤其是副驾的这个娱乐屏，上面的娱乐功能挺多的，给我带来了很多乐趣。,爱车评价,[最满意],车身设计感很强，和另外几款车比优势挺明显的，这个颜值真是超高的，买下来之后，朋友和同事都觉得我这是买了一台30多万的车，因为它不仅仅是颜值高，做工还挺精致的，用料也都很厚道。,[不满意],都说新能源车起步猛，我怎么没感觉到啊？是不是对一些操控还不够熟练的缘故？我总感觉它的起步很一般，平稳性是有的，但并没有传说中的那么激烈。在空间表现方面，驾乘空间确实够宽敞了，但是后备箱的开口有点低，东西不大还好，如果放一些大一点的东西，就有些吃力了。,[外观],外形非常有设计感，流线型的车身让它有很高的辨识度，车头的设计也很巧妙，据说这样的车头有降低风阻的作用，这一点咱也不懂，就是看着挺帅气的。毕竟是我毕业后的第一台车，也是我人生的第一台车，在选择方面肯定很慎重了，除了保证实力和性能之外，我对外形也是有要求的，这台车的外形很大气，符合我的审美定向。,[内饰],设计风格高级又豪华，我觉得这台车的样子不仅可以当家用车，也可以用来做商务车，它的精致度和豪华度值得点赞。,[续航],本来对增程车型还挺有兴趣的，后来想了想，还是买纯电的更节能，主要是家里就有充电桩，根本没有什么充电或者续航的焦虑。,[空间],都说新能源车起步猛，我怎么没感觉到啊？是不是对一些操控还不够熟练的缘故？我总感觉它的起步很一般，平稳性是有的，但并没有传说中的那么激烈。在空间表现方面，驾乘空间确实够宽敞了，但是后备箱的开口有点低，东西不大还好，如果放一些大一点的东西，就有些吃力了。,[舒适],[动力],坊间传说纯电动车动力很猛，对此我只能表示遗憾了，这一点我确实没感觉到，我就是觉得这个动力挺平稳的，至于猛烈，真是没有这样的体验。,[性价比],价格自然是能接受的，不然也不可能买下来了，用车成本不高，整体看起来还不错。,javascript:;,展开全部,[充电],目前表现还可以，基本上没有续航焦虑，十天左右充一次电吧，充完之后能跑500多公里。,[操控],除了后期加速稍有迟缓，没让我体验到推背感之外，其他情况都是挺不错的，尤其是在起步的时候，动力还是挺强劲的。
"
    发表于  2023-07    

      
        
    
    
",内饰挺豪华，就是真皮太容易有褶皱了，不过这是通病没办法,https://image1.xcarimg.com/attachments/my/1/94/92/257_120.jpg,xuser1959225,三星会员,4.75,外观,5,内饰,4,续航,5,空间,5,舒适,4,动力,5,操控,5,性价比,5,购入信息,爱车车型,https://newcar.xcar.com.cn/m68535/,2023款零跑C11纯电 580四驱性能版,购入时间,2023/6/1,购车地点, [河南省],裸车价格,22万  (厂商指导价 20.98万),续航里程,480km,爱车简评,而且整车的品质也相当可以，开了3600公里，给我最深的印象就是性能是真的出色，开起来很有趣，而且智能化程度也相当高！,爱车评价,[最满意],动力强的一匹 ，四驱双电机秒杀路上99%的车，21款是4.5秒 ，23款直接升级到3.97秒，一脚踩下去就感觉有人踹了你一脚，也可以理解成跳楼机的感觉，2吨多的中型suv圆润的外观下，蕴藏着澎湃的动力，这是最满意的一点，也是同级别suv最便宜的四驱车型了，然后说下外观配置，无边框车门确实很帅，很吸睛，但同时有得必有失，隔音方面略差一些，整体静谧性还不错，前贯穿大灯还有灯语，晚上解锁的时候很帅，内饰方面Napa真皮，三联屏和8155的智能芯片，都是加分项，给这台c11锦上添花，现在正值夏天，座椅通风也非常实用，冬天也可以用座椅加热和方向盘加热，整体的配置和智能化确实没得挑，89度的三元锂电池，续航也比较扎实一些，现在的温度 不开空调基本能一比一，开空调所有电车都一样，车内空间得益于c11的超长轴距表现也非常不错，家人都夸赞空间比之前的轿车大了很多 ，后备箱更不用说了 ，又高又深，装东西或者拉货物都非常足够 ，还可以放到应急当房车，配合新ota的露营功能，真是满满的科技感，是真切的能感觉到电车的飞速发展！！希望可以继续ota一些新功能，让我的c11 常开 常新 。,[不满意],车机屏幕的黑边比较宽，尤其是副驾驶这块屏幕，看上去确实比较影响档次，还有这个logo设计我还是有些不太喜欢。,[外观],前长后短的车身比例和比较大的车身尺寸看起来也太酷了，还有无框车门和贯穿式尾灯在很大程度上增强了整个车子的外观时尚感，不过对于零跑的这个logo还是有些不太喜欢。,[内饰],整个车子的内部设计看上去是真心很漂亮，简洁大方，而且用料和做工水平也很可以，中控台上这三块大屏也太有科技感了，而且内部功能也很丰富，全液晶仪表显示的内容也特别全面，不过就是这个屏幕的黑边的确是有些宽，点亮之后感觉还是不太上档次。,[续航],即便是这段时间已经需要开空调的情况下的续航达成率也是可圈可点的，满电续航能达到480公里左右，现在的表显电耗是21.8kwh/100km。,[空间],这台中型SUV的车内空间相当宽敞，再加上全景天窗也让车内显得特别通透，毫不夸张的说坐在我这车上整个人都觉得舒畅了很多，而且这台车子的后备箱空间也是相当大的。,[舒适],[动力],我们所入手的这个是性能版车型，官方所给出的零百加速时间是四秒多，我也没有专门测过零百加速，但值得肯定的是它的动力响应还是非常迅速的，而且底盘也很稳，车轮的抓地力也特别强，,[性价比],性价比确实是挺高的，毕竟我们所入手的这个也是性能版车型，其实也就是高配了，21万大的价格真的是很良心了！主要是整个车内的用料和配置水平也相当高，所以说我觉得这也的确是很划算的。,javascript:;,展开全部,[充电],在济南现在的温度，大概8-9折，没具体估算过，主要看脚法,[操控],整个车子开起来特别有安全感，同时也不缺乏驾驶乐趣。
"
    发表于  2023-07    

            
    
    
",操控上很好上手，操控感很好，有比较多的辅助功能，这车给我带来的推背感已经完全足够了，提车当天运动模式一脚电门下去就到90了，红绿灯起步是油车们可望不可即的。,https://image1.xcarimg.com/attachments/my/1/88/39/091_120.jpg,xuser1893909,青铜长老,4.38,外观,5,内饰,3,续航,4,空间,5,舒适,5,动力,5,操控,4,性价比,4,购入信息,爱车车型,https://newcar.xcar.com.cn/m68534/,2023款零跑C11纯电 650智享版,购入时间,2023/6/1,购车地点, [内蒙古],裸车价格,19.98万  (厂商指导价 18.98万),续航里程,8km,爱车简评,空间很大，家用合适，后备箱可以放很多东西类。非常喜欢 家人喜欢,爱车评价,[最满意],最满意的是内饰方面，我觉得做工用料很有质感，风格有特色。当我去试驾打开车门的那一瞬间，就觉得零跑C11很大很宽敞。而现在开起来也确实如此，后排坐三个成年男子都没有问题，上次我哥们儿来，我们五个大老爷们儿坐在车里出去玩，也没有觉得挤，动力还很给力。,[不满意],无。 目前行驶1700KM总体评价香的一塌糊涂，网上传闻 车子异响，车子哪里有问题，目前我都没有遇到。。。我是4月份产的，或许已经改进了。 唯一有个缺点就是，千万不要亏电跑。。不然増程器真的是吃奶劲都用出来了。。很吵。。其他没有缺点了,[外观],零跑C11造型比较适合女士开，侧面两条线很有感觉，车把手这里没有凸起，看着更漂亮。,[内饰],内饰我必须得表扬，当我打开门的那一瞬间，就感觉这个内饰做的非常好，它的质感以及材质设计等都非常不错。内饰给人的第一印象很清新，触感冰冰凉凉的很好摸，中控大屏好有科,[续航],我开车并不算很暴力，但是现在天气比较热，总是喜欢开空调，确实有所影响，不过我家充电非常方便，倒也没有什么焦虑。能耗是在我的接受范围内，续航有180公里左右，基本是一个星期充一次电。,[空间],空间真的很不错，我买车主要是为了家用，反正像我们是一家三口，有的时候朋友来，有的时候家里老人来坐在里面都完全没有问题。后备箱也很能装，它能够放得下好几个人的行李箱身高160，零跑C11一坐进去就觉得比较宽敞，尤其头部空间最为满意，后备箱的空间就比较小，放大物品是不好放，减震效果相当好，座椅也很柔软，还有静音性做的好。,[舒适],[动力],动力十足 推背感十足,[性价比],只能说这个价位能买到零跑C11已经很不错了，操控好，内饰漂亮，我愿意花这个钱买它。,https://newcar.xcar.com.cn/5065/review/comment-434570.html,展开全部,,,,
"
    发表于  2023-07    

            
    
    
",底盘好评，很整很韧，同时兼顾了舒适性，改进了老款细碎的颠簸过多的问题，有点德系车底盘的高级感,https://image1.xcarimg.com/attachments/my/1/88/39/116_120.jpg,xuser1893911,青铜长老,4.38,外观,5,内饰,4,续航,5,空间,5,舒适,3,动力,5,操控,4,性价比,4,购入信息,爱车车型,https://newcar.xcar.com.cn/m68534/,2023款零跑C11纯电 650智享版,购入时间,2023/5/1,购车地点, [甘肃省],裸车价格,19.98万  (厂商指导价 18.98万),续航里程,8km,爱车简评,当我去试驾打开车门的那一瞬间，就觉得零跑C11很大很宽敞。而现在开起来也确实如此，后排坐三个成年男子都没有问题，上次我哥们儿来，我们五个大老爷们儿坐在车里出去玩，也没有觉得挤，动力还很给,爱车评价,[最满意],做工用料：前双叉臂后五连杆，全铝合金悬架，外观内饰细节表现不错 2.驾驶感受：底盘质感相比老款纯电版，有了明显提升，更韧更稳，更具高级感；动力比超出预期，提速很快，还没上高速，不知道120迈往上的加速性能如何；转向不算精准，中规中矩，转弯半径不算小。总体满意，表现均衡，作为家用车来说非常适合 3.空间大小：前排坐姿高，方向盘大，开起来很有安全感，后排无论是横向纵向还是头顶空间，表现都十分优异，后备箱平整宽大，纵深更是优秀，大五座，非二胎家庭全家出行非常够用 4.智能化：比传统燃油车优秀很多，手机app远程控制和语音识别方面非常好用 5.外观内饰：外形尺寸很大，但看起来却很秀气，可能与圆润的外观设计有关系，不是很夸张但不失科技感的外观，很符合我的审美；内饰方面，虽然不是很喜欢全是大屏幕没有实体按键的设计，但纳帕真皮座椅、麂皮绒的面板，无框车门，还是比较显档次的,[不满意],作为今年车市价格的搅局者，虽然价格厚道，但一些基础性的配置确实不应该没有：日间行车灯、无钥匙进入、后视镜加热、化妆镜照明灯、电动尾门、后排座椅调节等等，毕竟有的在五六年前的传统燃油车上已经是标配，而有些是更是安全性配置，希望后续车型能够更新完善,[外观],珠圆玉润，前卫但不夸张，增程版的天幕灰显得沉稳有质感,[内饰],我更喜欢机械感强的东西，对新势力这样无实体按键的设计无感，但除开这点，内饰还是不错的,[续航],有人说电充不满，我没有这个问题，充满刚好是标称的180公里纯电续航，可能更程序升级有关系，提车五天，平均每天40公里，纯市区偶尔开空调，电耗15-16，这个天气续航基本达到了1:1,[空间],无论是乘坐空间，还是后备箱空间包括车内储物空间，都是大大的好评,[舒适],[动力],动力十足 推背感十足,[性价比],只能说这个价位能买到零跑C11已经很不错了，操控好，内饰漂亮，我愿意花这个钱买它。,https://newcar.xcar.com.cn/5065/review/comment-434569.html,展开全部,,,,
"
    发表于  2023-07    

            
    
    
",加速迅捷，转向也精准，刹车很线性，不会有那种控制不住刹车的感觉，能让你踩刹车的同时心里有十足的把握能让车子停在你想让它停到的地方。 座椅非常软，后排座椅比前排还要更软，很舒服。车内的噪音控制也做的很不错。,https://image1.xcarimg.com/attachments/my/1/88/39/127_120.jpg,xuser1893912,青铜长老,4.88,外观,5,内饰,5,续航,5,空间,5,舒适,4,动力,5,操控,5,性价比,5,购入信息,爱车车型,https://newcar.xcar.com.cn/m68533/,2023款零跑C11纯电 500智享版,购入时间,2023/5/1,购车地点, [甘肃省],裸车价格,16.98万  (厂商指导价 16.98万),续航里程,8km,爱车简评,不要攀比。 刹车灵敏性 刹车给我的感觉是非常线性的，不会出现那种点头的感觉。,爱车评价,[最满意],最满意的肯定还是无框门啦，帅的一比。另外整体的外观我也很满意的，屁股像保时捷，哈哈，不算蹭哈，我真觉得像。内饰也很满意，碳灰内饰实际感官偏白，看着非常有质感，有豪车的既视感。虽然可能会不那么耐脏。哈哈。还有音响很满意，12个扬声器 专业调音，出来的效果刚刚的。然后，座椅也很舒服，很软，后排座椅比前排更软。你好小零也很智能，常用的功能都可以通过小零来实现。,[不满意],唯一不满意的地方就是，有一些其实不值钱的小功能（怀挡指示灯和升窗器按钮指示灯）被省略掉了，有点可惜。虽然不影响使用，但会有点影响逼格。嘿嘿。,[外观],外观属于是长在了我的审美上。造型低调且出众。车尾看上去有点保时捷的味道，车头的设计感也非常好，不张扬，看着很舒服。再加上4.7 米的车长，整个车子看上去非常的帅气。,[内饰],中控台的三联屏很好用，还可以自定义下载一些软件。可以给车辆露营增加非常多的乐趣非常奢华，纳帕皮也是名不虚传。质感非常好。,[续航],因为我的上下班路程只有10公里，所以180舒享版对我也是完全够用。180公里的续航，对于我来说每周只需要充一次电就够用了。,[空间],"我身高172,140斤，前面座椅调节到合适的位置以后，后排空间可以说是奇大无比，这就是2900 轴距带来的优势了，后备箱的空间也非常之大，把后排座椅放倒以后，直接变成双人床，带孩子出去露营，直接可以住在车里了。哈哈哈 车内储物能力 非常充足，很多没想到的地方都做了储物格。门边储物格，中控台储物格，扶手箱储物格，后备箱板下面还有一层储物格，真的非常够用",[舒适],[动力],动力十足推背感十足 刹车灵敏性 刹车给我的感觉是非常线性的，不会出现那种点头的感觉。 操控 方向盘轻盈，单手操控也很灵活。让我很意外，毕竟车重2吨以上了,[性价比],零跑的性价比可以说非常无敌了。尽管丐版有少了不少功能，但它仍旧是性价比非常高的一款车。,https://newcar.xcar.com.cn/5065/review/comment-434568.html,展开全部,,,,
"
    发表于  2023-07    

            
    
    
",这一点真的要表扬一下增程款。之前试驾过22款的纯电，底盘真的有点拉，像开船，晃的厉害，增程版在这方面进步很大！！ 前双叉臂对侧倾的控制非常到位，后五连杠对舒适型和运动型的把控也做得很不错，毕竟硬件堆在这里了，下限不会低。,https://image1.xcarimg.com/attachments/my/1/88/39/138_120.jpg,xuser1893913,青铜长老,4.38,外观,4,内饰,5,续航,4,空间,4,舒适,4,动力,4,操控,5,性价比,5,购入信息,爱车车型,https://newcar.xcar.com.cn/m68533/,2023款零跑C11纯电 500智享版,购入时间,2023/5/1,购车地点, [吉林省],裸车价格,16.98万  (厂商指导价 16.98万),续航里程,8km,爱车简评,极致性价比，这一点没的说了，也是我买这个车的最大原因之一！我很喜欢,爱车评价,[最满意],最满意的地方就是性价比了，这个价位，这个空间，虽然配置相比顶配少了一些，但是依然是无敌一样的存在！,[不满意],如果说有不满意的地方，那就是相比纯电减少的那些配置，比如后视镜加热这种，也没多少钱给砍了，自己加装要破线狠麻烦。,[外观],外观不激进也不保守，属于比较圆润的类型，很耐看，无边框门虽然现在已经不是什么很高门槛的东西了，但绝对是加分项。 增程版正面相比纯电版多了一些进气孔，我选的天幕灰版本，进气孔和下面的进气格栅看起来都不明显。 侧面是c11最好看的一个角度，长轴距的优势让这辆车从视觉上看就觉得很修长。 背面最显眼的就是这个贯穿式的尾灯了，看起来还是相当不错的。,[内饰],三连屏的设计科技感还是有的，如果能把三块屏做在同一水平线上，高级感会更突出。因为选装了5000的舒适包，中控也是nappa真皮包裹，摸上去很舒服。 特别说一句，如果加了5000的舒适包，座椅是老款座椅，头枕处不带镂空的，介意者慎选。,[续航],自己算下来差不多是17，馈电油耗不到7，基本和官方标呢差不多，几乎是1：1，这点真的超出了我的预期。当然也可能跟现在天气好有一定的关系，总之现在充满电，纯电续航在切换到燃油之前（纯电优先模式），差不多可以跑150公里，很满意,[空间],空间是我买这辆车的主要原因，将近4米8的车身，超过2米9的轴距，车内空间完全够用，后备箱也足够深，我174的身高调好座椅，后排有4拳多的距离。 后备厢容积 后排放倒，铺上充气床垫，秒变1米8大床，出去玩的时候偶尔趟一下，还是很爽的。,[舒适],[动力],动力十足 推背感十足,[性价比],极致性价比，这一点没的说了，也是我买这个车的最大原因之一,https://newcar.xcar.com.cn/5065/review/comment-434567.html,展开全部,,,,
"
    发表于  2023-06    

      
        
    
    
",我选了纳帕真皮选配，质感不错，很柔软，新款座椅包裹也更好了，支撑更富弹性。,https://image1.xcarimg.com/attachments/my/1/94/82/312_120.jpg,xuser1958231,三星会员,4.75,外观,5,内饰,5,续航,5,空间,4,舒适,5,动力,5,操控,5,性价比,4,购入信息,爱车车型,https://newcar.xcar.com.cn/m68532/,2023款零跑C11纯电 500舒享版,购入时间,2023/5/1,购车地点, [江苏省],裸车价格,15万  (厂商指导价 15.58万),续航里程,450km,爱车简评,车机反应也快，语音识别很准，三连屏是亮点，加装了1万5的选装包，配置杠杠的，座椅按摩通风加热，这也是我选车的硬条件，开车再也不累，变成了一种享受。,爱车评价,[最满意],前几天带家里亲戚，加上我一共五个人，我们一起出去吃饭，早上比较早，给前后排都安排了座椅加热，除了后排坐在了中间的亲戚，其实亲戚都夸赞，零跑的座椅加热，烫屁股哈哈哈，热的很快，大概几分钟就已经很烫了，这时候只需要改成一档保温即可。,[不满意],前排是单层玻璃，但是玻璃很厚，在高架上，开到80的时候，风噪的影响依然比较小，当然了，高速140以上的时候，风噪也是真不小，我的运气不错，没有遇到过异响漏风啥情况。,[外观],这车的颜值太高了，我一开始想选星空银，但是看了试驾车，打消了念头，还是选了沉稳大气的黑色，不得不说，真的耐看，越看越喜欢。老婆小孩也非常喜欢，同事也觉得颜值高，不过唯一的缺点就是需要勤洗，起码一周一次是需要的，,[内饰],内饰用料：内饰不错 没有塑料感，能用皮的地方都是皮质的 三个方向盘是亮点，家里亲戚第一回坐，都问，副驾的屏幕可以用吗，我说哈哈哈对可以看电视,[续航],电耗：续航说实话只能是中等偏上水平啦，也有可能是我驾驶比较暴力，而且开车必开按摩空调，所以能耗没那么低，但毕竟车子2吨，而且我有家桩，这个完全不是问题，我觉得比起驾驶体验，续航什么的可以放后面，毕竟我也不是天天开长途，否则就选增程了,,,[舒适],[动力],我一开始上手调的是起步平稳，动能回收较弱，方向标准，这车开起来就无限接近油车的那种熟悉感，后来我调成起步强劲，动能回收强劲，方向运动，这车就完全是电车的驾驶感觉了，开起来快感十足，不过如果不是老司机，建议起步还是稳点安全哦。,,,javascript:;,展开全部,[充电],在淮安开车，市区内，续航无敌。13.7的电耗，真甩起来开。,[操控],改款底盘比老款真的好太多了，没那么软了，滤震完也没那么碎了，可以说是两个感觉，当然硬件素质在这，还是有进步的空间。
"
    发表于  2023-06    

      
        
    
    
",乘坐很舒适，是个不错的选择，开起来也很顺畅。,https://image1.xcarimg.com/attachments/my/1/94/82/310_120.jpg,xuser1958231,三星会员,4.75,外观,4,内饰,4,续航,5,空间,5,舒适,5,动力,5,操控,5,性价比,5,购入信息,爱车车型,https://newcar.xcar.com.cn/m68532/,2023款零跑C11纯电 500舒享版,购入时间,2023/5/1,购车地点, [福建省],裸车价格,15万  (厂商指导价 15.58万),续航里程,480km,爱车简评,驾驶感受，底盘整体支撑还不错，比老款要好，没有老款那么晃，跑山路过弯信心很足，U形弯一把就过，侧倾抑制的比较到位。动力充沛，很少能用到地板油，甚至半油门都用的较少，基本市区开带一点油门速度就起来了。,爱车评价,[最满意],第一个是外观，确实非常漂亮，周围看到这款车 的人没一个说丑的，整个车身线条简洁流畅，没有什么过多的棱角锐角和杀马特设计，可以说大气简洁，温润如玉。其次是内饰，因为我自己有点强迫症，所以对这种左右对称的三连屏设计非常喜欢，但我一些朋友觉得这个三联屏设计有点丑，边框有点宽，这就属于仁者见仁智者见智了。 另外内饰大范围皮革包裹，初看确实让人感觉豪华感满满，但细看的话，细节做的还是不够到位，包括一些接缝不均匀，没对齐之类的小瑕疵，但对于十来万的车，我觉得这个水平也是可以接受的。 第二个是空间很大，不管是前排后排都很宽敞，包括后备箱很大，后备箱下面也有足够的储物空间。,[不满意],第一是车机应用少，QQ音乐，喜马拉雅，爱奇艺等一些常用的应用都没有，视频软件只有一个咪咕视频还只能副驾，中控屏只能分屏看，无法做到全屏，不知道后续应用商店会不会推送更多软件。另外储存偷偷减配不事先告知，32g内存目前提车半个多月没装什么软件就已经用了14g了，后续是否够用存疑。 第二是电耗，目前所在城市20多度，纯市区开，强动能回收，空调开eco模式24度，平均速度估计也就二三十码的情况下，跑了三箱电，平均打7.2折。要知道我基本连半油门都很少，都是带点油门开，这么轻柔的脚法在温度适宜的春季都只能能打7.2折，我已经不敢想象七八月份高温天气和冬天的续航了。,[外观],外观完美，买它70%的原因就是因为外观，完全长在我的审美点上。 车身做工：做工一半，车门塑料饰板和车身装配不够严丝合缝，车身缝隙不太均匀。,[内饰],大范围皮革包裹，很有豪华感，如果做工装配在精细一点就更好了。,[续航],20多度的春季，不跑高速纯市区温柔开都只能7.2折，这个续航有点差。如果是在高温夏季是这个折扣那就没问题，但春季的话还是差了点，至少8折才像样。,[空间],空间宽敞，车内坐五人不压抑。后备箱宽大，下面的储物格也很大。,[舒适],[动力],在15万这个级别，C11的驾驶感受是没得黑的，悬挂用料摆在这，下线就比别人的上线都高了。 起步/加速动力：油门响应灵敏，动力充沛，只要稍微带点油门速度就起来了。,[性价比],在十五万这个价位，你还真没有其他选择，他就是妥妥的性价比第一，在硬件方面，即使减配过后， 他还是超值的。,javascript:;,展开全部,[充电],离家比较近的地方有充电桩，一般半个小时就可以充满电。,[操控],跑高速：跑高速稍微有点难以保持直线，不知是不是方向盘太灵敏了，据群里的车友说方向盘换运动模式会好点。
"
    发表于  2023-06    

      
        
    
    
",说说乘坐空间很宽敞一家出行空间很富裕，非常的舒适。,https://image1.xcarimg.com/attachments/my/1/94/82/308_120.jpg,xuser1958230,三星会员,4.88,外观,5,内饰,5,续航,5,空间,4,舒适,5,动力,5,操控,5,性价比,5,购入信息,爱车车型,https://newcar.xcar.com.cn/m68531/,2023款零跑C11增程 285舒享版,购入时间,2023/4/1,购车地点, [山东省],裸车价格,20万  (厂商指导价 16.58万),续航里程,230km,爱车简评,小零互动超精准语音控制，很多功能都可以通过语音唤醒，解放双手安全性也高。座椅舒适度很好，Nappa真皮座椅，包裹性好可通风加热，座椅放倒后躺着也很舒服，午休是个不错的选择，或者是把后排座椅放平空间会更大。,爱车评价,[最满意],作为一款中型SUV，首先外观很吸引我，前脸格栅设计，看上去很时尚，颜值担当，车身尺寸4780/1905/1675mm，轴距为2930mm，整体车身修长大气，流线型设计加分不少，当时选的星空银外观，雾紫内饰，提到车后还是很惊艳的，颜色搭配的很亮眼，整体用料扎实，细节各方面都做的很精致，有不输于豪车的体验。在配置上也是很全面，拥有无边框车门，隐藏式门把手，超大观景天窗，豪华三连屏设计，车机搭载高通骁龙8155芯片，支持音乐、视频、投屏、导航等功能，还有k歌模式，影音娱乐效果超赞。,[不满意],配上两把钥匙就更完美了，还有那个日行灯也是一个小小的遗憾，安装行车记录仪需要重新走线，希望后期能改善一下,[外观],外观大气，流线性好，帅气十足，颜控必选。,,,[续航],续航：在家安了充电桩，日常上班一个周冲一次，续航无压力。,[空间],乘车空间很大，一家四口空间足够，后备箱容积也不小，储物空间非常充足，前后排空间都很大。后备箱也可存放很多东西。,[舒适],[动力],驾驶感受：提速很快，动力很足，方向盘灵活好操作，刹车很灵敏，转弯稳定性好，跑高速也很稳当。,,,javascript:;,展开全部,[充电],充电比较快。,,
"
    发表于  2023-06    

      
        
    
    
",驾驶整体很舒适。,https://image1.xcarimg.com/attachments/my/1/94/82/306_120.jpg,xuser1958230,三星会员,4.75,外观,5,内饰,4,续航,5,空间,5,舒适,5,动力,4,操控,5,性价比,5,购入信息,爱车车型,https://newcar.xcar.com.cn/m68531/,2023款零跑C11增程 285舒享版,购入时间,2023/5/1,购车地点, [上海市],裸车价格,24万  (厂商指导价 16.58万),续航里程,300km,爱车简评,底盘有任性，就算过坑坑洼洼的路面，后排乘客也不会被颠起，希望工程师们能更优化一下悬挂，减少晃动，行驶更平稳。,爱车评价,[最满意],首先是颜值，看对眼才会了解它的内在，C11 颜值在线，时尚又稳重，不会特别夸张浮夸，但耐看。 其次是空间，够大，设计合理，很多地方可以实际运用。 驾驶质感，纯电别的驾驶质感，提速并线，刹车，都是随叫随到，爽！,[不满意],自动泊车功能最不满意，有等于没有，车位识别差，对周边环境要求奇高，实际使用根本用不上。 另外一点，氛围灯的造型设计与等颜色设计能不能向奔驰学习下，难看。,[外观],零跑C11 去年在杭州见过，当时就觉得外观颜值不错，不算惊艳，但时尚又沉稳，不会特别夸张张扬，但是耐看。 车尾造型：车尾造型致敬保时捷 MACAN，很经典很耐看,[内饰],我提的是天幕灰顶配，nappa 真皮桌椅，翻皮天幕顶，中控储物仓也是真皮包裹，这内饰质感直接超越了其价格。 内饰用料：皮的质感不错，软硬适中，不会软踏踏的，有承托。,[续航],官方标纯电续航 285公里，我开纯电模式，一般剩余 65 公里左右，增程器就开始介入，加上用的里程，实际大概续航在 200 公里左右，目前跑了 2416 公里，app 显示平均电耗 18kWh，油耗 1.5L，加过三次油，两次 200元，一次 130元，最近一加满油跑了 29 公里，车机显示油耗 7.8L（因为是全程增程器发电行驶），油剩余 588 公里，能耗表现还算不错。,[空间],我 170，做在主驾副驾，后座任何一个位置，空间都卓卓有余，宽松的很，也问过后座乘客乘坐体验，反馈很宽松，很舒适。 ☆ 空间设计亮点：中控设计是亮点，因为怀档是设计，中间可以很好的利用起来，中控储物仓足够大，侧门储物仓设计也是相当实用贴心。,[舒适],[动力],我之前开过奥迪 Q5，一直喜欢德系的驾驶质感，零跑 C11 这款增程版双叉臂+五连杆的悬挂，确实为底盘加分，纯电车的动力输出+驾驶体验，在 60-100 公里之间体验最为流畅，动力随叫随到。,[性价比],入门版 14.98w，顶配+满包 20.38w，对标它的配置，颜值，内饰，空间，驾驶质感，智能化，我认为目前还没有一辆车有它性价比高。 购车优惠：2 月份盲订 1000 抵 5000，5000 锁单再送 3000 选装包抵用金，等于优惠 7000，这力度也是可以，要是能再有国家或者地方优惠就好了。,javascript:;,展开全部,[充电],充电时间：43 度电，快充充满基本在 100 分钟左右。,[操控],起步/加速动力：运动模式下，红灯起步加速非常爽，对一辆超 2 吨的车来说，非常难得，轻松模式下，起步 2 秒后动力也是随叫随到。
"
    发表于  2023-04    

            
    
    
",座椅的柔软性很好，这是我第一印象，其次就是隔音方面做的很大，有这两点舒适性就不会太差了，还有就是他座椅上面的头枕真的很不错，设计的软硬角度都很好。车子跑起来没有侧倾或者是颠簸的感觉。,https://image1.xcarimg.com/attachments/my/1/88/66/842_120.jpg,xuser1896684,青铜长老,4.75,外观,5,内饰,4,续航,5,空间,5,舒适,5,动力,5,操控,4,性价比,5,购入信息,爱车车型,https://newcar.xcar.com.cn/m68316/,2023款零跑C11增程 285智享版,购入时间,2023/3/1,购车地点, [山东省],裸车价格,18.58万  (厂商指导价 18.58万),续航里程,255km,购入用途,我觉得年轻人嘛，一定要选择自己喜欢的车，而且现在新能源这么火。而且未来这个车我也试驾过，感觉真的是超出我的预期体验，真的很棒。,爱车评价,[最满意],如果说有比较满意的地方，那就是整台车，因为整个车我挑不出太多的毛病了，总体来说就是都达到了我的预期，然后就是车子的舒适性真的很棒，比我想象的要好很多，这个舒适度放在合资车里可能要百万级别了吧。,[不满意],不满意的地方其实没什么，因为这台车子的确是挺完美的，可能就是价格优惠有点少吧，如果再便宜一些，那肯定是更完美了。,[外观],颜值是真的漂亮，从图片其实都看不大出来，当你看到真车之后，你就会知道什么叫帅了和我印象中的跑车差不多，而且性能体验也和跑车一样，再加上车灯还有轮毂都做得非常精致。,[内饰],内饰是真的舍得用料，摸上去之后会感觉很柔软，然后新车也没什么味道，最主要是它的功能集成度比较高，操作起来比较流畅。还有就是它的中控屏和车机系统和手机的体验差不太多，非常的智能化。我觉得这才是年轻人想要的感觉。,[续航],续航也是值得让人满意的一个地方，因为大家知道现在新能源大部分的续航都是在300~500公里左右，但是这个公里数其实是满足不了我的，但是增程式就没问题了。,[空间],空间还好吧，对于空间要求不是那么太高，他的车子尺寸摆在这里，所以空间完全不用担心，主要是内部的空间设计我觉得还挺合理的，像一些小空间搭配起来非常舒服。,[舒适],[动力],动力没得说，基本上秒杀一切油车了，红绿灯起步的时候想怎么快就怎么快，当然为了安全驾驶还是不建议那么开，平时超个车还是很轻松的。,[性价比],性价比相当不错，毕竟这个价格还要啥自行车。同样的价格买燃油车也没什么可挑的。,https://newcar.xcar.com.cn/5065/review/comment-433970.html,展开全部,[充电],充电速度也不错，事实上车子到手之后没有体验过几次充电，但是整体给我带来的感觉都是非常的不错，我以为我会不适应，但其实真的没有，而且充电速度还是蛮快的。,[操控],车子驾驭起来没什么问题，至少我觉得还是很轻松，我觉得它的调教是偏向于运动化的，指向性非常精准，而且行程非常短，各种反应都非常灵敏，没什么可挑剔的。
"
    发表于  2023-04    

            
    
    
",体验下来乘坐舒适性还不错，遇到一些连续的前簸，车内的摇摆也不明显，乘坐舒适感强。只是高速上隔音这一块是他的一个短板，密封性不够好，隔音材料用的还是少了一些。,https://image1.xcarimg.com/attachments/my/1/88/66/843_120.jpg,xuser1896684,青铜长老,4.75,外观,5,内饰,5,续航,5,空间,5,舒适,5,动力,4,操控,4,性价比,5,购入信息,爱车车型,https://newcar.xcar.com.cn/m68315/,2023款零跑C11增程 180舒享版,购入时间,2023/3/1,购车地点, [天津市],裸车价格,14.98万  (厂商指导价 14.98万),续航里程,160km,购入用途,大灯很牛，晚上特别亮，外观大气，车身尺寸还大，空间也大，后备箱空间也还行，整体还不错，前脸设计，前面还有风阻设计，仪式感满满。,爱车评价,[最满意],提速快，电车开起来提速太爽了，动力响应速度快，没有延迟，提速毫不费力； 静音好，低速开起来几乎听不到声音，特别安静，跑到7.80迈才能听到一些胎噪声，总体静音效果不错； 座椅都是真皮座椅，主副驾和二排都配备了座椅通风加热、座椅按摩功能，长途旅行还可以按摩放松。,[不满意],缺点就是轮毂有点突出，不注意就会剐蹭，再就是保值率低，这就是新能源共同存在的问题吧，怎么说呢，自己舒服最重要。,[外观],车身流线型设计挺大气，前脸采用封闭造型，能有效降低风阻的同时更显运动，矩阵式LED大灯与下方示廓灯带遥相呼应，气势逼人，尾部采用一体式贯穿尾灯设计，内部熏黑处理，及具识别度。,[内饰],真皮座椅，坐垫厚，全包裹住了，缝线的纹路都好看，可以用商务车，也能当家庭用车，设计风格都是非常豪华的。,[续航],续航很不错，因为是增程式的，所以没有续航焦虑。,[空间],后备箱能装，还能对外放电，像出去烧烤，这时候就要提现后备箱的作用了，这个功能相当好，有一次出去野餐，能用电壶，电磁炉，能做饭烧烤，真的是超赞，里面的空间也大，后排空间够用，厚重感强，座椅舒适型杠杠的，目前是优点大于缺点，牛掰，前排储物方便，杯架呀，能放水杯，现在的车真是设计越来越高级，难怪大家都买好的。,[舒适],[动力],之前去试驾的时候，动力可以说给我很大的惊喜，比一般的汽油车开起来迅猛多了，有种性能小钢炮的驾驶感受。,[性价比],价格能接受，不然不会选择了，用车成本低，现在油价这么贵，用电太省了，动力也没的说，配置高，比其他国产车那就是比较优秀的了，虽然是电车，都有顾虑怕不安全，但是比亚迪本身就是电池出身，安全性还是有保障的。,https://newcar.xcar.com.cn/5065/review/comment-433969.html,展开全部,[充电],电池的话如果还有七八十℃电，快充一两个小时就充满了，每次都是等着二三十了才充的，要冲一夜。电费也不是很高，经济呀。,[操控],方向盘转向手感挺好的，力度轻，也保留了一定的阻尼感，转动时随着转动角度还有车速的增加，方向盘的阻尼都会发生相应的变化，油门和刹车踏板的调教非常好，控制起来能够做到很精准。
"
    发表于  2023-04    

            
    
    
",本人工作跟汽车操稳相关，对这块感受比较仔细点，受比较仔细点，悬架配置确实的豪华，不过这个调教能力还有待提高，调教偏软，过坑感受不好，方向盘回正时间也比较慢，有点不习惯，开了几天感觉好了点，同样的运动模式方向盘灵敏度明显高于T03,https://image1.xcarimg.com/attachments/my/1/88/66/362_120.jpg,xuser1896636,青铜长老,4.88,外观,5,内饰,5,续航,5,空间,5,舒适,5,动力,5,操控,4,性价比,5,购入信息,爱车车型,https://newcar.xcar.com.cn/m68316/,2023款零跑C11增程 285智享版,购入时间,2023/3/1,购车地点, [天津市],裸车价格,18.58万  (厂商指导价 18.58万),续航里程,858km,购入用途,之前看的有小鹏、威马、哪吒、理想等几个车型，一通看下来几个车都有一点点不符合我个人的购车需求。某天在抖音刷到了零跑C11，给惊艳到了，几乎完全符合我的购车需求，于是当天就下载零跑APP查看各项信息。,爱车评价,[最满意],整车的外观大气时尚，配置和空间也非常优秀，加速也非常给力，智能驾驶系统也非常流畅，用车成本很低，综合性价比非常高。,[不满意],最不满意的就是底盘，路面不平整就感觉底盘很碎，有几百米高速底盘直接振动到车身开启很不舒服一直抖动，方向盘有点朝右倾斜。车窗无边框车窗很帅气但是主驾位置自动锁车车窗上不去，还必须在车内手动按上去才能上锁，不然自动锁车主驾车窗上一下马上就下来咯，自动不能关闭主驾车窗，主架车窗打开关闭时异响严重。零跑保养守则有问题，3万公里就要换刹车油我觉得很浪费，我以前燃油车都是六万公里才换的，还有就是每1万公里保养就看看你底盘，我觉得没有必要的。,[外观],确实有一定的吸引力，没中不足的是车头跟其他部位比有点不协调。,[内饰],内饰三联屏，加了改装真皮座椅，还是显得格调很高，不过用起来副驾驶屏幕有点鸡肋，上车一般立马熄屏，只用过一次，副驾再看电视剧，但是太影响驾驶了，时不时的会去看两眼，有的企业真不该拿这个大肆宣传，你懂的。这车的配置慢慢，加装包性价比也是奇高，要是再有个抬头显示效果更佳，不过自动雨刮，前排通风加热，还是比较实用,[续航],续航还是很不错的，增城还是很不错的。,[空间],乘坐空间够大，我身高180，驾驶位置调整到合适情况下，后排乘坐空间至少有三拳，乘坐三人一点不拥挤，迎宾座椅开始觉得逼格很高，实则有点不方便，尤其下车的时候，后排有人的话会影响腿部空间。后备箱空间也是巨大，底下还有一层，前备箱也可以适当的存放物品。,[舒适],[动力],动力相当不错，我体验还是很不错的。,[性价比],性价比不错。,https://newcar.xcar.com.cn/5065/review/comment-433949.html,展开全部,[充电],这个比较满意。,[操控],电动车主打智能化，还是可以的，比如一建备车，空调开启，360等，不过关于安全的智能化应用我不太信任，比如自动泊车，一次没用过，ACC用过一次，就来幽灵刹车，还是老老实实开车。
"
    发表于  2023-04    

            
    
    
",最的话前排副驾驶还是挺舒服的事能看看电视剧什么的很舒服还有座椅加热通风舒服的要死，后排的空间位置也很大坐三个人还很宽敞。,https://image1.xcarimg.com/attachments/my/1/88/66/363_120.jpg,xuser1896636,青铜长老,4.88,外观,5,内饰,5,续航,5,空间,5,舒适,5,动力,5,操控,4,性价比,5,购入信息,爱车车型,https://newcar.xcar.com.cn/m68315/,2023款零跑C11增程 180舒享版,购入时间,2023/3/1,购车地点, [上海市],裸车价格,14.98万  (厂商指导价 14.98万),续航里程,750km,购入用途,市面上的几款新能源品牌都看了特斯拉价格高了一点，小鹏的G3又太小了，看颜值还是C11好看无框玻璃门真是YYDS。,爱车评价,[最满意],颜值！颜值！颜值！圆润不失霸气，宽大不失优雅。谁说只有女人看脸，男人选车也看脸！！,[不满意],但就是车内后备箱过坑有异响这一点我也有，大部分车主也有但是这一点我能接受的并不是特别大声音，副驾驶的窗户在主驾驶升玻璃快到顶的时候就自己落下来了不知道是什么原因，过了几天自己就好了，然后就是后排的玻璃降下来的时候有咣当的声音，去售后看了看也没有发现什么问题，车灯的话晚上看的话并不是特别的亮，还有就是更新完72版本之后开门上车屏幕启动特别慢原先就是坐上车人脸识别现在是坐上车启动屏幕得等一会，不知道是不是更新完之后的问题。手机连接蓝牙之后人家打电话过来车机声音就特别的大吓死人，不知道是咋回事每次都是这样。,[外观],外观是最喜欢的木九十因为外观选择的，,[内饰],碳灰内饰虽然不耐脏，但显得很豪华高级，三个大屏，对比原先的油车，就是两个时代的产品。科技感爆棚，副驾再也不用只睡觉了。拼色翻毛纳帕真皮运动座椅，运动感和高级感拿捏的刚刚好，但前排座椅能像小鹏p5一样能放平当午休床用，就更nice了，普通座椅还能改，运动座椅好像不能改。,[续航],满油满电表现相当不错。,[空间],明天感觉c11空间特别的大后备箱也特别的大后座坐上去膝盖里前面的座还有两个拳的距离，内饰的颜色我也挺喜欢的是岩灰的整体感觉特别的高端大气上档次，而且就外观来说同级别里面是没有对手我也看过蔚来啊BYD啊极氪啊等等车辆都没有,[舒适],[动力],提速快，这么大的车，开起来很轻盈灵巧。,[性价比],性价比高，20万这个尺寸，这个续航，这个配置，无敌了。,https://newcar.xcar.com.cn/5065/review/comment-433948.html,展开全部,[充电],这个比较满意。,[操控],驾驶感受的话整体来说还是特别的丝滑特别的顺畅，转方向啊动能回收啊都特别的舒服，有时候还情不自禁的去摸档杆，开油车开习惯了。加速的话也特别的丝滑没有卡顿的情况“嗖”直接都出去了。而且app操作也是很方便的车窗没关车门未关闭都会提醒的而且不用带钥匙，蓝牙钥匙也是方便的很。
"
    发表于  2022-05    

      
        
    
    
",选装包的Napa真皮摸着很舒服，座椅整体感受也很优秀。 座椅加热：座椅加热这玩意真实太实用了，舒服啊，副驾女王表示很满意。而且后排也可以加热，冬天的时候就会很舒服 车内噪音/异味：无框车门风噪肯定是比正常的要有的，但是我感觉60以内都没什么感觉，也就上了高架或者高速比较明显。不过小音乐一开舒服得很,https://image1.xcarimg.com/attachments/my/1/93/60/424_120.jpg,xuser1946042,三星会员,5,外观,5,内饰,5,续航,5,空间,5,舒适,5,动力,5,操控,5,性价比,5,购入信息,爱车车型,https://newcar.xcar.com.cn/m58022/,2021款零跑C11性能版,购入时间,2021/3/1,购车地点, [湖南省],裸车价格,22万  (厂商指导价 23.58万),续航里程,500km,购入用途,推荐购买指数4.5星。只要你的城市有充电站就可以买，有家冲更完美。跑的越多越省。车子没什么网上说的那么多毛病，销售也都很热情。车子很好开，很舒服，很好看。买就对了，绝对不会后悔。秒杀同级,爱车评价,[最满意],门店服务周到： 提车当天门店就已经帮忙充好电并且洗好了车。办好了店内该办的手续以后，销售带我坐在车上开始细心详细的讲解功能等等，真的很详细讲了快1个小时。讲完以后基本就已经对车车了解的很透彻了，开上就走。 续航以及驾驶感受都很棒： 提车第一天室内通勤，操控等等方面都很满意，轻松模式下跟油车很像，不会猛的往前一冲，怕晕车的很合适。运动模式就很有电车的感觉了，但又不会很夸张，毕竟2吨多重的车。刹车现在已经习惯用动能回收来控制了，还是很好习惯的。 提车第三天去跑了趟高速，130公里总路程，时速平均100，就开了个除霜表显是掉了150多。市区基本1:1。我的是610版本，现在根本不在意什么电耗，买油车看油耗，买电车还看什么电耗，好无聊。没电了就充就好了。车能开几年，不要畏手畏脚的。 停车时候总有人来问是什么车，都觉得还挺好看的哈哈。 总结优点： 2.9轴距空间很大，家用很合适。配置很足，性价比之王。无框车门，帅就完了。610续航基本没什么里程焦虑。运动模式动力充沛，轻松模式平稳顺滑。 座椅通风加热都很实用。只能方面也很nice，无钥匙进入，远程空调太实用了。,[不满意],购车时候没赠品，商城东西贵。等车时间长是新能源常态，也算不上缺点吧。但却是挺折磨。,[外观],外观太喜欢了，suv就是很好看啊。零跑可供选择的车色也都很好看。无边框车门还要啥自行车啊。,[内饰],真皮内饰摸着就是舒服，空调出风口部分很复古，很好看。三联屏清晰度也可以。 异味/异响：新车有点味道很正常，没买任何什么竹炭啊乱七八糟的除味的东西。也就开了3天，就没什么味了。说明整车的材料用的还是很环保的。,,,[空间],乘坐空间：接近3米轴距，带来的超大的空间体验，1.8的驾驶员后面还能做个1.9的空间体验感都很好 后备厢容积：同时拥有前后备箱，后备箱是常规标准，但是下面还有一个暗格，暗格也很大，我的随车充和外放电插线板还有一副羽毛球拍都放在里面还有剩余很多空间。前备箱能放下一个行李箱。,[舒适],[动力],坐上人加上一些物品，2吨重多的suv。运动模式动力充沛，车在前面跑，魂儿在后面追。轻松模式下动力平顺丝滑。 跑高速：suv跑高速就是很稳，走到有横风的桥上路段也不会有感觉。跑高速的电耗也还好，没有想像那么垃胯。,[性价比],无敌的性价比，这个价位能买到一个纯电中型SUV，配置应有尽有，颜值有高。只恨知道零跑太晚，没赶上2抵4的优惠。,javascript:;,展开全部,,,[操控],很喜欢轻松模式下的方向盘，很舒服，很轻。而且丝毫不影响指向。停车掉头都很从容。优秀的悬挂，高速过弯也很稳。
"
    发表于  2022-05    

      
        
    
    
",科技配置还不错 L2 级别至少不加费用 方向盘加热 座椅加热通风 真的很实用,https://image1.xcarimg.com/attachments/my/1/93/60/419_120.jpg,xuser1946041,三星会员,5,外观,5,内饰,5,续航,5,空间,5,舒适,5,动力,5,操控,5,性价比,5,购入信息,爱车车型,https://newcar.xcar.com.cn/m58022/,2021款零跑C11性能版,购入时间,2021/4/1,购车地点, [重庆市],裸车价格,22万  (厂商指导价 23.58万),续航里程,550km,购入用途,网上看到零跑C11的宣传就去关注了解一下，配置挺丰富 价格也还预算范围之内。关注了一段时间等到十堰有试驾车后果断的去看了车子试驾。整体感受比朋友的特斯拉牛多了。回家商量一下直接就下单定了,爱车评价,[最满意],20万以内这个车子的配置真的太牛了 L2 三连屏还能放一个画面 车机流畅度也很高 内部空间家用完全够 座椅配置舒适度很不错 还有1.5万的选装真值 ，这个紫色翻毛皮内饰 车内豪华提升太多了。座椅通风夏天开车 也是爽的不要不要的 ，12个喇叭。这次OTA升级后 我觉得看电影都不需要去电影院了。,[不满意],不满意 开完别的电车就觉得C11前期爆发力不够强 没有特斯拉那种电门一踩就上头的感觉 中期的爆发力还是很不错的 。 前双叉臂这个价格没见过 东西是好东西可是调校差那么点意思,[外观],带大家看看我SAO橙色的车车 外观上面有点保时捷的感觉 还是很丰满的 店里说有灯语 我怎么没有看出来呢,[内饰],中控三联屏看起来布局更合理 好过中间就一个大平板的车子 三瓶放一个画面太爽了 老婆 孩子看都能满足,,,[空间],2930的轴距家用也完全够用 可能座椅用空间太多 内部没有想想中的大 整体比较满意,[舒适],[动力],前期爆发力不够强 没有那种电门一踩就上头的感觉 中期的爆发力还是很不错的,[性价比],个人觉得20万左右的谈性价比 应该没有那个车子可以香过C11了 品牌评价：零跑C11在这个级别配置 用料个人感觉是天花板了 外观做工都超过这个级别。车子设计也很人性化，比如车内有单独的折叠雨伞的储物盒，还能把雨水排除车外。中央扶手内暗藏了手机支架，副驾专用的蓝牙耳机，都是细节拉满的人性化配置。必须给认真造车的企业点个赞,javascript:;,展开全部,,,[操控],前双叉臂这个价格没见过 东西是好东西可是调校差那么点意思 转向感受和高速/刹车的感受都很好，车身很稳定
"
    发表于  2022-05    

      
        
    
    
",乘坐舒适，才提车的时候有异味，大概半个月左右就基本没有了,https://image1.xcarimg.com/attachments/my/1/93/60/417_120.jpg,xuser1946041,三星会员,5,外观,5,内饰,5,续航,5,空间,5,舒适,5,动力,5,操控,5,性价比,5,购入信息,爱车车型,https://newcar.xcar.com.cn/m58022/,2021款零跑C11性能版,购入时间,2021/3/1,购车地点, [天津市],裸车价格,22万  (厂商指导价 23.58万),续航里程,500km,购入用途,当时选车的时候对比了比亚迪-宋PLUS新能源和AION Y，一个是筷子悬挂，一个是扭力梁，地盘都没有C11用聊好，内饰C11的三块大连屏也很吸引眼球，并且电池都比C11的90度小，1月提车后老婆赞不绝口,爱车评价,[最满意],原本21年的时候是打算定T03的，因为家里已经有一辆哪吒U了，后来了解到C11即将上市，一下子就喜欢上了，而且C11定位是中大型SUV，加速7秒，拥有超大轴距，极为舒适的乘坐空间，续航最高有610KM，当时就果断下定。首先外观真的挺讨喜的，没有特别奇怪的造型，整体非常协调看起来就很舒服。这款瓦尔登绿真的挺舒服的，淡淡的带了点银色，很上档次，底盘的用料也很扎实，大量铝合金材质的应用，无边框的车窗高级感十足。而且采用的还是中航的三元锂90度电池，下足了成本。 C11的设计个人是非常喜欢的，非常的大气，曾经我在路边等人的时候还有人敲我窗户询问我车的品牌价格，说外观非常大气。 着重要讲的就是这个雨伞的设计，这可是劳斯莱斯才有的配套设施，开了三个月，这一点真的深得我心，作为一个经常忘记带伞的人，零跑这个伞是我这三个月以来使用的最频繁的随车配件没有之一，而且还自带独立的收纳，不会把水跟湿气带进车里，洁癖人士的福音！再加上它自带的无线充电、HI-FI级环绕音响、人性化的前屏导航设计等等等等..你真的很难想象这是一辆十多万的车会考虑的事情。 在我经济能力范围内我能够选择到的性价比最高的一款车了。 买电动车一定一定一定要把车位考虑进去，这是作为过来人的良心建议，电动车机的电池就好比手机电池一样，太冷太热都是会缩短它的寿命的，本人亲测在1-2°C 的情况下在外放置一晚，直接掉了20KM的里程，而且一般充电桩也只能安装在私人或长期租赁的车位上，私人充电桩一般电量价格在0.5左右，如果你的城市有谷电，最低只要0.38，但是如果你长期在外充电，不仅需要抢位置排队，价钱也几乎都是一块多一度电，所以不管是从保护电池的角度，还是节约开支的角度，购买或长期租赁一个固定车位是非常有必要的。 电动车其实就好像我们的智能手机一样，它很方便智能。但它偶尔也会出现一些小的bug卡顿，这属于正常情况（不管什么品牌多贵的电动车都会有的情况）并非质量问题。一般情况下重启车机就可以解决问题，它比燃油车的优势在于，它是可以升级的，就好像手机功能越来越多一样，电动车也是一个道理，它有无限可能，你永远可以相信下一次OTA。目前已经经历了两次OTA，基本趋于完美，现在最期待的就是自动变道辅助和高清领航功能，不知道下次更新会不会加入进来。 还有蓝牙钥匙非常方便，我现在出门已经不带钥匙了，一个手机全部搞定，在地下车库没有网络的情况下也可以解锁。,[不满意],最不满意的地方，雷达存在盲区的，盲区距离大概是20-70cm，且有距离误差，最大有20cm。但是360的视野要广很多，不过也是存在视野盲区的，所以大家停车的时候一定要养成好习惯打开360，多看后视镜不要过分依赖辅助设备。速度一定要慢，路况复杂的时候最好是下车环视一周最为稳妥,[外观],最喜欢后面和侧面，远远的一看还以为保时捷,[内饰],内饰选择的岩灰，很时尚，就是要勤大理，升级后的音响和导航很棒,,,[空间],我身高175，乘坐空间非常大，后备箱也很大，后排座位放倒后就是一张双人床,[舒适],[动力],加速有力，超车游刃有余，红绿灯都是第一名，开起来一点不输bbq,[性价比],常州武进店的贺经理服务很好，人也很漂亮，大家买车可以找她 购车：美女贺经理自己送了很多礼物,javascript:;,展开全部,,,[操控],底盘扎实，智能辅助很顺手 方向盘操控感：方向盘手感很好，转向精准
"
    发表于  2022-05    

      
        
    
    
",C11的车身空间大，并且座椅都使用的Nappa真皮座椅，舒适度高，车窗玻璃采用的双层夹胶，隔音效果特别好，后车窗玻璃还具有保护隐私的作用。,https://image1.xcarimg.com/attachments/my/1/93/60/416_120.jpg,xuser1946041,三星会员,5,外观,5,内饰,5,续航,5,空间,5,舒适,5,动力,5,操控,5,性价比,5,购入信息,爱车车型,https://newcar.xcar.com.cn/m58022/,2021款零跑C11性能版,购入时间,2021/4/1,购车地点, [上海市],裸车价格,22万  (厂商指导价 23.58万),续航里程,500km,购入用途,现在的油价上涨，还有新能源的发展确实不错，让我们想要买一台新能源用来代步，日常通勤也不会限号，SUV的车型也适用于家庭用。在对比多个新能源品牌后最终决定选着零跑C11一个是因为它超高的性价比,爱车评价,[最满意],零跑C11自从我提车起驾驶到现在，让我满意的点有太多了，要说让我最满意的点不得不说就是它的超高的颜值。我的C11是610km续航的尊享版，外观颜色选择的是瓦尔登绿色，内饰上选择的是岩灰加雾紫色的搭配。当我第一眼看到瓦尔登绿这个颜色时，我就决定了就是这个颜色了，这个颜色真的太符合我的审美了，新颖、特别又低调，完全看不腻。岩灰加雾紫的内饰搭配，也让人喜欢，新能源车型的外观和内饰都摆脱了传统汽车的样式，有着创新，紧跟着潮流。,[不满意],最不满意的一点就是让我等待的时间太长了，从下订单到提车我等了大概3个半月左右，实在是太让人煎熬了，特别想尽早拿到车。但是当我拿到车的时候，感受到零跑C11让我的等待是值得的。,[外观],外观颜色选择的是瓦尔登绿色，内饰上选择的是岩灰加雾紫色的搭配。当我第一眼看到瓦尔登绿这个颜色时，我就决定了就是这个颜色了，这个颜色真的太符合我的审美了，新颖、特别又低调，完全看不腻。,[内饰],岩灰加雾紫的内饰搭配，也让人喜欢，新能源车型的外观和内饰都摆脱了传统汽车的样式，有着创新，紧跟着潮流。,,,[空间],零跑C11的空间上真的太让人舒适了，不论是前排还是后排的体验感都是超棒的！车身前面居然还有一个储物空间，这个可是以前跑车才有的。后备箱的储存空间也特别大，过年回家装“货”再也不担心啦。,[舒适],[动力],动力方面，零跑C11具有百公里加速4s级，双盘古油冷电驱，最高效率超过94.7%，实现400kW的最大输出功率，最大扭矩可达720N·m。我使用时确实能够感受到比传统油车更快速的提速。,[性价比],零跑C11真的不愧是性价比之王，无框玻璃，座椅加热等配置都是30万以上的车辆才配备的，但是一台23万以内的车就可以给你这样的体验感，性价比实在是太高了。,javascript:;,展开全部,,,[操控],买零跑C11之前就有进行车辆的试驾，试驾时就感觉到这个车很好上手操控，而且上车会有摄像头进行人脸识别，帮你调节常用的座椅弧度和后视镜角度，舒适度高。
"
    发表于  2022-05    

      
        
    
    
",开车最重要的就是舒适性了，本身NAPPA真皮座椅，还有座椅通风加热这些，开长途很舒服，而且本身与驾驶辅助，像车道保持，碰撞预警，疲劳驾驶提醒等等，开长途也会很轻松,https://image1.xcarimg.com/attachments/my/1/93/60/415_120.jpg,xuser1946041,三星会员,5,外观,5,内饰,5,续航,5,空间,5,舒适,5,动力,5,操控,5,性价比,5,购入信息,爱车车型,https://newcar.xcar.com.cn/m58022/,2021款零跑C11性能版,购入时间,2021/4/1,购车地点, [北京市],裸车价格,22万  (厂商指导价 23.58万),续航里程,550km,购入用途,网上看了下整体的配置参数这些，再对比下价格，真的很意外这种配置的车才卖到这个价格，不太敢相信，就联系零跑汽车金地兰亭体验中心预约了上门市试驾，销售小哥哥直接开车来找的我，试驾后真的很满意，当场就下定了,爱车评价,[最满意],1.外观看着真的太漂亮了，尤其是磁力灰这个颜色，看久了也不会腻2.动力很强劲，路上超车时油门响应很快，适合我这种开车快的3.功能太丰富了！这次OTA升级还多了网易云音乐和雷石KTV，买车的时候选了选装包，带220V电源，以后就可以在野外吃着火锅唱着歌了，想想就很NICE4.NAPPA真皮座椅坐着真的太舒服了！5.无边框车门，隐藏式门把手，一眼望过去妥妥的30万级别豪车6.这个车的续航真的是惊呆我了，以前总以为电车都是打个7折，开了C11才知道续航有多真实，我买的610Km续航的，实际城区里能跑到570左右，高速基本稳定510-520，着实出乎我的以外，捡到宝了7.空间是真的大，2930cm的轴距，后排坐三个人也完全没有问题,[不满意],1.车辆没有抬头显示和空气悬架，不过影响不大，本身也是双叉臂加五连杆悬架了，空气悬架只能说锦上添花。2.110码以上的时候胎噪有点大，估计是因为用的马牌的轮胎。3.LED的大灯不是很亮，下雨天穿透性不好，后面有空了去改装一下,[外观],就问你帅不帅！！！我太喜欢了，远处看起来霸气侧漏！,[内饰],三联屏的设计，科技感满满，车内各种储物空间也很多，而且有小零帮我们处理各种问题，加分项*1,,,[空间],2930的轴距，不是开玩笑的，后排坐起来太舒服了，翘起腿都不成问题！,[舒适],[动力],7.8s的百公里加速，试驾跑起来总感觉还要更快，本来想拍个美美的照片，一不小心就开过去了,[性价比],20万级别最高性价比，没有之一，这种配置的车其他品牌都是30万起步，网上查了下，零跑因为所有的产品都是国内自己设计生产的，不依赖外来资源，所以造车的成本低，才会造就了有着价格屠夫之称的零跑C11诞生！,javascript:;,展开全部,,,[操控],方向盘三个助力模式，随时随地切换，油门灵敏度超高，一踩动力就来，超车毫无压力！搭配上L3级别辅助驾驶功能，高速上跑长途简直不要太轻松
"
    发表于  2022-05    

      
        
    
    
",座椅非常宽大，而且对腰部和腿部的支撑性都比较好，再有就是车辆的空调很好用，冬暖夏凉，而且调节温度很迅速。,https://image1.xcarimg.com/attachments/my/1/93/60/412_120.jpg,xuser1946041,三星会员,5,外观,5,内饰,5,续航,5,空间,5,舒适,5,动力,5,操控,5,性价比,5,购入信息,爱车车型,https://newcar.xcar.com.cn/m58022/,2021款零跑C11性能版,购入时间,2021/4/1,购车地点, [上海市],裸车价格,22万  (厂商指导价 23.58万),续航里程,550km,购入用途,20万之内性价比之王，不是简单的堆料王。入门即豪华，想你所想，给你想要的。闭着眼可以入手的车,爱车评价,[最满意],中控台的三联屏，就像一个“凸”字的造型，很有设计感，将整个中控衬托的干净利落，和整齐，没有任何多余的修饰，风格极其简约大气，而且这三个屏幕的清晰度和大小都是现在很主流的配置，无论是看导航信息，还是娱乐都不错，关键是主副驾驶的两块屏幕可以实现独立不扰，大大提升了我和家人的乘坐体验。,[不满意],目前的能耗在百公里17千万时，但其实到冬天的时候，耗电量还会增加一些。,[外观],这辆车的前脸还是挺与众不同的，在大家都在追求开放式大中网的时代，这辆车的前脸竟然采用了封闭式的设计，感觉辨识度挺高的。,[内饰],整体内饰的质感真的是无可挑剔，座椅是纳帕真皮的材质，看上去豪华感油然而生，车内大面积的软包，可开启的大天窗的设计更是拉升了内饰的档次。,,,[空间],这个车的轴距超过了2.9米，这样的空间表现自然是不俗的，就我这样1.78米的身高，无论坐在车里的哪个位置，都有相对比较宽裕的活动范围，而且后排的地台是纯平的，坐在中间的人也不会干到空间拥挤，车里的小储物空间非常多，虽然我并没有一个个数过，但是感觉就是坐在哪个位置都有放东西的地方，非常的人性化，后备箱的开口也非常大，放大件物品的时候也好进，空间近乎完美，唯一美中不足的地方就是车内设计了干湿分离放雨伞的地方，这本应该是个亮点，但是设计的空间有些略小，稍微大些的伞就很难放进去，反而显得鸡肋了些。,[舒适],[动力],动力感受，其实还挺主观的，如果是放在日常的出行和代步的话，它的动力是完全足够的，而且这辆车也有多种驾驶模式，日常用标准模式就可以的，如果想体验更强动力，可以换到运动模式，但是如果和之前我的那辆油车相比的话，动力的充沛感没有那么强烈。,[性价比],作为一辆国产纯电动车，它的性价比是毋庸置疑的，高配置，高颜值，加上亲民的价格，这些都足以成为我选择它的理由！,javascript:;,展开全部,,,[操控],底盘很扎实，过一些弯道或者山路的时候，并不会有侧倾感，车辆的减震效果也不错，过减速带的时候不会有那种生硬的感觉，而且车辆自带的辅助驾驶功能还挺多的，常用的车道保持系统，大大的提高了我行车的安全性。
"
    发表于  2022-05    

      
        
    
    
",空间大，座椅自动调节，软硬舒适，即便驾驶时间长，也不会感到腰疼。,https://image1.xcarimg.com/attachments/my/1/93/60/411_120.jpg,xuser1946041,三星会员,5,外观,5,内饰,5,续航,5,空间,5,舒适,5,动力,5,操控,5,性价比,5,购入信息,爱车车型,https://newcar.xcar.com.cn/m58022/,2021款零跑C11性能版,购入时间,2021/5/1,购车地点, [湖南省],裸车价格,22万  (厂商指导价 23.58万),续航里程,550km,购入用途,因为这个车的外观包括操作性还有空间啊价格啊。也是同级别的车型相比之下性价比比较高的一块车型，而且新能源汽车也是绿色环保的也很低碳,爱车评价,[最满意],我是一名90后，生活在美丽的岛城青岛。现在马路上越来越多的电车，让我也情不自禁的想要研究研究。毕竟油价太高，一个月的工资花销，真是有点伤不起。之前家里有一辆燃油车，比较小巧，随着家庭成员增多，也满足不了我们的需求。想买一辆经济适用，性价比高的电车，开出去也比较有面子。最近一到休息的时候就去看车。最满意零跑C11的，是它的颜值，超级满配，无边框车门，年轻有活力。还有就是价格很适合我们，豪华版15.98W，续航510km。真是符合我们的要求。,[不满意],最不满意就是提速太快，我是不是有点凡尔赛，真不是虚张声势，百公里只需7.8秒，从油车转化到电车，刚开始真有点不太适应，我媳妇因为提速太快，说有一种坐船的感觉，女生的话，不喜欢这种速度的很容易晕车。再就是自动泊车，如果没有明显的停车线，基本倒不进去，我试过好多次，只成功了一次。,[外观],线条动感流畅，整个前脸采用贯穿式设计，将两个大灯链接在一起，炯炯有神视觉上拉宽了车辆的横向宽度。当时买这款车时，首先外观就很吸引我。我是外貌协会的，对外观还是有独特要求的。,[内饰],内饰没有什么可挑剔的，napa真皮座椅，整体搭配起来，堪比50w级豪车！,,,[空间],车身长4750cm，轴距将近三米，对我们这个躺里边都没有问题。小家庭来说足足够了。后排乘坐三个人，一点也不挤，出去玩开时间长，一点也不觉得累。后备箱全部放倒可以达到840L，一个一米八的汉子，躺在里边一点问题都没有。,[舒适],[动力],动力更是好的没话说，起步有很强的推背感，百公里加速仅需7.9秒。三种驾驶模式：（运动模式，轻松模式，自定义模式）轻松模式：加速平稳，能量回收制动弱，转向模式舒适。运动模式：加速强劲，能量回收制动强，转向模式运动。自定义模式：根据自己喜好，随意调节。我平时都选择轻松模式。更省时省电。,[性价比],超级满配，超级高的颜值，亲民的价格，这就是性价比。,javascript:;,展开全部,,,[操控],双幅多功能运动方向盘，有自动泊车按键，定速巡航按键，acc自适应巡航按键，途记按键，语音操控按键…等功能，实在是太实用了。
"
    发表于  2022-05    

      
        
    
    
",舒适型强 毕竟轴距有2930 我一家人坐后排一点都不挤 坐中间的人还能放脚,https://image1.xcarimg.com/attachments/my/1/93/60/410_120.jpg,xuser1946041,三星会员,5,外观,5,内饰,5,续航,5,空间,5,舒适,5,动力,5,操控,5,性价比,5,购入信息,爱车车型,https://newcar.xcar.com.cn/m58022/,2021款零跑C11性能版,购入时间,2021/4/1,购车地点,湖南赛驰汽车销售服务有限公司 [湖南省],裸车价格,22万  (厂商指导价 23.58万),续航里程,550km,购入用途,C11的性价比是这个价位最高的！最棒的！ 10多w能买到这些豪华配置,爱车评价,[最满意],最满意C11的一个续航里程 我510的续航里程 市区能跑450都还有余电,[不满意],c11的智能系统还是有点差距 我的自动泊车倒进去还是会有一些歪,[外观],外观好看！ 我选的瓦尔登绿的外观！ 从来没有觉得有这么好看的一个颜色,[内饰],内饰我选择的紫色内饰 零跑外观颜色跟内饰颜色选择性都多 还有豪华三连屏 副驾也能看电影！,,,[空间],零跑c11的车子外观和硬件配置是非常吸睛的。在决定购买新能源汽车以后，我和老婆就开始了各个品牌的比对之旅。从价格到外观到性能，最后还是敲定了零跑与小鹏这两家去试驾。 试驾体验下来，零跑的智能驾驶是明显落后于小鹏的，特别是自动泊车这个功能，两者差距太大了。另外就是后排座椅的舒活度，零跑的座 硬，我老婆坐着不是很舒服，相反小鹏的座椅柔软度我老婆就很喜欢。 但是综合下来，我们还是选定了零跑。一个是对于智能驾驶，其实我们用的不会很多。其次就是，小鹏的车子内饰有点廉价感，上市以后几轮和福利消退也让我对它的好感度消散不少 综合比较下来，零跑靠着它出色的硬件配置(意味着后期还有升级优化的空间)打动了我，靠着出色的外观(我老婆一眼就爱上了瓦尔登绿)我们敲定了c11这款电车。 提车之后先跑了2次高架，然后就是在常州市区上班通勤。驾驶感受还可以，车子空间大、舒适，但是过坑就像“划船”一样有摇晃感。在公司停车试过一次自动泊车，三四十个空车位，愣是一个识别不出来，跑了两圈终于识别到了，还差点撞车，我是看的心惊胆颤，不敢再用了 另外这个车后面的摄像头，下雨天或者后面的跟车开大灯，就会模糊。影像也有一点延迟，导航我有时候都怀疑它是不是正宗的高德，有时候都要进白线了才提醒我要走哪个车道.... 我的蓝牙钥匙一直开启不了，问了零跑在线客服，打了客服电话，都没解决，随后放弃。=3。 总体开下来还是很不错的，瓦绿真的很好看，最后再吐槽下做工吧，我的车提车时有条缝隙,[舒适],[动力],动力强 0到100加速7.9 还有推背感,[性价比],性价比超高 15.98能买到这种豪华配置！ 零跑c11在20w一下车型里面 绝对是最能打的,javascript:;,展开全部,,,[操控],操作性好 毕竟双叉臂 五连杆的地盘通过性也棒棒的 ☆ 自动泊车入位：自动泊车会稍显弱一点 有时候会停的有点歪
"
    发表于  2022-05    

      
        
    
    
",座椅都是真皮座椅，很舒服，贴身。空调是可以左右分区控制的，对象坐副驾的时候可以根据她自己调空调温度，不会嫌我温度开的太冷了。,https://image1.xcarimg.com/attachments/my/1/93/60/409_120.jpg,xuser1946040,三星会员,5,外观,5,内饰,5,续航,5,空间,5,舒适,5,动力,5,操控,5,性价比,5,购入信息,爱车车型,https://newcar.xcar.com.cn/m58022/,2021款零跑C11性能版,购入时间,2021/5/1,购车地点, [天津市],裸车价格,22万  (厂商指导价 23.58万),续航里程,550km,购入用途,"我选择C11很大一部分原因就是因为他的无边框车门,年轻化。他的多幅轮毅特别显眼，用一个帅字来形容他也一点都不过分。还有就是一个价格优势",爱车评价,[最满意],"我选择C11很大一部分原因就是因为他的无边框车门,年轻化。他的多幅轮毅特别显眼，用一个帅字来形容他也一点都不过分。还有就是一个价格优势，20.98万，续航有610KM，性价比还有很不错的。出去露营没有带帐篷的情况下，把后排放倒在车上露营也很方便，也可以用外接电，带上一个投影仪，看看电影感觉也很棒。车上的三块屏幕，都是可以独立使用的，主驾前的屏幕显示电量、公里数，中间的中控屏幕控制空调、通风、加热等操作，副驾驶的屏幕还可以连接蓝牙耳机独立看电影。这三块屏幕在非行驶的过程还可以三屏联动一起看电影，习惯在车上多坐坐的朋友用三联屏看看电影打打游戏，还是蛮不错的。",[不满意],现在使用下来，这个自动泊车感觉不是很好用，车位找的的不是很标准，不是能很准确的停在一个车位里面，我在停车场试过好几次，停在两个车位中间的多，还是自己泊车比较好。,[外观],外观内饰这个我觉得还是看个人喜好的，我是挺喜欢C11的这个车身的，车门中间有一条明显的腰线凸显了这车的豪华感。后大灯是贯穿灯，看起来很醒目。 车轮设计：他的多幅轮毅特别显眼，用一个帅字来形容他也一点都不过分,[内饰],车里面内饰简洁大气，也没有很大的味道，家里长辈坐车的时候对车评价还是挺好的。,,,[空间],我身高175，也不算太胖，还算是适中的体型吧。在驾驶座位子调整好了之后，我坐后排空间还有富裕的，可以舒服的翘个二郎腿。 后备厢容积：后备箱空间也很大，外出露营的时候后排座椅放倒，躺两个人绰绰有余，没有带帐篷的情况下在车上露营也很棒，带上投影仪，拉个天幕，氛围感十足。,[舒适],[动力],平常在市区上下班开开，不算开的太快，还没有上过高速跑，但是开起来、等红绿灯起步的时候都很平顺。,[性价比],售价20.98万，续航有610KM，现在使用下来实际续航也有597KM差不多，性价比还有很不错的还是很满意的。,javascript:;,展开全部,,,[操控],在道路颠簸和减速带上减震效果都是挺不错的，不会有很明显的震动感。但是在转弯掉头的时候方向如果打猛了，好像抓地性不是很好。但一般不会出现这个情况，就是有几次快错过红绿灯了，打的比较急有这种感觉。
"
    发表于  2022-04    

            
    
    
",C11的悬挂设计，让车内的律动性很舒适，底盘调教偏舒适，减震阻尼也不是很硬，这样让你行驶在碎石或者颠簸的路面时能很好的滤掉杂音，而且这套悬挂的调教还保证了你以一个比较好的姿态通过高速S弯。,https://image1.xcarimg.com/attachments/my/1/05/33/785_120.jpg,郭哥0225,白银元老,4.88,外观,5,内饰,5,续航,4,空间,5,舒适,5,动力,5,操控,5,性价比,5,购入信息,爱车车型,https://newcar.xcar.com.cn/m63394/,2021款零跑C11改款 豪华版,购入时间,2021/2/24,购车地点, [山东省],裸车价格,16.98万  (厂商指导价 18.58万),续航里程,510km,购入用途,二十万以内感觉性价比最高的新能源车，无论颜值还是配置，都让你眼前一亮，我买的是星河银，颜色是真的帅气，不同亮度下，车身颜色也会有变化。,爱车评价,[最满意],最满意的是感觉零跑C11 的动力输出，无论是高速还是市区穿行，200KW的电机功率让你如鱼得水，驾驶感和体验感都让人满意。,[不满意],最不满意的就是大灯组，感觉设计有缺陷，会出现光斑，而且还没有随向转动。,[外观],选择C11之前看过比亚迪海豚、宋、元、秦，还有广汽埃安，小鹏P5、P7，特斯拉的毛豆3，最终和老婆都相中了零跑C11的外观，从看见车到交定金，前前后后也就二十分钟。提车后，零跑C11的颜值确实让我们越来越喜欢。,[内饰],内饰因为我选择了加装包，座椅都是Nappa真皮包裹，舒适性和颜值都能让你得到满足，三联屏的中控屏设计又让零跑C11的科技感十足。,[续航],因为家里的充电桩一直没有安装，所以没有尝试过慢充，一直用的是国家电网的快充，快充毕竟电量有些虚，所以续航没法检测。,[空间],本人身高180，以前开的是斯柯达明锐，零跑C11的空间完全满足家用，前后储物仓可以放下很多家用物品。中控下方的位置有很大的储物空间，有一个原厂手机支架和手机无线充。,[舒适],[动力],200KW的电机功率加上360的最大扭矩，让2吨的车身驾驶起来是游刃有余。,[性价比],当时预算就打算是二十万以内，但是真的没想到零跑C11的配置这么全面，28个高精度感知硬件，其中一个双目摄像头，1个前向毫米波雷达，4个角向毫米波雷达，12个超声波雷达，4个环视摄像头，4个盲区摄像头和一个人脸识别摄像头。两个自研芯片凌,https://newcar.xcar.com.cn/5065/review/comment-429460.html,展开全部,,,[操控],零跑C11采用的是电机后驱，因为以前一直开的是前驱车，当时还有点担心后驱会不会操控会有些变化，加上4.75的车身，但是当你驾驶之后完全会适应它的驾驶模式，全系也配备了陡坡缓降。
"
    发表于  2022-03    

      
        
    
    
",舒适性：座椅轻微偏硬。 座椅舒适性：零跑c11的座椅稍微有些偏硬，但是在可以接受的范围。,https://image1.xcarimg.com/attachments/my/1/93/36/138_120.jpg,xuser1943613,三星会员,4.88,外观,5,内饰,5,续航,5,空间,5,舒适,4,动力,5,操控,5,性价比,5,购入信息,爱车车型,https://newcar.xcar.com.cn/m56545/,2021款零跑C11豪华版 三元锂,购入时间,2022/2/1,购车地点, [北京市],裸车价格,15.98万  (厂商指导价 15.98万),续航里程,480km,购入用途,在1月的时候一个偶然机会让我关注到了零跑c11，当我第一眼看到这车时，就被这个车无框车门及溜背造型C11优秀的机械悬挂配置以及充沛的动力和各种良心的配置吸引了。,爱车评价,[最满意],行驶质感还是不错的，车内安静，悬架较软，动力充足，家用足够，比自己的油车开起来舒服很多，高速在120码以下静谧性较好。空间整体感觉很不错，后排和后备箱空间足够用，而且还有一个前备箱，家人体验也都给出了比较高的评价。 车内的智能化也是中等偏上水平，人力语音互动反应较为灵敏。,[不满意],跑高速超过120码噪音声音稍微有点大，但是不影响，音乐开大点声就体会不到了。灯光有点散，在市区用没有问题，绝对够用。现在倒车影像有轻微卡顿。,[外观],无框车门及隐藏式门把手造型，贯穿式尾灯，车顶与车身双色拼接，整个车看上去很大气。,[内饰],内饰：车机使用比较流畅，人机交互识别较为准确。 多媒体车机：三连屏设计是亮点，人机互动反应灵敏，较为流畅。,[续航],冬天的开空调的时候续航基本是6-7折吧，春秋和夏天续航基本9折左右，如果脚法好可能会开出1：1的续航比例。我觉得电车冬季续航是北方的硬伤。,[空间],空间：无论是前排还是后排乘坐空间都很宽 乘坐空间：我身高185调整好驾驶位，后排还可以跷二郎腿。后排空间很宽敞。,[舒适],[动力],动力：动力充沛，电门随踩随有。 加速动力：目前大部分都是在市区行驶，提速能力在市区完全够用，超车随踩随有。高速跑的较少，待验证后在评论。,[性价比],性价比：零跑c11整体符合我的预期，这个价位能够享受到这个配置和驾驶感受，性价比还是很高的。,javascript:;,展开全部,[充电],我有家用充电桩，所以充电我觉得不是很麻烦，而且也没有关注过充电的速度，基本上从百分之20到充满8-9个小时就差不多了。,[操控],操控：个人感觉转向比较精准。现阶段倒车影像有轻微卡顿现象。希望后期ota可以改善。
