字段1_文本,字段2,时间,字段3
pxpjq,从23年9月份开始看车，因为是增购不着急，一直看到12月份。第一次去看极氪x老婆就喜欢上了，从此其他的车感觉都不香了，后面陆续看了几款车都被pass了。 正好年底有优惠，也比较符合我们的需求，一是车不大，老婆喜欢小车，车大了也不敢开；二是安全性，电车品牌里面极氪安全性的口碑还是比较好的，从开始决定买电车就决定买电车里面相对最安全；买之前最犹豫的是网上看到的各种小问题，需要氪服一下。最终还是老婆喜欢最重要，12月最后两天订了车。 本来想选白色，因为没有现车，不想等太久就改成了米色。现车基本都是米色、绿色这种限时免费的，估计以为大家都会优先选这个。 提车到现在开了1000多公里，整体感觉比较满意，精致的小车，加速和操控都挺好，充电也方便，家附近就有极充站。各种极物的配件质量也不错，就是有点贵。 然后各种小问题还是有，需要克服一下，无线充电经常报错，尾部日间行车灯经常关不上，罚站等等。瑕不掩瑜吧，希望可以经受住时间的考验,2024-02-29,长沙
嘉澍9527,考虑到停车方便，优先考虑紧凑型： 大众ID3: 内饰中规中矩，驾驶感觉没什么印象。 极氪X：纯电，内饰精致，主推四座版，内饰和零重力座椅，有意思的小细节是卖点，主打一个单身小资风，次顶配20w可以落地，小型车里不错的选择。 因为看完以上小型车。紧凑车里首推极氪x 考虑到空间和舒适度的问题，常规车型也有不错的选择，之前也看了埃安和比亚迪元plus，最后还是选择了极氪X。 8月2日正式提车谈谈提车体验提车之前都是与交付微信群沟通确定好提车时间，中午11点左右到了极氪家先有人接待到车让自己先验车，后面交付讲解，之后付尾款-上保险-当天下午就可以上牌具体讲一下那个保险～图省事儿买的店内推荐的人保，也有其他的保险都会给报价单。也可以自己外面投保(有认识便宜的话)。,2023-08-10,金华
Arthur990929,"挺好的小车，对目标客户群体应该是拥有过或者想要一台钢炮的车主，速度快开着舒服，操控不错。后排翻起来能放行李箱。
下面说缺点：
座垫短不适合男生，得自己买一个坐垫延长器。副驾不是特别舒服，尤其是零重力。后排空间腿部坐着不舒服有点。后备箱24寸箱子竖着放不下…可能我开三厢车开多了，还没习惯。车机脑瘫…
【维修成本】
12月去了趟4s店，冬季检测包用掉了，结果提示进行排水管修剪、门把手电机更换等免费服务，不知道算不算召回？主要去的原因是灯进水了，左侧转向灯。当时给的建议是能蒸发干净就不要换，我没搭理继续开。修好回来第二天在高架上，驾驶过程中突然前驱动电机爆震，随后路边停车，并在刹车时听到严重响声和震动，后联系极氪官方拖车救援，随车过去告知晚上8点后不给客户免费打车。第二天得知电机坏了要维修等配件，维修费用免费，维修期间每天300元租车补贴，官方不提供备用车辆。现在还在等修好，等修完了再评论吧。


【续航】
温州充满电顶着限速和山路到杭州，高速每公里21-23，城市14-19，四驱➕暖风30，以上为耗电度数。
【销售态度】
还行吧，比大众强哈哈哈。",2023-12-23,杭州
农用车爱好者,"绿外绿内，外观内饰没毛病，像个小甲虫，媳妇看完车就直接订车了，主要是她平时上下班用的多一点，周末就是我开，目前跑了5000，一般就是平时代步用不用它跑长途。
充电桩的话装了家充，没买极氪的，买了公牛。对于能耗也不敏感，也没跑过续航，有一次不小心充满了显示510。
辅助驾驶在北京二环那种长弯的时候不太好用，跟车超级远，可能觉得前面有车。其他时候基本没问题，有时候刹车会重一些。
走窄路的时候四面八方雷达都在响，新手的话会更紧张一些。

【最不满意】
车停一晚上以后座椅记忆混乱，会默认恢复到驾驶员一。
车门夹手一次，还挺疼，带着钥匙去拉副驾驶门的时候。
360环影，四个角稍微有点大，试驾的时候可以注意一下。停路口的时候感受一下它的环影，右前雷达脑子一般。右面轮眉需要注意（已经刮了三次?车技还挺好，媳妇刮了两次，小区里面被别人刮了一次）
后视镜不能单独加热，下雨多的话比较麻烦。现在我也不知道怎么开。
中央扶手那个无线充电，发热，一般都关掉。放手还不舒服。希望后期能出配件给堵上。?

【最满意】
双电机动力很好，车开起来非常轻快。
选了轮毂刹车，刹车非常灵敏，如果几个车切换开的话要适应一下。
后面有安全带报警能让所有人都系安全带。
座椅比较舒服，而且没选那个躺椅的话，座椅角度能更大。

【续航】
感觉续航还行，基本不跑远路，跑的多三两天充一次，上下班的话一天五十公里左右，一周充一次。
充电的话装了家充，所以对能耗不太敏感。
【驾驶感受】
底盘还挺好的，感觉很稳，没啥船感，颠簸很利落。
方向很轻，调成运动也比较轻，转向精准。
动能回收一直用标准，送油门以后拖拽感不太强，但有效减速。",2023-09-11,北京
稻香迷迭香七里香,外观可以说是我见过的车里的颜值巅峰了，我是外观党，看到的第一眼就爱上了这辆车，配置各种花里胡哨，充分满足了我的小资需求，价格也合适，就去试驾了，试驾之后更满意了，三秒多的加速尤其让我心动，兼顾运动与舒适，就是空间实话实说偏点紧张，毕竟是紧凑级车型，当然定位是SUV，也不至于太差，而且各种可以动的部件，大大增加了空间的灵活性和利用率，当得起魔术空间的叫法，而且66的电池，续航绝对不富裕，但背靠宁王的电池技术，能源技术过硬，电能利用率高，也没太有续航焦虑内饰的话，腰线以上豪华感拉满，腰线以下都是容易磕碰磨损脏污的区域，做成硬包比较合适，能够理解，可以说这个价位，除了空间需求，其他的都满足了我对一辆车的幻想，是我的心中之车,2024-01-05,青岛
Arjet249,刚上市就去看了，刚好附近商场里有，第一眼就喜欢，然后后续排队等试驾。 试驾也是两驱的，悬挂很软，不运动，但是我喜欢的那种，方向盘指向在运动那一档下指向性还行，底盘非常扎实。 车机的话我觉得算是流畅的，没有太多复杂的功能，我个人也不太需要。智能驾驶现在更新到可以打灯变道了，我觉得已经满意了，高速上面偶尔用一用完全足够，跟车三档距离调节。但是遇到过一次弯道比较大，也没有车，然后就加速过弯，有点危险。 续航电池的话我的是两驱的，自己家里有充电桩，三元锂一直让他不低于20%就冲，90%就停这样。电耗中规中矩，我使用舒适模式，动能回收最弱，失去电耗一般都是14，高速20上下。这里要说一下快充的电很虚，会导致表显明显很高，慢充就很实，所以在高速上面充了跑续航是还要打折的，平常家用20-90市区都是跑300km左右。 一些不满意的地方： 1、有一个一直没有好的小bug，空调调到auto之后老是自己更改成吹脚模式，然后选回其他的就退出auto…2、手机蓝牙钥匙体验一般，只带手机的话，有时候会出现说车里没钥匙，挂不了档。实体钥匙没问题，但是有时候走近的时候不开门。强调一下实体钥匙千万保护好，只有一把，然后我当时掉了，要去再配一个，一个是要配很久，另一个是极贵，690+50人工=740…. 3、车内储存空间少得可怜，后备箱也小得很，放两个小行李箱就没得满了基本，但是这个是看车时就已经知晓的了，但事实确实如此。 4、雅马哈音箱低音效果不明显，不太好，而且后座行李箱上面说有两个音箱好像没有什么声音。 5、夏天前挡风玻璃巨透巨热，然后最重要的是空调好像不太得劲，经过对比，调21度以下的感觉跟其他车子24度差不多感觉，不知道会不会对电耗不太友好。 6、车机网络前几个月经常上车没网，在某一次ota后稳定性大大提升了。 不过用车7500km快半年了，提车应该是第一批里的第二小批吧，用还是很满意的，用车里也有一些小惊喜。大灯感觉很亮远光也很好，进车库立刻就亮，灵敏度很好，可能家里其他车子没那么灵，感觉灯很不错。开起来一切都很好，没有过故障，不完善的地方也慢慢在ota变好，希望一切都越来越好。,2023-12-19,深圳
隔壁小Zzz,这个价位大品牌、浩瀚出品～双电机3.7秒，外观个性，内饰精致，配置拉满，空间够用，除了极氪也就smart3号，但综合还是极氪性价比更高，省几万充充电不香嘛😄/目前开了几百公里，悬挂确实软，但是五座的好像又比四座的要稍微硬点，不知道是不是错觉，但底子摆在这，如果喜欢激烈驾驶的还是建议换套避震吧，不然侧倾吓死你，正常舒适模式安稳点开百公里电耗15度左右，切换运动模式激烈一点20左右，个人感觉电耗还算低的，毕竟接近2吨的车重再加上双电机已经不错了，其他问题暂时还没发现，因为我选的蓝白内饰，所以平时窗户都不敢开，怕外面灰尘进来就乌漆麻黑了，还好新车没啥大的味道，就算暴晒完之后也是能接受的范围内，建议就买点炭包放放，找个干净点的地方晒一下基本就没味了。目前用下来没有发现什么问题，车机这块确实相比新势力差距明显，有一些功能还没有开通，用语音识别也只能识别一些基础的功能，还有开机速度也比较慢，希望极氪赶紧OTA解决，总得来说这款车优缺点明显，就看你更侧重哪方面了，但话说回来整车质感不管开起来还是静态绝对杠杠滴，是一部好车！,2023-08-24,常州
dragonflyer007,"【购车经历】
6月试驾了特斯拉y、小鹏G6、极氪X、蔚来ES6、宝马3之类的一系列车型之后，还是对极氪X这辆车念念不忘，于是就它了。
买这车，主要是我目前就我一个人开，而且基本都是市区通勤，而且公司楼下就有特斯拉和第三方的充电桩，所以主要看电车了。试驾了极氪X、特斯拉Y、小鹏G6，觉得Y有点过于简陋了，就pass了；G6的智能辅助、自动泊车确实牛掰，但是车身太宽，试驾的时候3次差点剐蹭上了（新手司机车感差），然后就选极氪X了。于是6.18下定，8.1到店。

【驾驶感受】
刚提车就出去开了200公里，整体驾驶偏舒适，加速秒杀路边油车，AR-HUD、防碰撞提醒、主动避险、360等智能辅助对新手还是挺有用的；方向盘转向有小幅度虚位，刹车点头，走环线修修补补的不平路时上下颠簸幅度明显。我朋友开宝马，试我的小车说刹车不线性，有点晕，但是对我花里胡哨的功能留下了羡慕嫉妒恨的高度兴趣。

【最满意】
1，开起来舒服，冰箱沙发大平板。
2，可玩性强，外观个性，内饰漂亮，跟朋友秀一秀零重力座椅、滑动屏幕、移动中岛、后排座座椅套翻折，还有躺在购物车纠结要不要买的冰箱。
3，味道散得贼快，跑2天就没有什么味道了，然后就剩下淡淡的香薰味了，点个赞。

【最不满意】
1，雷达白天很清晰，晚上挺模糊，没有激光雷达还是差点意思
2，刹车就点头，搞多了前排还好，后排容易晕。",2023-08-13,长沙
通勤小电车,"外观好，动力足，配置高，续航够用，尺寸还不大。这样的纯电小车充分体现了极氪的造车实力。

缺点就是悬挂偏软，不适合激烈驾驶，开快了后座容易晕车。 

其他软件小问题等OTA吧，不影响整体体验

更新续航：
现在夏天，温度30-36。日常跟着车流上下班，每天偶尔几次急加速超车，能耗基本显示在14-15，续航里程大概400km。每天通勤30km，正常开可以两周充一次电。 
高速跑120，极限续航也就300km。

更新缺点：
一次室外暴晒，车内温度接近50℃，空调开起来5分钟内基本没效果，还特别耗电…可能是空调高温下制冷工况恶化，这点不如燃油车。

目前车机主要bug：
1, HUD AR 功能经常自动关闭，需要手动开启。
2, 车机重启后，屏幕黑白主题不能自动切换，需要手动触发一次。
3, 360偶尔卡死在之前的画面。",2023-06-29,深圳
Limaimai,座椅偏硬，驾驶比较轻盈舒适，车机系统有待提升，经常无缘无故跟我对话，最不满意就是系统，不推荐去亦庄买车，更喜欢王府井店，如果我再次选择一定去王府井店购买，店里店员一问三不知，只有店长能解答我的问题。我是女生驾驶，能增加手机遥控停车入位就好了，有的地方真是车能进去，人下不来。第一次开电车还是有续航焦虑的，有点后悔没有买001，当时咨询了店里，城市代步哪个更适合，给我的答案是x，当然不差钱的前提下问的，所以听了店里建议，不如多花点钱买个大点电池的车，这个车从北京通州梨园开到天津滨海新区，往返是够呛的，途中如果不充电我怀疑很难跑回来，充电100条件下到滨海还剩53，点对点，不能去其他景点的情况。所以，必须要充电才行。手机充电贼慢，必须插线！,2023-10-29,北京
只想来一脚油门,外观方面 外观很特别，属于锁车后还能回头看两眼的那种（因为要看自动落锁到底锁上车了没有） 内饰方面 内饰做工设计有讲究，超纤绒顶棚摸着很舒服，这些玫瑰金的点缀太精致了，就是内饰整体中间偏下部全是硬塑料，硬的硌腿。 动力方面 动力不错，就是急加速状态时突然收脚偶尔会像油车换挡时的顿挫一样“duang”的顿一下。 续航方面 续航一般般吧，开舒适模式纯后驱时这个66度的电池却做不到后驱毛豆3那样的续航，不开空调15.5的电耗，开了空调18的电耗，不过来回通勤就七八十公里，倒是也够用了。 存在问题 车辆多处异响。先是座椅屁股坐的位置靠后面那儿一过坡只要车和人上下一跳动，屁股压到座椅上就会有咯吱吱的连续异响；b柱上的安全带高度调节装置只要车速上到80码，就开始了持续的低频共振；昨天开始出现了最严重的异响，具体我下面另起一段说明。 昨天早上我的x在开着空调行驶几公里后，前机舱里间歇性每隔一分钟就发出噔噔噔噔的巨大异响，犹如拖拉机发动声音一般。中午赶紧开到领克售后检查，被告知没有预约的话要把车放在那等候检查，预计要放置一周的时间，我说开车来这么远检查放到这的话回去打个车要很远，然后这几天都没车用，放到这检查那得给个代步车吧，工作人员说代步车没有的你自己看情况吧，我说没代步车我这几天因为车这个质量问题搁置到这上下班每天来回七八十公里打车交通费怎么算，售后表示他们也没办法，我说那麻烦你们先花上一分钟时间简单查看一下如果不影响使用我先开走预约上再来，售后也不给看，问就是回答一句 要看就排到最后下班再给你检查。 计划买车的朋友还是谨慎，这个车的质量还是有很多问题的，而且售后很难得到保证。 最后两张图就是异响发生的位置和领克店。,2023-10-29,乌鲁木齐
极氪X战警,外观好看，内饰简洁舒适，对比过smart、比亚迪汉、海豹、小鹏，我觉得极氪X设计得比较个性吧，极氪x的竞争车型应该是smart，感觉smart更适合女司机吧，那个小小的奔驰标也不是很在乎，我买这个小车没有买汉那种c级车是因为我比较喜欢这种小型操控比较好的车吧，家里有一台凯美瑞油车了。续航方面达成率近百分之七十吧，标续低了一些，但作为上下班代步车已经足够。OTA方面现在升级了百分之八十了，慢慢也会升级完成，完全成熟，反正够用了吧。底盘方面感觉过坑洼路面稍微还是有点颠簸，专业的词也不太懂。因为选装了20寸轮毂四活塞卡钳，刹车还是不错，本车是五座四驱，加速还是特别猛的，但是续航方面有折扣，当时因为看着比较帅就选配了，19寸足够用。外观还选装了自动门，说实话，也没必要，每次朋友坐车都不知道怎么开门，标配隐藏式门把手即可。车机5G网络，终身免费流量还是不错的，想怎么用就怎么用。说到最后这个车比较适合家里买第二台车城市代步使用，如果有喜欢极氪这个品牌或者这种车型的，可以直接拿下。,2023-10-22,贵阳
番茄炒蛋拌米饭,外观：就像香菜、榴莲、大腰子，喜欢的人就好这口，不喜欢的直接丑拒，仁者见仁智者见智吧。我和媳妇都觉得还是挺好看的，特别是杭青绿很有质感（图一），侧面线条流畅、帅气。 内饰：几种内饰颜色的风格都很不错，蓝白、紫玫搭配真是好看，但考虑到方便打理，我们选了黑灰内饰（图二）。内饰用料健康环保也是沃尔沃、领克、极氪的特征之一，让人放心。 配置：20w级别的车，纯电平台后驱，抬头显示，冰箱，电动门，雅马哈音响，前排通风加热，副驾按摩，后排电动翻折，可以说是配置拉满了。尤其是等人的时候，坐在副驾看着视频，打开座椅按摩，从冰箱里拿瓶冰可乐，多么的惬意（图三）。 空间：尺寸和元plus差不多，如果身高超过180，或者把它作为家庭唯一用车，那空间会比较局促，4座版更是不要考虑。但我们想要的就是尺寸不太大、方便停车的市区代步车，所以完全够用了。 续航：标称560km，主要是市区驾驶，能耗不高，最低到过百公里12度（图四），暴力驾驶也就16、17度左右，市区可以做到1:1。具体可以看懂车帝夏测、铁秀、大鹏快开车等媒体的测评。 智能化：车机卡顿、360卡死等问题暂时没遇到过，EVA可以识别并完成大多数指令，车机智能化水平比大部分油车强的多。缺点是可以安装的app较少，等等后续的ota吧。 驾驶感受：动力比较强，转向精准，加速有一定推背感，市区开绰绰有余。底盘偏软，滤震性表现不错，过沟坎比较干脆。80以下静谧性较好，80以上有一定风噪和胎噪。 总结：极氪X不像特斯拉和比亚迪那样的街车，它有自己的品牌调性，更小众但不必担心品牌会倒闭，尺寸不大但用料讲究，能耗不高但配置齐全，着实是一台好看、好开、又好玩的都市出行利器。,2023-08-03,北京
不愿氪服,能耗：目前驾驶8000km，15.9度每百公里，根据驾驶习惯。 车型：4座后驱。 其他费用：保险4100（非官方），玻璃+天窗贴膜3600。 用车感受： 1.车机系统。语音交互响应较快，但有些命令识别不了，有待继续优化。360影像形变严重，目前还未遇到黑屏的情况。车载音乐播放器音质不如手机app。 2.nvh。低俗表现不错，高速胎噪抑制不足。 3.续航能耗。后驱单电机足够城市日常代步，15.9度每百公里，有家冲桩一周冲一次，没有续航焦虑，比较满意。 4.驾驶感受。小坑洼悬挂表现良好，大的起伏路面，快速通过时，车身整体回弹明显，急刹车，点头明显，快速过弯转向支撑较好，悬挂介于运动、舒适之间，更偏向舒适的调性。虽然后驱，动力足够。hud用使用感受很好。 5.舒适度。前排有通风加热，副驾有按摩、零重力座椅表现优秀。后排功能一般，由于日常多是上下班，对后排乘坐要求也不高，座椅折叠，储物便利。 不足之处： 1.极氪的服务还需要提高。交付慢！一线销售服务工作人员与生产段对接不畅，app也需要进一步丰富订车后各个环节信息的反馈，车尾款都交了，app状态还是在准备，定车等待期间很焦虑。 2.车友群有看到某个工作人员与车主交流时，言语不礼貌。幸好我本人没有遇到这种糟糕经历。希望加强员工培训和管理。 3.车机系统，bug很多，灯光、座椅记忆保存不上，app数量少。 4.智能驾驶，nzp硬件不支持，lcc车道居中做不好，偏右。 5.自动泊车，车位识别能力差，耗时长，雷达盲区有刮擦风险。 6.手机app，蓝牙解锁车辆间歇性故障，看不了能耗、里程等基本信息，非常可笑。 总结：开起来不错，非常在意智能化和后排空间需求的就别考虑了。,2023-07-06,西安
牛过伦敦0,"【购车经历】
这是家里的第二辆车，购车需求很明确，小尺寸但内部空间要尽量大，所以一开始就看了ID3和海鸥，ID3看的时候还没降价，顶配将近19万，操控很好但内饰很对不起这个价，电耗也偏高，首先就PASS掉了，其次海鸥，外观尚可，尺寸有点太小了，试驾后直接放弃，噪音大，晃动多，搞不清是什么取向，必须要换轮胎和避震才能解决; 后来就不再看电车，转投油车，凯迪拉克GT4，沃尔沃S60等，期间又看了奥迪Q4，外观内饰蛮喜欢的，但配置实在太低，而且动力总成除了顶配外，和ID4是一样的，基本上可以看作是ID4豪华版，且4S店要强制分期才有优惠，直接PASS！(有一说一，底盘调教真的好)，偶然的一次逛商场，发现新开了家极氪门店，直接被x吸引住了，当即要求试驾。
【驾驶感受】
试驾里程大概十多公里，其中包括市区主干道，内环高架等路况，充分的把这台车的情况了解了一遍，我和对象都很满意，并没有车评人所说的特别舒适取向，还是蛮硬朗的，当然和那种纯运动向的小车比还是舒适了些，虽然是无框车门但隔音还不错，试驾的是四座四驱版本，动力猛，地板油甚至能把人牢牢吸在座椅上，但油门调教很细腻，不会有动力突然很窜的感觉，真的是踩多少有多少，而且无论什么模式，它都可以最大功率输出，区别只在于动力输出方式，从柔顺到暴躁的区别。因为车小的缘故，操控也尚可，甚至忘记它是一台SUV。没几天便敲定了，就它了！
【提车价格】
我这里有6000元置换补贴和3000元地补，然后有16000元选装包，毫不犹豫地选了轮毂套装，硬件要对得起这三秒几的加速，可惜轮胎是EC6，换条运动胎操控会更好。选五座是因为后排要用到安全座椅，且四座的配置对我们来说用处不大，车更多的还是当代步工具来使用。而且中间有头枕心里舒服🤣
【空间表现】
空间可以说是惊喜了，比GT4和XT4大太多了，凯迪拉克空间不愧是空间魔术师，但是大迪的隔音和底盘调教是要比极氪X好的，这点不得不承认。
【续航】
续航的话，本身电池只有66度，不要对它有太高期望，但纯电平台的车，一般也不会太差，现在还在新鲜期，开的有点猛，电耗在17千瓦，温度是-4至9℃的区间。日常通勤代步用，非常足够。出远门还有油车，再远还有高铁飞机。

从来没有这么喜欢过一辆车，所以提车后就直接拉去贴车衣了🤣",2024-01-08,济宁
板鸭车迷,"外观：非常有个性和辨识度，前脸犀利但没有太多攻击性，车侧线条很简洁，前后门比例基本五五开，车位很像老款的梅甘娜，但SUV的造型感觉比梅甘娜更好看。
内饰：最打动媳妇儿的一点，翻毛皮+多种双拼颜色的选择应该是这个价位独一份。看完极氪x的内饰基本上就看不上其他车了?。
配置：即便最低配也够高了，尤其座椅通风，吸风效果很好，也不会有银河L7压着风道的现象；24寸的ARHUD距离够远够清晰，没有畸变。不足：没有主驾腿拖，后备箱好像没有脚踢开启。
空间：前排没问题，后排中规中矩，但是坐垫太低，165以下坐着没问题。后备箱太小了，还没有父母的两箱福克斯大，如果能深一点就好了。
续航：开的动态续航，可能是刚提车，现在充满显示能跑450km。以后有变化会继续补充。
智能化：出现过一两次车机卡住，但不影响开车，白天有时显示的黑色背景（调的自动背景）。语音容易被唤醒，导航没有读秒，经常被导到不合理的路线，不如手机高德好用，希望5.0版本能有大幅提升。
驾驶感受：说实话，整体不如父母的2010版两箱福克斯。优点是底盘有高级感，小的震动能过滤的很干净，很整，底盘传上来的声音很小，整体噪音也小。动力没得说，路上超车很轻松，刹车也很线性，感受不到动能回收和物理刹车的切换。缺点是遇到大的抛跳感觉要飞起来，压过大的坑晃动也有点多，如果给这车配个可变悬架调节就完美了。还有低速挪车的时候速度不好控制，有点窜，建议开360的时候油门能调得柔一点别太灵敏。

补充一点，胎压对续航影响很大，官方推荐的最高和最低胎压下的续航差了差不多100公里。",2023-09-11,郑州
声音玩具车,除去油车不说，纯电车一辆毛豆3一辆毛豆Y，还有一辆毛豆X，开了好几年了，车没任何问题，但是看到被“弯道超车”的内饰，其他软配置，还是有点心动现在的新势力，试驾了极氪X后果断入手，我只想说一句，不是车大就好！不是车小就不值钱，24年了还用空间衡量价格的兄弟，你是认真的嘛，这个车不能说多牛逼，20万左右价格就很合适了，驾驶了1500km，对于一台紧凑型SUV来说目前一切都很满意，挑几个重点说吧。 1.价格及空间。很多人都说这么小个车20？？？疯了吧，其实这个问题老生常谈，我们中国人喜欢大，买房也一样，专挑客厅大的户型，客厅大就牺牲了卧室的空间，可是仔细想想，在客厅的时间多还是卧室的时间多呢？我认识的很多曲江的有钱人买房就一个要求，卧室一定要足够大，足够敞亮，所以说，买车买房不要追求大，你是买来享受的，不是买个大库房存东西，这个车确实不大，毛豆Y够大不，可以铺床睡1米83的人儿，极氪x的后备箱和储物空间完全都够用啊，完全没有局促的感觉，四座车型，后排坐俩人刚刚好啊，你一天天的要拉谁呢？总操心4座不够用，真正拉满的有几次？实在拉不下让他们再去开一辆车不行么。前排扶手箱很小，无手套箱，这俩确实是痛点，但当你使用一段时间后你就会发现，再多的收纳你也能填满，再少的收纳也不影响你正常行驶。 2.操控性。底盘偏软，这不是贬义，对比我的两辆特斯拉真的软，完全一种全新的体验。高速稳如狗，市区通勤也很舒适，转弯也很稳，这几天下雪，结冰路面上控制打滑情况不如特斯拉，这跟车重有一定关系，总的来说舒服，舒适，没毛病。 3.续航。冬天，零下，开空调，开加热，开方向盘，全开，高速，6折，低速，7折，脚法自认为不错的，毕竟特斯拉不给调整动能回收时期练出来的。市区跑出过个位数百公里电耗（主要太堵了，没办法），开的越慢越省电，常识。 4.音响。加装YAMAHA，就俩字，垃圾，听个响吧。 5.零重力座椅。真舒服啊真舒服，午休神器，但带的所谓的按摩其实就是傻不拉几的振动，忽略。 6.车机。第一次用8155，没想象中那么神，但配合市区通勤+短途旅行足矣。 7.网上说的小毛病。目前一个没遇到，什么电动门失灵，这那坏了的，一个没碰见，这个是概率问题，碰到就修呗，对于特斯拉，出问题直接喷，对于国产车，出问题给它进步的时间。,2023-11-25,西安
哎斯沃德,"优点: 外观超预期耐看，比之前在店里看展车更令人满意。黑灰内饰质感很赞，搭配氛围灯恰到好处。下定后没试驾，提车后开起来又舒适又稳（不晃），是我喜欢的调性，还没机会激烈驾驶，市区里走烂路完美。隔音比我的C11好，尤其是胎噪隔绝得好。大天幕防晒隔热效果一流，中午40度大太阳直射呈淡紫红色，目前觉得无需做任何防晒处理。

缺点:
1）副驾零重力座椅无法记忆你调的姿势，一旦展开零重力再收回，就只能回到出厂默认的样子，靠背过分后仰，位置也很靠后，每次都要手动调回来。

2）主驾下车关门后，全车立刻关屏关空调下电，哪怕副驾后排还坐着人都没用，乘客会觉得自己被锁车里了。问极氪管家说要每次手动去开驻车舒享，也就是主驾每次临时下个车都有心智负担，要记着这件事。希望能提供选项别帮我自动下电，我没锁车前都别下电，需要下电我会去锁车的。

3）我喜欢停止模式设为保持，也就是动能回收能将车速减到0。结果在保持模式下（动能回收设为标准），车子只要有一点坡度下坡，就会疯狂帮你急刹，脚只要稍微一松电门就给你急刹并hold住，跟平地时的回收制动逻辑（慢慢减速到0）完全不同。这就导致你下坡时得时刻轻踩电门，借一点重力惯性都是不行的，脚一松懈就给你急刹。问极氪管家说无解，让我用缓行，难得你一个电车缓行模拟做得比保持还正常哦。

4） EVA的语音控制还是弱，我说“副驾空调别对着人吹”可以，说“副驾空调别对人吹”就不行，就差一个“着”字。 另外不同用户的空调习惯还不支持保存。

5） 方向盘背后左右两个快捷键很方便，但现在支持的功能太少，连打开360都不行。方向盘下方那排快捷键每次按都要低头看准，肯定是没左右这两个快捷键趁手的。",2023-07-20,广州
一块猫猫糖,"【购车经历】
从id3看到星瑞再从星瑞下定放弃定金果断下定极氪X，中间确实经历了不少，虽然等车期间确实有些不满，但作为人生的第一辆新车我确实很喜欢，今天提车了，来写写初步感受

【驾驶感受】
单电机虽然只有5.8，不及试驾的双电机3.7，但是对于日常市区内超车加速已经够用了，动力响应非常迅猛，悬挂偏软很舒适但是急加速和刹车带来的点头抬头感也略强，底盘的整体表现对我来说还算不错


【续航】
目前在昆明市，今天最低气温最低4℃最高10℃，从交付中心出来以后100%电量动态续航在350公里左右，在开了将近60公里，全程自动空调加部分大脚电门以后电量剩余85%表显282，整体感觉来看动态续航的差异和实际还是比较准的，就是不知道夏季续航实测如何

【亮点配置：电动门】
因为之前坐朋友的第一代001，其电动门的体验真的一言难尽，因此对其有巨大的阴影，但无奈现车选装只有电动门而没有我想要的B柱包，所以只能将就。
先说一下感受吧，我默认关闭电动开关门，虽然上下车是采用手动+电机辅助的方式，但是按键/刹车电动关门的功能依然保留，而且手动推门检测到障碍物后仍能靠电机停止，防止视野盲区撞向障碍物，而且最直观的感觉就是对于识别障碍物的精准程度比朋友的001强了不少，缺点就是上下车效率减半，且后门没有全电动及电吸功能

【空间表现】
这小车的空间表现就不用多说了，极小，后排空间小，后背箱小，储物空间少，我一般也就一个人开所以还能接受，要是经常坐人或者拉东西的还是慎重考虑

【最不满意】
1.提车，明明是现车但是愣是让我等了11天才发车，作为急用车才定现车的这种体验真的闹心👎
2.钥匙，实体钥匙只有一把，抠搜的，你把你那蓝牙钥匙做好点也就算了，第二次不带钥匙开车就给我罚站是吧
3.减配，五座不是你卖点你减配灵动中岛和零重力座椅我都能接受，方向盘下面的快捷功能键你都给我减配了，这玩意成本很高吗？留一块大塑料你自己看看好看吗

【总结】
对于极氪本身的品牌我还是看好的，虽然现在极氪小毛病不断，但哪个车企的车能确保百分百没问题呢？对我来说它就是一两个人通勤出去玩必备好开又好玩的小钢炮，相信买x的都是这么想的，如果你追求个性而且也喜欢这类个性的小车，我还是非常推荐的，至于售后和车机问题，适当氪服",2023-12-22,昆明
熊猫超胖,"从7月18日提车，到现在，我们的熊猫快乐车已经陪伴了一月有余～在此从以下几个方面进行一次小结，与各位分享一下：

1.外观：银灰+大轮毂，颜值即是正义，提车以后愈发顺眼，愈发喜爱。
2.内饰：个人感觉还是很满意的，可移动的大屏幕灵动且不占空间，比其他车型中控+副驾屏的设计给人一种更开阔的舒适感，腰部以上的内饰材质都挺好，下面的塑料件咋说呢，看不见就不影响是这个道理吧～
3.1前排空间：前排乘坐空间很是宽松，座椅可调节的范围可谓是超出预期了，不过储物空间有所欠缺，只能说是凑合用吧，现在手机支架没有，就把手机扔在水杯放置口那里，毕竟苹果手机如果插到无线充的位置，开启充电呢，温度起飞，关闭充电呢，取用着实不大容易，而且充电面板旁边的金属装饰条比较容易刮花。
3.2 后排空间：我发现自己草率了，在我的设想里，狗子会很乖的坐在后排地台上，我只需要把一侧的椅子抬起来即可！实际情况是，两边的座椅均处于折叠状态的情况下，狗子还是会站到中间的储物箱上去，后爪抓着储物箱，前爪压住座椅靠背，好奇的向各个方向张望！！啊～～吾非狗，安知狗之骚TmT，流下悔恨的泪水后，狗子还是回归了它的圣所：后备箱。所以这个后排PET ZONE还是因狗而异了(///▽///)
4 车机：操作较为流畅，语音识别响应速度快，识别准确度比较满意。暂时还没有遇到卡顿，白屏之类的问题。不过也有几个小缺陷：
4.1每天第一次的开机速度，着实是差点意思，可能是有起床气咋的吧，反正15s的黑屏时间肯定是有的了。
4.2 极氪X的车机可能对我的手机名字不大满意，连接一次就要在后面加一次计数值，从（1）到（201）我都遇到过，蜜汁操作了，需要氪服！
4.3 界面白色/深色背景自动调节有时候会发楞，白天的时候会变黑，晚上的时候又是白底的，需要优化一波。
5.驾驶辅助：ACC和LCC都挺好的，跟车距离可以调节，范围也比较合适，制动十分线性，没有急刹的情况。在车道内的保持也还不错，但是小幅度频繁修正方向盘的情况还是有些明显（对比车型：s90）。HUD清晰度和指示的准确性也都是好评！有了它基本不用看主屏幕了，降低瞟一眼带来的风险。
6.能耗：在35度，3档24度ECO的空调+座椅通风的基础条件下。城市道路平均速度25-30，佛系开，能耗13-15的样子，快速路或国道60-80，大概能到13，高速ACC设定115-120，电耗在17-18之间。
7.驾驶体验：
7.1 铺装良好的沥青路面驾驶质感满意，小坑过的也比较利索，但是在过大坑或减速带之类的时候，车辆晃动的幅度比较大，有些晕乎，整体偏软了。
7.2 车辆加速我觉得单电机足以胜任，加速十分线性，动力随叫随到，让我很有信心。刹车方面好像前段有点软，不过我一般都是配合低动能回收，较远距离就让车开始滑行了，可能是开了电车以后激发了我的抠门属性吧。
7.3 车辆在过不平整的水泥路面或乡镇路面时，后排有较为明显的异响，具体位置不明，不知道3000km检查的时候极氪家能不能帮我查明原因，有点不大能氪服。
8 其他方面：车辆落锁的设定有点迷，总怕被夹手，我遇到的情况是，把充电枪拔了并放回线回架的前后20s时间，且人距离车不超过2米范围，等我回头想上车的时候，车门已经落锁了（携带的是手机，没带UWB钥匙），所以我希望能改成只要人在车辆附近，车会一直保持不上锁的状态，这样安全性和便捷性都不受影响。


总而言之，极氪X各方面我还是满意的，一些小细节可能需要氪服一下，祝极氪X的进化越来越好用，越来越全面！",2023-09-10,宁波
七点发车,极氪X这个车的口碑是两极分化的，仅从我试的这辆入门版的5座车型来看，确实有很多不尽如人意的地方。最满意的还是质感吧，外观部分的无框后视镜，无框车门这些还挺高科技的，内饰的用料做工和10万出头那些国产车相比确实精致很多。最不满意的点在于它低配的配置实在是太低了，亮点配置比如灵动中岛、可滑移的屏幕之类的都没有，这就让这辆车失去了它的竞争力。如果单纯是比空间比舒适性，它甚至不如12万的云朵。后排的空间相对较小，加上车窗无法降到最低，所以还是有一定的压抑感。电车的保养价格不贵，续航这一块的话适中，没发现掉电很严重的时刻。总的来说，是精致的小车，有钱人的玩具，和性价比不沾边，低配甚至没啥亮点。,,
汽车甜甜圈Report,极氪X把自己的兄弟smart精灵1号有点打懵了。不知道之前来不及等精灵1号交车的人，有多少跑过来看极氪X。体验时间不多，半天而已，所以简单谈谈自己的看法： 优点：1、电车风格的外观，个人觉得跟精灵1号比，极氪X要更中性一点。车标好看的，另外，有多少人跟我一样，更喜欢升级后的油车风格的轮毂？ 2、B柱上的互动屏我觉得是亮点，虽然可能大部分人可能不会选。首先，有屏之后，去郊区运动的时候，可以不用带手机钥匙之类碍事的东西了。照个脸就可以开车门。其次，我觉得这个屏未来可以是车跟其他人的交互窗口，比如：智能AI可以跟对这个车感兴趣的人交流，甚至把自己推销出去…… 3、用料上面确实也不差，对得起这个价格。 缺点： 1、手机无线充电容易热啊，降温措施不够理想 2、大天幕虽然太阳直射不晃眼睛，但是其他没有天幕的车子来说，车内温度变化还是要更快一点点。 3、我对吉利的车机没有信心……还需要时间来证明。,2023-05-22,
豪仔说车,"前几天闲来无事逛悠方看到了极氪直营店，卧槽第一次看到极氪X实车，是真的有点漂亮，之前刚刚发布的时候就觉得小巧精致运动感十足。

到都到这里了，虽然平时脸皮薄比较社恐，但是看到自己喜欢的车，还是冲一把。买不买不重要，试驾一手问题不大吧，哈哈哈。

进店之后有小哥哥热情介绍，然后在店里主要坐在车内静态感受了下内饰以及舒适性。这个一辆四座版本的展车。

内饰给我直观的感觉就是简约高级有质感。超大的可移动的中控屏功能集成度很高很丰富，简单试用了下也很流畅，并且可语音控制。据销售说可以用四川话语音，但是没试过，哈哈哈。但是由于开习惯了油车没有实体按键感觉不太适应。

中央扶手可向后移动让出一条通道，主要能方便主驾从副驾下车，至于其他场景还能干什么就看大家需求了。

在前排座椅调到我舒适的位置时，后排空间我坐上去膝盖距离前排座椅还有三拳距离，很宽敞，当然可能是我腿短，哈哈哈，我身高体重171 152

静态看完了就办理了一下试驾手续。运气好刚好有现车不用等。试驾时还发生了件尴尬事，因为这是我真正意义第一次开电车，我居然不知道电车不用启动和关闭，只需要开锁解锁就可使用。

我还知道了原来电车的那个低速提示音是可以关闭的，每次在路上听到那个低速提示音都好难受，可关闭这个设计还不错，哈哈哈

试驾主要是在一条快速路跑了10公里左右。方向盘支持转向手感调节，我个人喜欢运动一些，所以把转向手感调的重一些。

经过颠簸路段路感还是比较清晰，但是整体舒适性还是不错，没有很颠的感觉。

加速方面，试驾的单电机版本，官方百公里加速5.8秒，我就没条件测试了，我就在开阔路段以运动模式尝试了地板电，推背感十分强劲，爽是爽，但是建议少这样开，太危险。平时就用舒适模式就够够的了，续航还长些。

还有就是控制电门时每次松开都会有动能回收在减速不太习惯，动能回收也不能完全关闭，只能控制回收力度。

因为开的时间不长，整体开下来的感觉就是这是一辆舒适中带有一些运动基因的家用车，整车小巧紧致很漂亮，空间也足够大。驾驶感受和油车很接近。如果有20w的预算，这辆车是个不错的选择。",2023-07-26,
丁丁说车,"极氪X，一台网红车，有人嫌它贵，有人说它香，下面就谈谈我对它的看法。

【贵还是不贵？】这个问题需要辩证的去聊，嫌它贵的人可能预算将将够到海豚、AION Y这类十几万的小车，觉得这些车和极氪X相比空间差不多，配置差不多，我就日常代步，不要那些花里胡哨的功能和动力，所以觉得极氪X卖20多万毫无性价比。而觉得值的那帮人可能本身预算就挺充足，但又觉得同价位的BBA入门级车太LOW，买来怕被人说没钱硬装的闲话，再或者是像上海那样买电车能送绿牌，便宜不捡白不捡。你说这两批人谁错了吗？谁都没错。
【设计】不可否认极氪X是一台相当有设计感的车。前脸凶悍中带着精致的设计风格很讨年轻消费者的喜欢。侧面无水切的设计，无框车门、按键式开关电动门都是时下最流行的配置。尾部的精致感稍逊一些，路上看有些小气，如果白天ZEEKER的字符能点亮，那就更帅了。内饰的精致感很棒，能用手摸到的地方几乎都是软的。车内的重点在于可移动的中控台和中控屏，配合副驾的女王座椅，能让副驾的那个TA超级享受。作为车主的你也可以在等娃放学、女朋友化妆时挪到副驾看看电影消磨时光。车内其他方面的设计也比较精致，比如玫瑰金的挂钩以及设计感出色但不太好用的车窗升降按钮。
【空间】整台车的空间表现不算特别宽裕，不如AION Y。但也属于完全够用的范畴，以我190cm的身高来看，后排也不会觉得局促。
【驾驶】从宣传层面看，极氪X是一台运动小车，但实际上除了它出色的加速能力之外，整台车的调性依旧是偏舒适的。悬架调校的风格和极氪001一样，软韧有厚重感，经过长波起伏路面时还能感觉到轻微的余震。另外整台车隔音也非常出色，时速110巡航的时候车内像是其他车开时速80的NVH水平，足见这台车优秀的气动设计。转向手感不错，阻尼的随速随角度增益线性，属于好开易上手的类型。顶配版本由于选装了前四活塞刹车卡钳，刹车初段有点贼，不太好控制，期待在上市后能够改进。
【总结】总的来说这是一台堆料堆满的小车，不论是性能，还是整车看着、摸着以及开着的质感都绝对是这个价位的上乘水准。就看上市后极氪能否把工程车上的那些小BUG全修好吧。",2023-06-01,
吃垃圾的小熊猫,我不是专业的车评人，没有什么第一手的资源，所以在极氪X的发布会以后，才有机会接触到这台车，发布会的内容让我对这台车很感兴趣，这周末也是第一时间去看了实车，虽然我没有下定，但我的家里人下定了，我也勉强算半个车主，简单聊聊我对极氪X的真实感受。 【试驾经历】 首先说说试驾的经过吧，实际上并没有正经开车上路，因为目前店里还没试驾车，只有一辆展车，是一辆杭青绿，颜色方面我更喜欢玄米色，内饰也是纯白的比较好看，有种很精致的感觉。极氪的服务一如既往的不错，又是咖啡又是小零食，销售细声细语，听着很舒服不过，虽然店里人不少，但是并没有很乱的感觉，试驾完以后也是让家里人下定了。 【乘坐体验】 第一次在A级的SUV上感受到零重力座椅，讲实话还是不错的，就是主驾一没按摩二没通风加热，区别对待过于明显了，不过毕竟成本在那边，而且主副驾之间来回很方便，这也就能理解了，座椅坐着还是很舒服的，填充物很扎实，支撑性很好，不像我自己的001，是有差距的，可能也是极氪听取了001车主的反应，从而做出来改进，这一点在009上也是有体现的，不过009毕竟是50万的MPV，也不是很好比较。 还有一个亮点就是X的可移动屏幕，说实话我对于车里全是屏幕是不感冒的，我不喜欢大联屏的设计，也不喜欢太多的屏幕，这也是萝卜青菜各有所爱，但是这个屏幕可以滑动的功能还是蛮新奇的，就我开车的经历来说，确实在开车的时候是很少回去看活着点击屏幕的，用的最多的也就是导航了，不过这个车有ARHUD导航，正常来说是完全够用的，这样主副驾可以充分利用屏幕，挺好的设计，能够感觉极氪确实是用心在设计了。 【空间表现】 这个车的空间确实是一个亮点，前排可以前后移动的灵动中岛，可以拆卸的杯架，现在买车就送的中岛冰箱，后排可以向上翻折的座椅，空间表现方面确实不错，可以称的上是魔术空间，我的001后排都很少坐人，更不用说这辆车的后排，所以这种设计对于车主来说确实很棒，也很贴合现代年轻人的用车习惯，一对小情侣加一只宠物，短途的踏青出游，非常到位，这也是都要归功于极氪浩瀚架构的纯电平台，比同级别车辆更大的轴距，带来了更加舒适的乘坐空间和体验。 【驾驶感受】 这次试驾并没有正经开过这辆车，但是官方的介绍，3.7秒的加速，加上这么小的车，驾驶感受一定不会太差，等有试驾车之后再去感受一下，反正001的驾驶感受对我而言还是不错的。 【提车价格】 这辆车的价格在发布会之前我预感是16.8万起售，但我印象里这就是丐版的价格，但随着发布会的不断深入，我感觉顶配的价格应该在26左右，低配在20左右，但是最后公布的价格确实有点出乎一辆，很多东西都是全系标配，只有很少的选装选项，哪怕全选了也不超过25，正常情况下20.98的配置完全够用，何况现在还有8000元的选装优惠，还送冰箱脚垫啥的，只能说很到位了，想想我这个001，我就觉得有点被嘎韭菜了，但是车嘛，尤其是电动车，在这种配置上有进步我觉得也是正常的，总的来说，价格完全可以接受。 【续航】 这辆车的续航是500多，和我的极氪001续航差不多，不跑长途完全够用，像我每天上班随便找个插座随车充，非常方便。 总的来说，还是很推荐的入手极氪X的，正常代步买个后驱版完全够用，就内饰，用料，车身，驾驶质感来说，同级别鲜有对手。,2023-04-16,
咸车,作为多数用途为城市代步的电动车，我认为尺寸太大反而是负担，所以一直以来对这种小尺寸的两厢纯电车情有独钟，那么极氪X的产品力怎么样呢？ 【外观】 虽然官方给极氪X定位为紧凑型SUV，但是它的空载离地间隙191mm，比同平台的SMART精灵1高10mm，但是比领克02低10mm。所以说不要认为它的通过性很强，选择路线时还是要特别注意。 无门把手、无框车门、无边框后视镜，无边界的设计看起来整体感更好，但是后视镜日常驾驶磕磕碰碰在所难免，无边框的设计会不会更容易碎边呢？还需要时间来验证。来看车侧，这台极氪X搭载20英寸锻造轮圈+Akebono四活塞卡钳大尺寸打孔盘，不过要选装，费用16000元。建议选，毕竟动力强了制动力得跟上，轮胎也会换成静音自修补轮胎。 【内饰】 这台四座版本，让我理解了什么叫新奢，就是紧凑级SUV也能给到乘客行政级轿车的体验。副驾采用零重力座椅，平时打个盹也能给到不错的体验。划移屏，一屏两用，但是我一直在想会不会影响安全气囊的使用。最后为什么提到新奢？因为20万的价格，有座椅通风、甚至还有按摩。什么？这还不够？那再加个冰箱怎么样呢？随时随地的冰可乐，冰激淋，满不满足？这在同级别可以说是独一份的体验。 【后排空间】 如果说前排很享受，后排的体验就不尽人意了。四座版本车型堪堪能坐人，五座就只能是挤地铁般的体验了。因为1836mm的车宽，真的给不到让人满意的横向空间。 【动态】 四驱版本车型，零百加速3.8s，在电动车时代，这个数据不算出彩，但是如果放到燃油车中，哪个钢炮能有这样的零百加速呢？那么四驱版本就值得购买吗？我认为整个底盘质感，不适合激烈驾驶，新车的定位更适合两人一宠，悠哉悠哉的生活节奏，而不是一个人无情的穿梭在城市道路中。 【总结】 最后给到选买建议，对于这样一台城市代步紧凑型SUV，我认为续航更值得关注，不如选择20.98万元的后驱YOU版，CLTC工况下纯电续航560km，要零百加速意义不大，城市通行能给你几次地板电的机会？不如多跑几十km来的实在，甚至价格还便宜2万元。,2023-04-28,
郝车来袭,"导语：
假如手拿20万左右预算想购买一辆大空间家用SUV，相信您能挑选出不少备选车型，但如果是作为家庭第二辆车且要求是超个性的豪华SUV，您又能想到谁呢？今天的主角恰好满足了您的需求，它就是刚刚上市不久的极氪X，2023款极氪X共在售四款车型，分别为两款4座版和两款5座版，售价区间为18.98万~22.98万元，那么新车都有哪些亮点和槽点呢？

品牌：
极氪品牌隶属于吉利汽车旗下，主打全新智能纯电汽车品牌，2021年4月，极氪品牌首款车型极氪001正式发布，新车一经上市便受到了不少年轻消费者的追捧，随后极氪009的推出，又在中高端新能源MPV市场占领了一席之地。时至今日，极氪X又开始向炙手可热的新能源SUV市场发力。根据销量榜显示，2023年6月，极氪品牌共交付10620台，同比增长146.9%，那么您觉得极氪品牌如何呢？

造型设计：
不得不承认，极氪品牌已逐渐形成了自己独特的家族式设计风格，极氪X同样基于SEA浩瀚架构打造，犀利的大灯与车头线条巧妙地融为一体，同时彰显新能源身份的封闭式中网集成了分体式大灯、前置摄像头以及通风口装饰，使其前脸设计简约而不单调。侧面则通过大量筋线勾勒出型面立体感，悬浮式车顶也营造出年轻时尚的感觉，隐藏式车门把手不算新鲜，但无把手的SUV您又见过几辆呢？极氪X是通过按键开启车门的，是不是很有想法呢。相比前脸，尾部设计并没有那么令人惊艳，但依然把精简发挥的淋漓尽致，贯穿式尾灯既融合了品牌LOGO，又与后车窗完美衔接。总体来说，极氪X的辨识度还是相当高的，根据官方透露，新车将提供巴黎玄米、雅典云白和杭青绿等六种车身颜色可选。

内饰配置：
新车的内饰风格依然延续了极氪品牌简约豪华的设计理念，大量软性包裹和搪塑工艺覆盖整个内饰，甚至连车顶和门柱等细节都采用超纤绒面料包裹，尽显豪华气质。内饰布局并没有追随当下新能源车超大联屏的一贯风格，而是采用了一块尺寸为14.6英寸且看似普通的传统中控大屏，但其实内藏玄机，郝哥使用过比亚迪的360度旋转大屏，见识过长安深蓝的左右可转大屏，还了解过智己LS7的升降大屏，但像极氪X的这种可通过手势控制进行横向滑移至副驾的“移动大屏”还是首次见到。与此同时，造型复古的方向盘样式按键布局也很新颖，并在下方设计了触控快捷键（Touch Bar），相比之下，8.8英寸全液晶仪表盘算是车内最拉跨的设计了，好在清晰度还算不错。当然，全系标配了AR-HUD抬头显示，显示内容非常丰富，日常驾驶中可能比仪表盘使用率更高。

空间：
作为极氪品牌第三款车型，极氪X终于进军SUV领域，而处女作直接瞄准了竞争最为激烈的紧凑型SUV市场，不过从视觉效果上看，郝哥感觉新车更像是介于两厢车与SUV之间的定位，车身尺寸方面，新车长宽高分别为4450/1836/1572毫米，轴距为2750毫米，其中4座版本中央扶手箱可支持前后移动并选装温冰箱，也为此摒弃了传统的中控地台，不仅方便了前后排乘客更灵活多变的储物空间，是不是又有种某些MPV车型的既视感。座椅方面，一般4座版车型会照顾到后排乘客的舒适性更多，但实际上只有电动向上折叠功能是个加分项。反之极氪X将副驾驶位置作为了重点，新车配备的4D云端零重力座椅支持22向电动调节、包括加热通风按摩一应俱全，妥妥的女性专属。此外，无边框车门相信也更符合年轻消费者的青睐，后备箱空间比较规整，还可通过后排座椅比例放倒进一步提升装载能力。

动力：
虽然极氪X仅在售四款车型，但却有500公里、512公里和560公里三种续航可选，新车全系均将搭载66千瓦时的三元锂电池，其中单电机版电动机总功率200千瓦；电动机总扭矩343牛·米，前后双电机+电动四驱版的电动机总功率315千瓦；电动机总扭矩543牛·米，零百加速仅需3.7秒（最快）。值得一提的是，充电口位置设计比较隐蔽，快充时长官方暂未提供，不过已知新车将配备直接式热泵系统，能够大幅提升冬季续航表现。

导购：
2023款极氪X在售四款车型中，最低配后驱ME版和四驱YOU版均为5座车型，差价在2万元，除了双电机和电动四驱系统，还新增了方向盘加热和雅马哈音响等少量舒适性配置，因此如何选择还是看您对动力是否有更高要求。巧合的是，相比再高一点的后驱YOU版 4座，预算同样相差2万元，但这次主要提升的却是黑科技配置，例如后排座垫电动翻折、电动滑移智慧屏、4D云端零重力座椅以及智能灵动中岛等等，如果郝哥选择可能会偏向于后者，毕竟更多的“可玩性”才是极氪X的最大卖点，何况续航里程还能再增加50公里左右，当然如果想要动力和黑科技兼得，那不如直接上顶配四驱YOU版 4座即可。

总结：
至于主打消费人群，无论是4D零重力座椅带来的舒适性，还是后排座椅向上折叠更便于携带宠物出门，郝哥分析新车会更适合那些年轻的女性消费者们。",2023-07-12,
传说中的狗蛋,感觉极氪销售思路主要靠骗，购买以后就不把你当人看了，新出的车型各种问题频现，三个月跑了五次4s店，各种问题还没解决完！目前我7000公里主要遇见如下。 1.充电功率异常，更换了充电口 2.刹车片防尘罩设计缺陷，异常进物，车辆无法使用 3.冰箱发热噪音大，基本没有用的意义 4.无线充电发热极其严重，切速度非常慢，没使用意义 5.音响低音破音直接劈了，因为是偶发，给我的回复是偶发故障不用担心。。。意思就是氪服一下 6.hdr抬头显示模块里面有螺丝掉出来一样，来回动的杂音，也是偶发，过减速带有时候会响半天，卡住到哪了就不响了 7.主驾车窗玻璃升降，还有充电口盖开关，偶然出现呲呲的异响 8.电池衰退有点太夸张，刚提车一个月正常开差不多400公里续航，现在开到7000公里，跑高速120定速巡航，不开空调！不开空调！满电只能跑两百多斤里！ 9.售后也是非常有意思，修车超过6天以后才给车补，我寻思买的新车，不停的出问题，就不说我跑这么多趟4s店浪费我多少时间了，光打车也几百花了，车补都没有的 10.转弯半径巨大无比，这么短的车，掉个头真费劲，车辆支撑太差，侧倾严重，完全不敢暴力驾驶 11.新出的车型，两月降五万，车价才20万！只能说这个车是出新失败了 最后说说优点吧 1.外观，喜欢的人是比较喜欢的，我也喜欢这种小钢炮的感觉才直接买了 2.双电机版本直线加速，实测4秒，还是不错的，同样就是避震支撑差，这么快的加速度，底盘匹配不上。 3.还是避震，平时开很抖，颠簸，但是过减速带表现还不错的，高速通过也不会跳起来,2023-11-15,西安
老颜的车世界,"小车很猛，推荐单电机版就好，车内设计有花心思，但车厢下半部分塑料感比较强。

1、车机智能，好用，和001等一样，一目了然。
2.车内空间多变，满足不同需求，连狗都照顾到了，早期特斯拉也有狗的设计，过得了不少养狗人士的青睐。
3.单电机够用，双电机暴躁，不过可以调节响应程度，女生开选慢慢开，男生开选激烈驾驶。
4.细节品质一流，针对爱美精致的人士设计。
5.外观颜色高级
6.和精灵1比，x更良心，后期没有收费的东西。
7.座椅比较短，久坐可能会比较累
8.电池安全可以放心，极氪0起火

20万的价格，小车个性化比较强，彰显个性和主张，灵活好开，适合城市拥堵路段或老城区开，得心应手，推荐。",2023-06-16,
合车社,极氪X这个外形谁看了不迷糊，当然我选车的理由还是挺感性的，我就是被这个设计打动的，我会愿意去为这台车的设计、这种调性跟质感去买单。其实我问过身边的人，基本都是一致好评的，尺寸小巧，看起来很精致...无门把手设计，这个虽然是选装的，但我建议大家选，8000块。还有这个后视镜是带着镜片一起旋转的，成本可不小....这个轮胎我个人是更喜欢20寸马牌轮胎，它有空腔海绵+自修复的功能，之前在劳斯莱斯见过，所以它的选装费用也不低，要1万6，大家慎选。尾箱盖板也很有意思，不用的时候能贴在座椅靠背上，而且下面还有螺丝孔，加四条腿就变成一张桌子，再拿个帐篷往这一挂露营神器啊。来看一下这块屏幕有什么功能....360全景影像、座椅通风加热、座椅按摩/零重力座椅只有副驾驶有。大量APP，车外声音...伸缩挂钩、中央扶手前后移动......中央扶手后面是个冰箱，最低到零下12度，放饮料可以。这张座椅也是内有乾坤，坐垫电动翻折，坐垫下方写着pet，可以放小狗和一些高的物体。中间这种坐垫其实里面是个储物盒，打开之后有四个螺丝，拧开之后能把盒子整个拆掉，让后排变成一个真正装载大件物体的空间。这台车四驱版有428匹马力，最大扭矩543牛米，跟一台AMG A45S差不多，但是A45百公里加速3.9秒，这台只要3.7秒，对于我来说确实有点动力过剩了，这个价格你能买到那些入门版的BBA，但是整个质感跟这台车比不了。,2023-04-27,
泽英布鲁克,颜值较高的精致都市小车， 【最不满意】 车机软件BUG较多，车辆品控有待加强，软件OTA版本升级较慢，实用性不切合消费者心声！,,芜湖
家慧边,对于一个人或者两个情侣日常生活空间和日常使用场景非常足够。在东北有地下家桩，更加省电方便。各方面都是完美的车。但是对于没有家桩，或者家庭成员很多需要大空间的车主，可能会觉得差强人意。,2024-02-17,大连
MASIWEi,动力强，外观时尚，科技感十足，空间较紧凑，悬架调教偏软，过大坑时船感十足。平时家单位通勤70公里，大部分高速，LCC辅助驾驶使用感觉良好。 【最不满意】 有时保存好的车主数据会突然清空恢复出厂设置，比如后视镜翻折角度。 自己购买随车充电器功率1.6kw十五小时充满 家门口直流充电站功率120kw四十小时充满 【最满意】 等红绿灯时一骑绝尘的感觉，看着后视镜里其他油车慢慢悠悠提速，自己远离他们，有种莫名的爽感。,2023-09-15,兰州
小行星宇宙,"【最不满意】并没有配前期宣传的矩阵大灯，有点虚假宣传的意思了。我个人比较重视这个配置，因为它在夜间乡镇道路上非常实用又好玩，能体现一辆车的高级和智能。

【最满意】外观气场强，内饰精致，动力超级给力

【动力表现】超级给力

【购车经历】一直想买个小点的电车，好开好停适合城市通勤，但是豪华感、配置、动力、驾驶乐趣一样都不能妥协。smart巴博斯限量，没赶上；极氪001底盘封神，安全性高，但是车太宽了，忍住没下手。极氪X一出现感觉就是它了，价格还比smart便宜了不少。",2023-07-12,沈阳
Brannnn,"外观内饰可以说非常的主观，极氪X自从发布以来我就很喜欢这个设计，等到优惠足够打动我才终于下了单提车🤓

【驾驶感受】
开过的车并不多，总体感觉舒适性良好，隔音虑振都能满足我的需求。
【续航】
官方标注560km，实际跑下来在城市快速路偏多的情况下基本能有450km左右，如果不开空调应该还能再多一点但也就是这样了。
【最不满意】
后备箱有点小，平时使用的话逛个超市什么的肯定是够用的，但是出去露营带的装备多的时候就需要放倒后排座椅了。
【智能化】
极氪的车机大家都说不太行，我自己体验下来觉得我的日常使用需求都能比较好的满足，三个礼拜下来也没有遇到什么问题。和行业顶尖选手肯定是没得比，但也算是及格了。",2023-12-11,深圳
靓仔jo,【购车经历】 家里有好几辆比较大的车了，而且都是沃尔沃。所以想试试新能源小车。正好极氪出了极氪x，首发订了四座四驱选配自动门和b柱交互。 【驾驶感受】 属于是比较舒服的了，加速非常夸张，但是电门是非常线性的。变道的时候感觉在开小船。 【续航】 提车开了8000km，大部分都在高速上，电耗在17-20之间，城市路电耗13-15。 【最满意】 外观和内饰没得挑，功能和性能也很好 【最不满意】 空间比较小，存储空间少。最烦人的是这个车机，三天两头出毛病。lcc自动变道什么玩意，不会做你干脆别给，而且那声音怀疑极氪的人压根没自己试过就把声音加上了，关闭后重启车机还会开启，在高架上打灯变道差点被吓死。蓝牙钥匙概率性罚站。售后一般。刚买没几个月变相调价。你厉害，我给你大拇哥👍。,2023-11-09,北京
David ,整体这辆车从外观到内饰还说的过去。内饰空间灵活度是亮点。内部空间因为造型设计妥协了很多空间。续航水平一般，23年该有的水平但不优秀。智能化就别谈了，车机水平绝对是垫底的水平，一点一点等着优化吧。毕竟半成品的口碑也都打出去了。驾驶质感属于柔软的一塌糊涂。遇到发的起伏路面，车尾有多余的左右摆动，虽然自己能控制住但是感觉也很不安！！细碎路面又不能过滤，传递的很直接，需要适应。,2023-11-22,北京
ADXXX13,"【购车经历】
没看X之前，我和老婆兜兜转转看过很多车型，从来没看过纯电，从比亚迪宋pro，宋plus，银河L7，最后试驾完深蓝s7本来一直锁定深蓝的，试驾了那么多车也最满意s7，质感不错造型不错，后来一次偶然间闲着没事去逛极氪，顺便试驾，被销售一句话攻上了心头，本来之前是有一丝丝里程焦虑的，销售说  这车实际续航400公里，你都开了400公里了停下来充个电歇个半个小时四十分钟怎么了。从哪以后就开始看电车。
【最不满意】
蹦石子?蹦的心慌，蹦的难受，还有就是转向幅度太小，虽然车小，但是转弯半径也没有很小，有点不符合这个尺寸的转弯半径，后视镜也有点小
【驾驶感受】
开起来非常舒服的小车，滤震很棒，底盘很舒服
【续航】
冬天电器用量大，续航掉的多
【空间表现】
没有手套箱有点很不习惯，后备箱够用",2023-12-15,合肥
GoFight,优点不说了，很多测评说得很清楚，唯独吐槽一下车机。自动大灯设置后等下次再启动车，大灯就变回默认关闭状态，还得再选自动大灯；隐藏式门把手老报故障，但没发现故障，过会儿又不报了，误报还是真有问题搞不懂；就算钥匙和手机钥匙留在车内，只要下车一关主驾车门就熄屏锁车了，空调也自动关上了，车内还有人了，很无语，倒不至于锁车里，车内还是能开门的；转向就算调到运动模式依然很轻，太轻了；续航说不好，因为现在天气忒热了，温柔开电耗最低17.1，最高22.8，都是运动模式，舒适模式没用过；360全景随转向开启有时会闪退，希望下次ota升级都能解决吧。开始说说友友们较为关心的几点：1、能量回收设置弱，几乎没拖拽感，和油车滑行一样，体感不错，设置中就很明显的拖拽感了，有点晕，设置强很像单踏板模式，刹车力度极为明显，很不适应；2、悬挂并不是很软，很有韧劲，毕竟是都市suv，太硬了腰疼，偏舒适，我觉得很好；3、车机反应很快，除了每天第一次开机时得20多s启动，只要唤醒hi eva，零延迟回答你。毕竟刚开几天还不太了解这车，有新发现再聊。,2023-06-26,天津
氪苏鲁,【购车经历】 0412-0612 全程销售及服务确实不行， 提车不错，热情细致，还送了折叠储物箱、抱枕和数据线。 【驾驶感受】 不追求性能操控，不太懂，仅凭感觉比途锐差点。 【乘坐体验】 比网约车强得多哈哈?????? 【续航】 待观察，第一天16+ 【空间表现】 增购，日常够用，前排优秀。 【小问题】 交车不干净，缝隙多灰，轮胎沾了东西，座椅有污渍，开走前让重新洗了。 左后翻盖门把手略内陷，想对比下但没别的X了。 内饰翻毛粗看可以，细看露怯。 行车小屏幕好像有点倾斜。 B柱和泊车还用不了。 度盘投屏一直失败。 音响一般。 氛围灯没啥氛围，中间的缝隙有点丑。 iphone无线充电多放几次才开始充，是运气不好还是车的问题。 EVA很傻。 【满意】 车机流畅。 外灰酷，内灰稳。 视觉上赢了。 抬头显又大又亮。 座椅软。 充电口多。 储物空间多。 油门刹车不延滞。 天窗大。 静谧。 20.98 20.98 20.98,2023-06-12,西安
爱开小车的Lus,"前言：舒适里面找运动，这是我对这车的评价
灰内灰外4座4区选配20轮毂卡钳
吉利的第二台车，本身有一辆03+和速翼特，本身也是小车爱好者大车恐惧症。看了极氪x实车后就下单了。
5.31定 7.25提，提车过程跟传统车不一样，感觉像买手机一样。
说说车：
空间：后备箱拉稀车内储物拉稀，这个大家懂得都懂，不过对我来说我就是喜欢小车不在乎这些，总之满足需求。

动力：双电机确实可以，动力没得说算第一梯队

操控：这个太拉垮了属于一堆舒适里面找运动，有点为难这个车的定位。操控整体就是软，这个悬架没有运动基因，并线和高速表现侧倾都很大。就不用对比速翼特和03+了

外观内饰：这俩放在一起说，外观总体满意（废话吗不满意买它干什么），就是黑色件一定要贴车衣。内饰超纤溶和整体材质还是差了那么点意思（相比于03+的阿根她rua），希望有更深色的方案吧

车机：我说这是垃圾大家有反对的吗，我现在车机都是直接闪屏还没处理完

续航：（武汉开到成都）高速拉垮我高速续航93电只能跑200km（开车猛），大概高速能耗22-23度不等。市区就16-17度的样子还行

以上",2023-07-31,武汉
倒霉蛋极氪x,提车几个小时就直接坏了无法前进，后退挂账之后一秒钟就回到p档，真的是太郁闷了。。。质量太堪忧了,,南通
【乃伊组特℡】,"【提车价格】
裸车价20.98万元对于一辆四座四驱的紧凑型轿车来说，很是突出，相比其他品牌动则30的车价显然是一个更好的选择。
【驾驶感受】
开过许多友商的四驱新能源的车，对于我一个驾校教练来说，不是悬架硬，就是坐垫很硬，但这辆小车对我的腰很友好，过弯的跟随性、车头的指向性可以说是指哪打哪。
【续航】
后驱560的续航卖18万9，四驱500的续航卖20万9，而且带主打的移动中岛四驱独一份，这个配置实用性非常高。虽然四驱的版本需要加2万，但无论从动力，还是续航通通都能给到。

【最不满意】
车企的售前售后的客服人员简直就像摆设，一股脑的职业话术，搪塞车主，问题没得到及时解决，还听了一大堆废话。响应速度极其慢且敷衍。

【最满意】
在没有充足的预算时，极氪X能给到你的通通有，但也仅限于车辆的质量份上，你完全可以相信它。有着丰厚的造车经验的吉利集团，相比友商更可靠些。",2023-11-26,上海
躺平拒绝内卷,没有手套箱，换了冰箱后车内储物空间比较少，冰箱使用还比较烫屁股有点难受，保险比较贵，各大保险公司基本都是6k+。动力随踩随有，后驱加速就很猛了，高速140之后仍有推背感。车机系统bug比较多，需要氪服，再就是很多辅助功能无法使用，盲区监测都用不了也是很无语，还在等ota，lcc还行，不画龙。行驶质感较好，隔音不错，音箱确实很一般，车内表现就是给二人世界准备的车，有家庭出行需求的慎重,2023-07-28,南京
有肌蔬菜,喜欢设计，一看上头，可做工一般，空间的话平时自己用车够用，车尺寸适合，巷内小道没压力，驾驶质感很满意，车机有待完善，较多功能未开放，亚克力部件容易划花，极氪客服比较一言难尽,,江门
BLKl,总的来说还可以吧，续航不是特别优秀，我正常开上下班快速路+城区大概平均14的能耗，出去周末游玩高速250公里+城区50平均能耗大概16左右。 【最不满意】 语音识别需要等+偶尔识别不准确。 【购车经历】 真的别信销售的话，你定完车就跟他没关系了，别管定之前多么好，该拿的一定提前说好。 【提车价格】 20.98统一价格挺好的。免得跟4s扯皮。 【驾驶感受】 高速路平坦的大路都很舒服，胎噪啊都不错，一旦烂路那悬挂就太软了，左右横跳个人不喜欢。加速很猛，一路上想怎么开怎么开也很灵活。视野因为是suv可能偏高，开起来没有轿车更跟手吧。 【电耗】 平时14，高速16。 【续航】 我开到现在平均250公里就要去充电。勉强够用，快充30分钟也能到8090这样。 【亮点配置】 全系hud习惯了真的舒服，配置各方面都挺高，自动门也没出过错，朋友评价都是前面比后面好很多。 【空间表现】 后排真不太行，后备箱也只能说勉强够用，适合一两个人平时。,2023-07-27,南京
david911,【驾驶感受】 开起来操控感一般，运动模式下方向盘也偏轻，悬架偏软，但是开起来很轻松，满足我的需要。 【最不满意】 提车后车机就发现了bug，hud和自动大灯设置好了之后但没法保存，每次开车都要重新设置一次。 【购车经历】 五一假期逛商场时无意中看到极氪展厅摆了一辆新到的X，近距离看了看坐了下，被精致的做工和用料吸引了，这大小也符合我的用车需求，当时就动了换车的念头，然后在网上研究下了各种车型配置，决定选购最有特色的四座版。 【提车价格】 20.58 万的裸车价，正好限时定车优惠 8000 元，用来加装了电动门，我觉得智能 B 柱没啥意思。升级20 寸轮毂太好看了，而且 1.6 万可以升级轮胎 轮毂 卡钳 刹车盘，性价比爆棚，毫不犹豫升级。四驱 2 万太贵，就没有选择，后驱动力错错有余。,2023-06-27,成都
烈日当空222,外观刚好在我们俩的审美点上，车子不大不小在城市穿梭很灵活，在高速上开也很稳比以前的日系车好太多了，我是四驱的动力很猛但不突兀，超车随心所欲很爽，车机和智驾就比较一般，做为30多年老司机还是自己开比较放心，总体对极氪X还是比较满意，人无完人车无完车，车没有最好只有更好合适自己就好。,2024-02-02,南宁
EDGERUNNER,动力怪兽，单电机舒适模式开得最多； 颠簸时抛跳感稍大，高速噪音在接受范围内； 夏天23度空调暴力驾驶能保证350km续航还不错,,杭州
玉韘,【购车经历】 想换个电动suv小钢炮，20万左右除了smart精灵，也就极氪x了。 【提车价格】 原车价加方向盘加热 【亮点配置】 没啥说的，现在市面上的实用配置基本都有，座椅通风夏天绝对神器。 【续航】 开车风格猛烈，夏天空调25度左右，音乐通风氛围灯啥的常开，市里能耗15左右，算起来满电续航在400左右，冬天再测。 【驾驶感受】 总体比精灵一号要好不少，操控性能好的同时又兼顾舒适，比拿铁底盘扎实一点，都非常适合激烈驾驶，超车变道很有乐趣，nvh都相差不多。 【空间表现】 电车空间都够用。 【最不满意】 好多l2功能不能用，有些设置经常自己重置，不过也不是什么大毛病，快点ota吧。 总结：好车，长期使用情况待测。,2023-07-14,济南
zashi13,续航还可以，城市快速路80km，13的电耗。但车上空调很费电，开3km的短途，电耗直接30+,,南京
易来之则安之,外观：巴黎玄米，电动门，无框车窗，颜值拉满。 内饰：就突出一个舒服 空间：对于一个4.4米的小车来说，我觉得还是蛮宽敞的。尤其是灵动岛，方便进出。后排折叠起来还可以放行李，比放后备箱方便！ 续航：开个大半个月，反正1%的电量我能开5公里多，满电应该能过500 智能化：车机有些小bug，期待后期ota。对了，变道辅助赶快整起来！！！！ 驾驶感受：我个人喜欢舒适型的车，所以这个小车车让我觉得开起来很舒服！,2023-07-18,广州
鰩鷂,外观属于第一眼喜欢的那种，内饰有点类似北欧的简洁，动力配置很顶，换了20寸轮毂，动力强劲所以安全第一，智驾哪怕只要有万分之一的容错率也不安全，所以选这车也没考虑智驾系统，靠机器还不如靠自己！虽然也只是刚拿到驾照，练好自己的技术才是第一位！,2023-12-06,上海
ssssyj,从今年的4月就开始关注，看了很多，也试驾了很多，就对极氪X一直念念不忘。为了赶23年的上牌政策，在10月末就定了车，最终在1月成功提到。 提到之后还是很满意的。续航稍微短一点，但能耗好像还可以。EVA有些智障，很多语音功能都不是识别的很准确。上班通勤路上基本不使用ACC，LCC等功能，等上高速在试验一下吧。但是其他的驾驶辅助还是满好用的，盲区监测，压线提醒等，感觉安全性提高了好多。360影像有些一般，谈不上多准确，只是能用。总体来说还是很满意，是我喜欢的小车。20寸轮毂每次看都感到很帅有木有！,2024-01-12,上海
为爱琉璃三万倾,最满意的地方就是外观，家人都很满意，和领克家族也有很大的区别，辨识度很高，车机流畅度还行，智能语音体验也不错，还有很大进步空间，不太满意的地方就是空间和续航，空间确实比较小，续航达成率可能将将50%左右,2023-12-07,成都
evazkc,外观内饰配置无可挑剔！入门版配置就逆天了，但还是希望大家可以买20.98的两个版本，性价比是最高的。 空间中规中矩吧，乘坐空间其实挺好的，前 排我调的比较靠后，后排再坐一个176的我还是挺宽敞的。主要的扣分点在于车厢内的储物空间，小格子或者隐藏空间确实少了点，没有手套箱是个遗憾吧。 智能化方面符合我的预期，ACC和LCC用着很舒服，唯一要氪服一下的就是中控屏的一些软件bug。 详细的会再发口碑，总结来说虽然有不足，但绝对是功远大于过的一辆车，能给你的生活增添色彩，值得买！,2023-09-04,嘉兴
偶瓜时机,小而精致，温馨舒适，零百三八，续航四五，加速线性，侧弯平稳，吉利祖传，车机拉胯，影像延迟，蓝牙失灵！！,,福州
不会又白给吧,试驾了很多电车，本来从零跑，海豹，深蓝，比亚迪宋里面做选择，结果横空杀出了个极氪X。外观第一眼不是多喜欢多看几眼挺好看的，用对象的话来说，像只蛤蟆。内饰是一眼就看中了，这个价位找不出比它还要好看的内饰了。从油车转过来简直不敢想法这种内饰设计。尤其是前排打通的设计深得我心。（宾果的也是，这辆小车设计上也不错）。开了几天，整体体验还是不错的。自动门使用率挺高，比001的好使。唯一要吐槽的是车机，能执行的命令太少，好多设置还要自己边开车边自己点。。。空间上，算够用，两个前门下的储物空间很大，基本上代替了手套箱失去的空间，同时有后座的中间储物空间，所以内部的储存空间还是够用的。,2023-07-30,南京
疯疯疯小王,一开始不跟脚，起伏路面有点船…2000公里后磨合的越来越好～零重力座椅午休绝绝子！打工人的福音,,广州
一燕麟一,是很漂亮的小车，优点是操控性很棒，缺点是储物空间有限，毕竟是紧凑型suv，但是没有手套箱真的硬伤，车机有点傻傻的，但在接受范围，内饰塑料稍微有点多，很容易刮花，不过安全性确实很高,,上海
布根地钢裤,车子颜值在线，特别是杭青绿白内饰，座椅舒服，虽然按摩功能很鸡肋，而且车机还有很多需要升级的，例如自动泊车功能，另外偶尔不同设置的驾驶用户选择了之后的后视镜好像不太对应。总体来说城市平路驾驶感不错，乡村道路或者坑洼道路感受不太好。,2023-08-11,佛山
王的壮,外观内饰都很喜欢，hud好用，开起来轻盈，转弯半径好像比想象中大一点，整体还是挺满意的。 缺点就是感觉智能化功能，比如智能驾驶，跟竞品有一定差距。,,南京
这个用户名不存在在在,车挺帅，回头率挺高的，帅是一辈子的事，更新了16000的权益很不错。小小的车新手友好，我的需求是够了，后排有点局促，但基本不坐人。后备箱挺大的，够用！小细节满满，很喜欢。,,上海
傻大妞的老公,天气暖和基本上续航在450以上，要是天气冷起来就只有400不到了，如果再开个热空调最多300。总体来说电车冬天开热空调普遍续航打折，还有就是66度的电池包真的小了点，如果装上001的86度电池包就真的无敌了。,2024-01-28,嘉兴
郁言I,开了半个多月，800公里，提车之后就在极氪4s店贴了个膜，其他都没不需要，目前没发现什么问题，遇到的小问题都是操作上的，研究了一下都解决了，内饰和基本操作都很简洁，非常好评。 唯一的问题还是手机钥匙的靠近解锁有时候会不灵,2023-10-09,杭州
AC米兰你输够了没,空间比想象中大，主要五座版的副驾座椅没有四座版那么厚，坐在后排感觉还是很不错的；动力符合期待，加速很线性不会有猛冲的感觉；悬挂比预想中好一些，抛跳感不是那么严重，当然我也很少快速度过减速带；操控上整体不错，转向指向很好，但意外的是调头时笨重感很强，转弯半径不像这么短的车的应有水平，方向盘打死只有1又1/4圈，打不到一圈半应该是重要原因。,2023-11-05,西安
saisen,很适合俩人用的车。女朋友看中了副驾所以选的这个车子。后排非常非常窄，前排很舒适。 驾驶体验上来说，速度非常刺激，悬挂偏软很舒适。唯一难搞是飞坡坐满四人时有点吓人。 内饰很好看，美中不足是屏幕滑走后缝隙太大。,2023-12-14,深圳
小太阳丶sls,主要也就是一个颜值高了，8155的车机还是时常智障。电车还是只适合日常代步，续航比较拉胯，驾驶感受还好提取快，到时不适合暴力驾驶过弯速度快会有侧倾，感觉明显。,,厦门
PalinM,1.很多车辆功能尚未开放，需要等待OTA升级 2.快充速度较慢，很难超过100kW 3.点头抑制较差，20km/h刹停依旧明显,,南京
时髦西柚QtV,极其个性化的车辆，如果需要大空间就不要买，空间、智能化和电动化相当于低配版M9，但是作为二人世界家庭用车，20万左右的性价比十分高。一定要去试车，去感受它，而不是只看评论，智能程度和内饰在这个价位确实是独一档的,2024-02-05,东莞
vegicc,驾驶有1000公里了，总体不错，悬架软，侧倾，点头都明显。但并不妨碍在正常驾驶的时候是十分舒适的。 【最不满意】 1、副驾驶没有座椅记忆。 2、无线充电发热严重，旁边的出风口设计形同虚设。 3、戴墨镜的时候hud被过滤掉了，仪表和中控正常。 4、座椅头枕上的金属环暴晒后温度高，一直给你脖子热疗。 5、热天开空调前挡车外一面结霜，影响开车视野,2023-08-07,上海
LakersHC,配置对副驾很有好很舒适 适合情侣或爱人之间男生开车女生坐车的使用场景 虽然是四座车但是两人使用才是最舒服的场景，空间也是够用不富裕。城市代步也够用。,,上海
无尘S,喜欢这个车的动力，颜值，同级别应该只有极氪X是四驱。最不满意的是它的仪表屏，毫不意外是歪的，通病了-。-,,嘉兴
音速大梦11,"【最满意】
这台车的外观一如既往的沿用了极氪的家族式设计，颜值超高。封闭式的前格栅令这台车很具有未来感。

【驾驶感受】
底盘很扎实，并且因为车身尺寸小、轴距不长，所以开起来很灵活，特别适合在城市驾驶。这台车的悬挂调校很优秀，在过颠簸路面能有清晰的路感但又不会让人感觉很颠簸不适

【乘坐体验】
除了舒适的感受我更喜欢中间可移动的中控屏幕，它可以在司机驾驶的时候把它移到副驾我自己操作或是看视频，不会打扰到司机",,
邓敢敢的王憨憨,外观是一大亮点，非常具有科技感的一款车，看着很漂亮，每停一处，就有车友夸赞外观； 内饰也是亮点，非常好看，高级感十足，符合轻奢定位； 智能化程度是短板，LCC在高速上用的还挺方便，但是更高阶的辅助驾驶没有。,2023-10-07,东莞
每日发条,"说一说认知差：
1 买之前觉得极氪是个不错的品牌，买之后才发现纯把车主当韭菜，新车上市2个月刚刚提车，马上降价2w块，而且没有任何补偿方案，真的堪称无耻。这不是001这样的上市2年的车型，而是刚上市2个月的新车。
2 续航里程560km，三元锂电池，充电到92%，夏天续航300多，冬天续航不到300，续航里程虚标严重，电池管理技术落后，非常渣子的车企，三⚡️技术根本没有管理能力。
本以为这是行业现象，和埃安车主、特斯拉车主对齐信息才发现，别家车企能做到的电池续航技术远远高于极氪，冬天基本上就是到处跑着家电，太烦了

劝退，千万别买，亏心的极氪，不值得你来糟心",2023-12-11,
瞿某某人125,缺点，就是空间小，储物空间不够。当然你都买它了应该不是看中空间了。还有就是智能驾驶很多都得等OTA,,台州
楠琦呀,"外观运动时尚挺漂亮，内饰也不错
适合绝大部分时间只有俩人用车的场景
续航还不错，油门比较轻，加速快

缺点
车机时有小问题
车比较轻，开快了有点飘
极氪背刺的事没少干",,杭州
CovenantHALO,保持了极氪车型一贯的风格，用料扎实（但比不过001），驾驶感受偏家用舒适，空间定位第二辆家用，家里主力用车就不推荐买了，四座版是该车的灵魂，如果想买小钢炮我觉得没必要选这款,,广州
车扯,"外观方面，极氪X采用的设计语言与领克全新一代的设计语言有很多相似之处，尤其是最新的分体式大灯设计有着极高的辨识度。同时，新车的车身比例其实更接近跨界两厢车，隐藏式的充电口盖板、雕刻感十足的尾灯等设计细节，也让其显得十分与众不同。虽然说这样的设计一定会引起争议，但足够有自身的特点和辨识度，并且形成了自身独有的格调，这点还是要称赞一下的。

内饰方面，极氪X也延续了极氪品牌一贯高品质以及有格调的风格。图片中看可能会略显单调，但实际的观感与质感还是非常在线的，尤其是浅色的配色版本会显得很有高级感。当然，像玫瑰金的挂钩、拨杆等细节也是进一步提升了精致感和高级感。另外就是极氪X的车机目前用下来的体验已经足够好了，除了操作流畅以外，各种主流的功能，包括语音控制可见即可说、连续语音对话这些也都足够好用。

配置方面，其实极氪X不同车型之间主要的区别在于动力以及座椅版本，其他常用的像主/副驾的加热/通风、方向盘加热、手机无线充电，无钥匙启动/进入，等等一系列的都是标配的。所以如果作为一台高品质的代步车，那五座版就能非常好的满足需求，如果副驾经常坐人，算作一台家庭用车，那么四座版增加2万元所给到的各种便利配置确实足够有吸引力。

空间方面，虽然极氪X车身非常小巧，但后排空间并没有很多人说的那么不堪，对于身高175cm的乘客来讲，可以提供明显超过两拳的腿部空间以及极为宽裕的头部空间，并且五座版车型的座椅舒适性相比四座版也会更好一些，承托性和舒适性都表现不错。以这台车的尺寸来讲，这样的空间表现足够让人满意。

动力方面，双电机3.7秒破百的数据已经足以证明其不俗的绝对动力水平，所以加速的快感这台车是能很好的满足驾驶者的。除此以外，极氪X日常驾驶其实是一台很温和，很顺的车，哪怕是运动模式，电门的初段也没有明显的不安分的感觉，输出线性轻快，能让人开的很惬意。所以这台车能很好的适应多种场景，你可以悠闲的开，想要快，它也能快的起来。

底盘方面，极氪X也继承了极氪家族的高水准，悬挂柔韧，滤震动作干脆且厚重，尤其是压过减速带的时候，轮胎的帖服感以及车身姿态的平稳程度给人很深的印象，属于开的越快越稳的类型。同时，起码对于日常驾驶来讲，悬挂对于侧倾的抑制以及车身姿态的控制也是让人感觉很安稳的，质感很不错。而在转向方面，极氪X整体的转向手感都是偏轻的，可能是为了更多照顾日常驾驶的亲和力，转向手感足够线性，就是没什么沟通感，电子味比较足，这点来说确实不够运动。",2023-06-08,
汽车天涯,"【最满意】
最满意的地方肯定是操控和性能。极氪X  YOU版四座零百加速只需要3.8秒，一台车长不到四米五的紧凑型SUV，居然匹配上这样强大的加速性能，基本上在同价位、同级别里是无敌的存在。另外一点是操控，极氪X和极氪001也是同平台产物，之前我们买过极氪001作为长测车，操控表现非常惊艳，相信尺寸更小、重量更轻的极氪X操控肯定不差。这样的性能配上不错的操控，极氪X算是一辆纯正的纯电性能小钢炮了。
除了操控和性能之外，极氪X的内饰也很有质感，不管用料做工都挺不错的，而且这次电动门也有所优化，认为推动阻尼轻了不少，比之前的极氪001好用太多了。

【最不满意】
也不算不满意吧，有两个地方不是很喜欢。首先是四座版上的可移动中控屏幕，想法和创意确实不错。但是，长时间使用，是否会出现线束问题以及行驶中移动是否会有安全问题，目前还不得而知；另外，取消了传统机械门把手，用按钮取而代之。这个在紧急情况下或者是车辆完全断电情况下是否能顺利打开，也不得而知。除了这两点之外，极氪X其他地方表现都是比较令人满意的。",,
十三先生Studio,"极氪x的售价公布了，18.98-20.98万，不知道大家对这个价格还满意吗？参加完发布会说下我的感受吧：

1.这台车从研发设计角度就是以一台有调性的豪华小车去做的，绝非ID3这种纯代步之流，20.98万价格看似不便宜，但从实际的配置和体验上来讲绝对还是非常超值的。

2.极氪x在设计上做减法，但是在车内却一直在做加法，这点我觉得有点遗憾。极氪说不做乞丐版，为了品牌形象这没问题，但是也肯定会错失大量想要纯代步需求的订单，19-21万的价格很尴尬，这台车后备箱和第二排乘坐都不够理想，还是一个主打年轻人的小车还不错，但是作为主力车是不够格的，家庭的第二台代步车价格也有点高，如果能推出15万元版的减配版是极好的。

3.相比smart，我认为是绝对碾压的。极氪面前smart绝对谈不上有什么品牌力，设计的精致度也完全不如极氪x，同样66kwh电池的版本，smart起步22.9万，比极氪x贵了2万，配置和性能也是没法跟极氪比。极氪x注定会抢不少特斯拉model3的订单，特斯拉要不要再降降价？哈哈！

4.推荐YOU 5座 双电机版，最多选个刹车套装，其他配置没什么必要选，电动门不好用，人脸识别不确定什么时候能用，所以这台车即便选了一些东西也没有smart贵。

5.据说6月中下旬就可以给第一批用户交车，这回不用等太久了。",2023-04-13,
驾仕派,【市场分析】4月中旬上市的极氪X，两个月后的6月12日才开始正式交付，所以6月并不是其第一个完整的销量月份，在这不到20天时间里，极氪X上险量达到了1909辆。 看起来不算火爆，但这个数字目前分析的意义还不是很大，因为它的产能还没充分释放，想要达到销量高峰，可能还需要两三个月的时间。实际上，和极氪X同平台的smart精灵#1，过去半年多时间里的产能也一直不算充裕，如今极氪X开始交付，它在市场和产能两个层面，可能都会对smart品牌产生不小的影响。不出意外的话，7月份极氪X的销量，就会超越smat精灵#1，甚至有可能超过整个smart品牌。,2023-07-29,
汽车天涯,最近有幸试驾了极氪X，首先第一印象很不错，外观设计和之前的极氪001以及极氪009都不一样，科技感更强，更精致，灯光的使用让人印象深刻。 内饰部分，很好地平衡了科技感和轻奢感，大屏幕、功能按键的设计很有科技范儿，同时颜色的搭配和翻毛皮的使用很精致，很有质感，座椅的舒适度也不错。 重点说说驾驶体验，首先后驱版动力完全是够用的，如果不讲究四驱，后驱版性价比更高，其次底盘调校非常超出预期，柔韧与操稳兼具，续航方面，因为是纯高速，表显的百公里电耗大概在17个上下，中规中矩吧，驾驶辅助系统很好用，加速、刹车力度都控制的不错。 总的来看，这个车19万不到的售价，作为紧凑级BBA的替代，非常合适，更推荐4座后驱版，加两万会有很多实用的配置，包括屏幕移动到副驾，后排的舒适性也会大幅提升。,,
用户2532503418122,"车机系统比较拉胯，开机8-10秒，不过弄下挂档会提前跳出来，远程开空调要半天，反应速度慢，我蔚来es6比了一下，差很多，空间拉低分数，不过这个本来就是小型车和空间不能兼得，总体其实还不错，前排空间比较可以的其实，驾驶体验可以，介于轿车和suv,",,
888话事人,"【最满意】
内饰，总得来说，作为紧凑型电车，内饰的优秀让人会喜欢多在车里待一会儿。

【驾驶感受】
极度舒适的驾驶质感，过余的方向虚位，会使车辆对于一些有驾驶感受有要求的用户变的糟糕的
【亮点配置】
按钮的设计，内饰的设计都很有自己的风格

其实后置驱动电机的电车会更容易出现甩尾打滑现象，但是对于这种紧凑代步电动车，推荐两驱低配。",,
大飙车,"这辆极氪X的外观还是内饰都给人耳目一新的感觉，但车身尺寸就注定在国内是小众车型，高配还是四座版本，所以不太适合中国大家庭使用，但对于年轻人，两人或单人日常代步已经足够了。

业内都知道，中国更需要便宜的大车，而不是精致的小车，但极氪为什么还要出这种小车呢。其实极氪这个品牌不仅限于中国市场，同时也在欧洲布局。而欧洲消费者对于小车的需求更大，欧洲很多国家街道狭窄，中大型车并不适合。因此，像极氪X这样的小车，又有着时尚的外表、超高的配置，应该有更广阔的发展空间。",2023-12-26,
