字段1_文本,字段2,时间,字段3,时间1
活泼光束Mpo,"开了600公里，先说一下，我自己觉得的缺点

前排储物空间少，无线充电很鸡肋，就无线充电那里有一个可以放东西的地方，没有合适的安手机支架的地方，不过有无线CarPlay
行驶过程中，左右手都没有地方支撑，右边扶手箱又矮又远，左边门板上也太矮了（我身高182）长途驾驶可能会很累
电消耗的太快了，每次刚冲完电开车的话还会自动给你选择纯电模式，好像冬天开着暖气电耗的特别快
没有备胎，跑远路就很担心，自己买个备胎，也没地方放，只能放后备箱

优点：

【空间表现】
整体空间，尤其是后备箱空间还可以，后备箱识别感应逼格高（但识别不怎么准确）
我身高182做主驾驶头上放还有一拳空间

【续航】
【油耗】
1.4t还加上电机，油耗自然很低，亏电下市区七八个油，红绿灯少点六个左右，满油满电高速应该能跑七八百公里

【提车价格】
库存了一年的车加上它是蓝色，自带了自动泊车、变道辅助，我自己在4儿子加装了360和记录仪，加上360和记录仪一共全包（包保险6880、上牌150）落地18，感觉高了md

【亮点配置】
值得一提的是，这个蓝色我刚开始根本没考虑过。但是实车和图片真的差距挺大，洗干净阳光下更好看，手机拍不出来的，漆也很亮。
还有就是前后贯穿灯和发光的logo，真的很好看

最后是自己做的气球，拉出去摆摊???",2023-12-20,温州,
螳扶車,"先说价格：
      车价18.8万，上牌费500，贷款服务费500，双保2699，保费5086，这就是全部费用。
再说买车过程：
      我这个人比较拖拉，看车前前后后花了一年半时间。为什么会选探岳gte呢，其实完全是巧合。
最开始看车是的福特锐际刚上市不就的时候，因为上一辆车是福克斯，对福特品牌有好感，特别是行驶质感和静态隔音效果很满意，后来遇到疫情，看车也没那么着急了，就没急着去办买车这个事，中途也看了看迈腾，凯美瑞，蒙迪欧，最后觉电动车都在飞速发展还卖燃油车会不会过时啊。
于是去看了比亚迪秦，那时候秦的正式价格还没公布，先交了意向金，等着公布，等价格公布了过后老婆又觉得空间小了不满意，其实我觉得这都不是关键，关键还是觉得好不容易换个车还换回去了，从合资紧凑轿车换回了国产紧凑轿车，总觉得差点意思，失去了换车的意义，同时我认真看了看那随意吊在底盘下的电池，让我觉得这做工，设计不让人方向，所以放弃了，至于汉太大了无感。
放弃比亚迪后就开始关注雅阁，混动版雅阁，网上看着价格优惠很大，即能满足我对于新技术的期待，又能满足老婆的空间需求，就准备去4S店看车了这时亲戚来我家吃饭，说他们店正在处理一批库存车问我想不想看看，一打听价格优惠6万，还有活动空间。
废话这么多主角终于登场了，5月6号看车一个人去的，第一眼看到就认定了，差点试驾都省了，4s店一角，在黄色射灯的照耀下，只用四个字形容就是光彩夺目，车身大气磅礴，一下就把我惊艳到了。不过理智告诉我先不要太激动，还是试驾，谈价钱要紧。
试驾完全没感觉就在市区开了一两公里，体会不出什么，回来就谈价钱，两轮下来最终定在了，18.8万，保险待定，上牌费500这个少不了，2699的两年延保+4次保养强制购买，贷款选择两年免息，贷款金额12.5万，贷款手续费原价4000，但我们按二网手续费最低500算。就不送贴膜脚垫那些了，大家都懂4s送的东西不要也罢。全部价格车价18.8万，2699双保，500贷款手续费，500上牌费，保费待定。立马刷卡5000定金，暂定5月11日提车。
5月11日提车，没有激动人心，因为提前一天我已经去看了车，那时候还是满身污垢，完全没了展台上的气质。第二天提车倒还是干干净净了，库存车的好处就是一点味道都没有了，毕竟在停车场晒了十来个月，还是有所收获嘛！随后按部就班，交钱选保险，打临牌，加油，上牌，半天搞定。保险费还比较出乎意料，全险，200万三者，保费才五千零几十块。
最后说对于车的感受：
说真的拿到实车其实外观不如展车惊艳，不过还是很大气，比较满意，展车用的是邓禄普轮胎，实车就变成了韩泰。
空间很大，特别是后排，我身材比较小调好座位后后排还有四十公分以上的空间，可以比较元气森林的瓶子。后备箱空间很有限，为了后排做出了牺牲，就和一个常规A级轿车差不多，而且后备箱没有备胎，只有补胎套装。
地台有点高，没测，目测15公分以上。
重点说一下天窗，我觉得很不错，真正的全景天窗，虽然比不上特斯拉，但真的开口很大，打开面积也远大于普通天窗。
油耗我都是每次加满油除以行驶距离，平均7个油，对于1.8几吨的车身来说还是很满意了，最后一次测试是6.8个油，目测还能降点。
动力很足，特别是开了gte模式，随叫随到，有推背感，注意这是没电状态下，满电gte模式地板油什么样还没试过，不过有点怕。
刹车前段正常，动力回收的制动很线性，舒服，可是中段特别软，这个必须适应，刚拿车的朋友一定要适应一下，中度急刹车的时候你会感觉踩到一定位置刹车突然没有了，这确实是大众调教的问题，没有把动能回收和机械刹车匹配好，刹车差评。
行驶品质还是不错底盘有韧性，不过和B级轿车比起来还是有差距。但过弯还是会有侧倾。",2021-06-26,成都,
广州东极岛,"＃提车作业 广州提车豪华版，裸车价优惠5.9万，要求赠刘360全景，其他送的估计都差不多地垫、灭火器、防爆膜啥的，行车记录仪还有一次镀膜，赠送店里8次保养，一共20.23万落地。另外2699元的双保自费网上购买（含5次保养），其他要买的可以拿来对标一下，综合估算总价值。

  目前跑1000km不到，目前暂无出现小毛病啥的有两个问题，一次在高速问道臭胶味，客户说是因为开了外循环，确实后来再也没有闻到

从看车到提车前后花了一个月。这里不得不感谢懂车帝，让我避了很多坑，还结识了一位同样购车的兄弟，团购，让我有了跟四儿子压价的底气。

【选车比较】
一开始因为看中马自达CX-4外貌，论坛看了多次再去试驾，奈何空间狭窄后排噪音大，再加之广州无上牌指标，果断放弃。后面看了皓影、CRV、荣放4、锐际、逍客，每一款都有让自己不如意的槽点，内饰、空间、配置等方面总难以达到想法。日系车内饰接受不了，尤其是荣放的操控屏幕，外嵌的方式，那个用料感觉像是以前的彩色电视机壳，逍客性价比高但是感觉舒适度不够，驾驶座方向盘下面凸出顶着膝盖。网上搜插电混动或者油电混动，领克也是考虑范围内，配置确实性价比较高，但外形太个性年轻化，容易过时，不保值想想也是放弃。
【第一次遇见】
偶然在懂车帝看到大众探岳gte，赫然写着优惠4.5万（一开始觉得优惠力度真大），免购置税广州上牌，抱着纯看看的态度去4s店。一坐上去车里，经历过CX-4的挤迫和逍客的顶膝盖，gte第一感觉是舒畅宽敞，内饰正常。
【砍价比价历程】
思考了半个月，还是觉得这款性价比高。首先燃油车还得额外拍牌，广州至少2万，购置税省接近两万，如果能20万搞下来相当于买燃油车预算嘛！就按这个目标来！恰好遇见了同样买这款车的一兄弟，拿着各自拿着价格跟4S以购买两台的方式聊，一度从21.3万谈到21万，从21万谈到20.5万，新赠360全景。最终临门一脚再减3000元，外送店内8次保养，下定看车，锁定意向车辆，办理两年免息贷款，再顺利提车上牌。
用车感受：
【外形】选了白色豪华，形象稳重，大气，定位中高端没毛病，车头前脸厚重大气，车身脚线用黑色略带弧度，显得更加稳妥，身线硬朗，外形算不上惊艳，但是也没有槽点，换之前或者在路边，我应该看不上，觉得中规中矩，当然后面肯定是越看越耐看了。
【配置】电动座椅和电动尾门、电动后视镜，车窗一键升降，全景天窗，自动大灯，前后空调该有的想要的配置全部到位，无挑剔点。
【空间内饰】前后空间以及头部空间比较充裕，老人家或者3人坐后排不会感到挤。内饰中控屏内嵌，大小适中，还有全液晶显示屏，全程无物理按键，具有科技感。前面还有黑色略有一点点点缀的面板，整体无塑料感。唯一座椅并不是很满意，蓝色的线条显得有点low，皮质质感粗糙，但包裹性还可以。
【操控】一开始不太懂操作，挂D档刹车软，需要熟悉，不过行驶很平顺；挂B档用于动能回收，刹车没没啥问题，其实不踩油门的时候都有明显减速的效果，不过低速爬行略感觉顿挫。还没装充电桩，目前用家用充电枪充电，7个小时满，第一次充电惊喜的续航60km，第二次57km，当然前面的电有点虚；平常都是纯电模式，晚上再充电，基本没怎么用油，偶尔用混动模式，但它在市区还是以电力为主，基本上都是自分配用电，整体油耗表现还是很不错的。有一次纯电耗完，高速跑充电模式，蓄电能力还挺强，10来分钟充了10多公里的续航电力，下高速刚好用得上。目前累计800多公里，油耗3.9。另外GTE模式动力果然充沛，但是感觉油耗不低，暂时没用上，下次跑高速再体验一下。

   整体还是比较满意的，符合目前的所有需求和定位，能源经济。至于之前有人所说的还不如买燃油啥，插电混动不保值之类的，其实车买了肯定贬值，但大众的牌子不至于贬值那么惨，而且买车是用来开的不是为了卖，怎么地也开个4-5年，质保8年，而且不是纯电池，5年后电池得很便宜了吧？这5年省下来的油费也不少。重点是既享受到电车的静谧，也能体验燃油车的驾驶乐趣，何乐不为。小众一点挺好，满街都是这车就没意思了。",2021-02-08,广州,
铅笔818,"“而立人生路崎岖，探岳GTE添助力” 一、换车背景 原来开了10年的1.2手动自吸三箱轿车，应对二娃家庭已经力不从心了。特别是周末四口人出去玩时，逢年过节长途回老家时，A0级在空间，动力，安全都堪忧。从疫情解封开始“年底前换车工程”正式提上了咱家的议事日程。（年底会便宜吗?事实证明确实会比夏天便宜一些） 二、我的预算及备选车型 20万以内，SUV。备选车型第一位奇骏，第二上汽大众途岳，第三，一汽大众探岳。 先说奇骏，真的便宜，17万落地，个大量又足。自吸发动机+CVT平顺有余但后劲不足；四驱有劲儿，费油也是事实。外观尚可，关键是满大街都是，真心不喜欢撞衫。途岳价格更便宜，才16万，但是空间稍小一些，配置也不高，高配吧，性价又比不行。探岳汽油280TSI落地19万，外观不如330和RLINE，动力，配置都有遗憾。RAV4混动,CRV混动都不错，但是优惠力度不行。斯巴鲁有特色，但配件贵，维修网点少。现代ix35人气大不如前了。马自达cx-4有点挤，别克油耗控制的一般~…… 本来都考虑买奇骏了，准备过10年的佛系人生时，无意中听到探岳GTE介绍。全面均衡，人生苦短，不留遗憾。 三，探岳GTE的优势 （一）品牌有号召力，满足了一点点虚荣心：皮实耐用，可靠省心，探岳与奥迪Q3共线生产，MQB平台质量工艺还是有口碑的。比日系口碑和人气好一点。 （二）外观不落俗套，局座说：颜值就是战斗力！我觉得GTE是大众SUV里最符合时代潮流的，GTE运动外观套件，镀铬装饰，钢琴烤漆，18寸大脚，4米6车长，无论白天晚上，辨识度都比较高。总体不失稳重大气。关键是探岳GTE上市时间短，排产低，在路上非常少见，简直就是上绿牌的探岳Rline。回头率真的很高。前两天，我等红绿灯时，旁边的老司机，忍不住摇下玻璃，冲我打听，这是什么车~……歪瑞古德。 （三）内饰科技感爆棚，多功能全液晶仪表，比指针的强太多。不仅信息量大，且操作方便。多功能大屏也支持carlife,carplay.自带的导航也可以的。整车蓝色氛围灯非常漂亮。 （四）空间灵活宽敞，二娃家庭福音：正副驾驶电动多向可调，后排可前后滑动，后靠角度背可调。后备箱宽敞平整，完全适合带着一家人出游。 （五）动力绝对有实力，超车猛，提速快，随叫随到：一键激活GTE模式，EA211+电机：综合扭矩400牛米，已经超过了高功率EA888的2.0T纯油。一个字：爽！😄 （六）日常油耗非常经济,家离单位7公里,：满电的话，纯电状态下3天可以不用一滴油。当然混合动力下也可以，百公里只有3,4升油。这可是1.8吨的车！这一年得省个几千块钱的油钱💰 （七）NVH非汽油车可比，咱们可以花不多的钱享受下豪华车才有的静谧吧。纯电模式下真的是一点声音都没有，非常安静。没钱买特斯拉，但又想开纯电的一大福音。油电混合模式下声音也非常小。他还有个模拟声浪系统，这要是打开了，能产生出V8发动机的音效。超车的时候相当有感觉 （八）操控游刃有余，驾驶乐趣与舒适并存。大众汽车精准的指向，高速的稳定性，底盘的扎实程度，过弯的侧倾抑制力，这是大众的拿手好戏。原地移库方向盘非常轻，高速方向盘也非常稳。 （九）安全方面，用料扎实。全车7个气囊，一体式冲压车门，前后防撞钢梁用料厚道。空气净化系统。预碰撞主动刹车系统。能给我的家人最大限度的保护。 （十）辅助驾驶方面。我认为豪华版有定速巡航，够用了。要是买尊贵版，我还要再加1万，有了ACC,车道保持,自动倒车入库等。算了，已经超预算了，够用就行，要啥自行车🚲。我这样安慰自己：我又不是总跑长途，ACC用不了几次，有钱不买半年闲嘛。 四、探岳GTE的缺点 优点非常多，缺点也很明显：只能慢充。充满电需要3小时35分。唉，我认了，反正没电时有汽油，有空闲时间再去充。 五、关键决心 落地22万，比我预算多了2万。促使我下决心的可能有以下几点： （一）这就是台好车，我想要的，都有了，真心没有遗憾。质量品牌过硬，外观俊美独到，内饰豪华舒适，空间实用大气，性能张驰强悍，安全到位，经济节油环保，操控自如平稳，NVH舒适惬意，科技含量高~……价格必然不便宜。 （二）再说价格。在性能差别不大的情况下，大众优惠力度比两田大，插电混不交购置税，省2万多块钱呢！省下的钱干点啥不好！（别误解：纳税光荣！！嘻嘻）。说起来，指导价也是25万呢（哈哈，冒充一把中产阶级）。 （三）家周边有不少慢充电桩，1~2公里，充电较方便。当然了，要是将来有一个自己的车库就更好了（畅想中……） 第四，绿牌不限号，真心方便。 写在最后 上周提车，今儿上午去4s店选完号并拿到行驶证了，膜也趁机贴完。晚上终于完成车主认证了，熬夜写点心得，赚点积分嘛。以前总看大伙的观点和评论，学到不少，是时候该分享一下我的观点和心路历程，给有打算的小盆友一些参考吧。 敬请斧正",2020-12-29,天津,
Cwei,"坐标深圳，3.7去4s订的车。当时和销售谈价，磨了一下午，最终22.33落地不含2699双保，尊贵黑没车，要等一个多月。(还好要的尊贵黑，尊贵白，和豪华版的都是库存车)，免购置税，厂家贴息1.2万。

尊贵就贵了1万，多了真皮座椅，座椅通风，行车辅助，ACC，还是很划算的。就是不爽减配全景360，该车发布的时候官方消息是有的。

赠送的说一下:脚踏板，隐藏式记录仪，全车防爆膜，前车影像，全包围脚垫，挡泥板，镀膜2次，抱枕。其实还送了一个抬头显示，因为他们3月底要提前开票冲业绩，就会损失我10多天的质保时间给的一个补偿。

4.12说车到了，车停在一个环境恶劣的停车场，过去验车，肉疼自己的车停在这些地方，不过总的目前没发现什么问题，车铭牌显示3.19号生产。车还没激活，很多功能也还测试不了，等提车时再验一次。

4.17全部加装和车管所车检都完成了，这时销售打个电话说售前检测pdi有个小问题，就是胎压报警器可能会出现报警，需要更换一个传感器，心里有点小不爽，但是至少觉得销售能坦然告知也是很不错了。传感器没零件，过几天再过去换，到时顺便把铁牌装上。

提车时，重新检查了一下外漆，内饰，随身工具，各种功能，都没什么问题，就开去加油，95第一次加了335元。

因为小区停车位非常紧张(订车后小区通知响应国家政策决定小区加装6个充电桩，惊喜，虽然少总好过没有)所以基本都按蓄电池维持模式行驶，开了80公里，油耗6L/100公里，能接受

说一下好的:行驶稳定，悬挂不错，隔音效果好，乘坐空间大，油耗不错，外型霸气，内饰一般，功能多，总的来讲性价比高。

不好的:后备箱那空间实在不够用，我就是因为儿子出生才新增一台车，原来那台父亲用。放了儿子一个学步车，一个餐桌，一个行李箱就已经放不下其他东西了，这个有点失望。
还有个问题就是:有次副驾驶没人，副驾驶的自动空调自己调来调去，有点搞不懂，不知道我哪里弄错了，不知道是后来发现天窗开了条小缝，还是放手机的架子挡住了还是什么问题，反正没搞懂。

目前刚开一天，后面再慢慢摸索，希望顺顺利利

PS:自己网上选号，可以编辑20次，反正我编的都被人用了，还可以选5次，运气还行，选到了1113，有三个重复的数字已经很满足了，毕竟深圳的绿牌还是很多的。",2021-04-19,深圳,
不可能不是猛男,"亲爱的各位车友，现将保有量不高、技术含量高又好看又好开的GTE跑10000km后的情况说明如下：
1.换车心态：油价太高了，油车限号太烦了，换车首选混动，且颜值要好看，当然车内空间不能小，毕竟人们都喜欢大！
 2.车型亮点：探岳gte是油电混动，电容量和同级别合资车差不多都是13千瓦时(度)，满电续航都是约56km，油发动机排量1.4t，可纯油、可纯电、可混动经济模式、可混动暴力模式(即本车主打的GTE模式)，可自身油转电自充电模式，任何模式满载越野动力充足，且配随车充电器，普通插座一插就充很方便; 
3.买它原因：外观好看，车头大气、侧身线条优美，屁股简洁圆润，整车锰石黑金属漆比纯黑色漆耐脏更保久不显旧，内部空间相比同价位合资车较佳，爱人看了展车也表示喜欢； 
4.用车体验：目前6个月跑了1.3万公里，铺装道路、泥石山路路况下油电各种模式都试过，平常主要混动油电经济模式，任何模式下力量足够，爬山冲坡如履平地，绿牌加身，走哪里都忍不住被人多看一眼，整车也没有出现系统误报或者车身异响； 
5.不足：电池容量偏小续航偏短，这也是目前插电混动车的通病(就是因为这原因pass掉了保时捷)，希望宁王这样的王炸电池研发企业攻破单位体积电容量翻番的技术吧。有待时间验证的忧虑点：暂还不知电车的电芯耐久抗衰减性能如何？希望不要像手机那样过几年电池掉电刷刷刷就行。 给大众提个最具备可改进的缺点：后排中间地台隆起！太高！太高了！3人座椅变2人？穿裙子的不配坐中间？车主的呼声听不见吗？

最后，提车6个月后模式切换建议：
1.这车自重1.8t算重车，纯电模式最平顺、安静、敏捷，体验感最佳，但满电只能续航50公里，所以50公里内短途能纯电就纯电；
2.长途(普通道路)用纯油：即蓄电池维持模式，一来油能满足长续航，二来电能留着红绿灯起步时系统自动靠电起步整车反应敏捷不拖沓。长途(高速)用蓄电池充电模式，充分利用发动机高转速的余能转换为电能备用； 
3.混动模式：50公里＜单次路程＜100公里适合； 
4.本车卖点性能模式：即gte模式，发动机、电机同时高功率输出动力，可以理解为S模式(苏炳添模式)，同时发电机还会充电让电能维持在50%左右，相对费油。
  综上所述排序：纯电—混动—蓄电池维持—蓄电池充电，而gte看心情，一旦按下此键，车头昂首前窜。

(此车各种模式对应具体操作和车辆反馈见图上备注)",2022-09-01,成都,
热闹苹果21g,动力充足，续航太短，痛点是没有快充。续航短不要紧，有个快充也能很大程度缓解电量焦虑,,兰州,2024-03-06
rock362,"8月23日提车，颜色白色，地址在济宁，是现车当天下午就挂牌提车了，下午有点小雨，不过不影响提新车的喜悦心情🥰。


【购车经历】
家里人还需要一辆车上下班使用，也是算是刚需吧。本来就考虑的是油电混合动力的车，整天浏览懂车帝车型，很快热度颇高的宋dmi就映入眼帘了，试驾了，订金也交了，漫长的等待过后，后续你们就懂得了，家里人对大众的品牌还是比较信赖的，当天看到现车，生产日期不满一个月，当即一拍即合，就它了。





【动力表现】
当时试驾的时候就体验了一下这辆车的五种驾驶模式，动力最强的是gte模式，这个模式下车辆转速拉高，电机和发动机同时运作，7.87的百公里加速成绩带你体验加速的酣畅淋漓，毕竟有2.2kg的车重，这个成绩也不错了，但是平时自己开车用的最多还是混动模式，毕竟省油才是王道。

【空间表现】
整车空间比较大，车辆轴距达到2730，家庭使用绰绰有余，储物空间使用空间也很合理，由于电池在座椅下面，没有影响到后备箱的使用空间。

【油耗】
电耗：最近两天充满电显示有50公里的续航，实际纯电跑下来有45公里左右。
燃油：一直用的油电混合动力，提车到现在才跑了130公里，表显油耗4个多。相比于燃油车很省了。

【续航】
满油满电的情况下有接近900公里的续航，没毛病。

【驾驶感受】
自己之前开的车是雪铁龙的车，底盘操控也挺出众，不过还是喜欢大众车的地盘质感，硬而不颠，软而不飘，很好的平衡了这两点，整车行驶质感很整，不能说人车合一吧，但会让你爱上驾驶的感觉。

【车辆配置】
车子是对象来开，买的是顶配，配置还是比较全的，像主被动安全装备，全车六个气囊，并线辅助，车道保持，主动刹车，前后雷达，自动驻车等等这些实用的配置都没有缺失，对于女司机作用还是很大的。


【最不满意】
这个车宣传上是配有360全景影像的，实际全系没有配备，而且这个功能加装也挺麻烦，还是练好自己的技术吧🙃。


【提车价格】
全款和分期最后落地价是一样的，落地22.4，有一个置换补贴6000元不算在内，双保2699，保险五千，实际落地21.8。就一辆车一点没优惠了。

上一辆车开了10年之久车况依然很好，风风雨雨走来感谢有你陪伴，当看到这辆探岳gte时就认定属于自己，对于属于自己的事物一向都是爱惜有加，祝福下一个10年或甚至更久，一路相伴，感恩有你。🥰",2021-08-24,,
用户6115596255848,第一台车，本想买油车，看到这车就喜欢，临时改主意，当天提了现车，本人对纯电续航要求不高，开了两千了，感受如下：1:外观大气，稳重，又不像途观那样土气。2:开着感觉硬气，操控性好，对得起这价位，咱也没开过其它车。3:好多人说续航差，其实这车设计的初衷我的理解是类似于轻混系统，但又比轻混好，油车动力深度混合，保电模式当油车开，充了四次电，2207公里，油电费用合计每公里四毛六，如果充电方便，肯定是还便宜。4:要合理切换动力模式，本人心得：长下坡或七十码左右经济车速时充电模式，不太费油，电充满后路远的话，切成保电模式，这样速低用电，速高用油，如果路近且终点可充电，则可用纯电开到点再充满。我曾满电时用纯电模式跑过三十二公里慢下坡（勉强算坡，两三度的那种）后原路返回，下坡时适时用B档（减速时由D换B），返回一路用D档，跑到62公里电量剩百分之一时发动机自动启动，超过官方数据，主要是能量回收设计的好，高速长途不充电也很省油的。短途如果能适时充电，可当电车开，百公里以内往返，如果能充满电，也是很省油的！B 档在车多时要慎用，一松油门就减速快，刹车灯不亮，容易被追尾！,2023-12-22,兰州,
Lightenn,空间够用，纯电里程一般，综合油耗比纯油要低， 【最不满意】 智能化水平一般，语音控制鸡肋,,邯郸,2023-09-20
探岳人生,驾驶感受稳如老牛，飙到140车内没有什么感觉。空间也够，智能一般，人机对话比较差，说的话经常识别不准。,,天津,2022-11-13
八月的峰,开了800公里，各种路况都试跑过，各种功能都试了，还可以，空间，外观，配置都满意，唯独续航有点鸡肋，家里没充电的地方纯电基本没用，平时只能油电混动，好在油耗4个左右还可以。,,宁德,2023-05-17
寸心千古3,外观大气，内饰一般，配置还可以，空间真的不错，纯电续航就那么回事，智能化比智障好点，驾驶感受还不错。,,西安,2022-12-10
远程慢车,"续航能力有限，智能化不太丰富，建议可以通过升级或者更换电池包增加续航能力，
【智能化】最起码360影像，有待于提高。

【油耗】综合油耗控制在5升以内

【续航】能提高的200公里左右比较合理吧！",2023-07-12,郑州,
用户769855865589,"【提车价格】全款落地20.3（补贴后），不到21的价格已经很美丽了，有4k防疫补贴和6k的购车补贴。3699和全景360是赠送的，给店里先谈价格再要选配置这没得说。

【购车经历】砍价技巧：四月听说好多经销商任务没有完成，在月底的前5天开始价格攻势，一点一点往下磨，最后月底倒数第二天临门一脚。该送的3m车太阳膜前后和双摄该要的都要了。零零碎碎的小东西做好清单，付款前给他要。

【空间表现】前排空间对于suv车型来说这没得说，后排可以勉强翘起二郎腿，后备箱空间有点小。视野十分宽敞，没得问题观察前方车辆很清晰。

【驾驶感受】gte模式模拟的声浪有点像嘶吼，和大排量发动机还是不一样，毕竟是个小排量发动机，不能要求太多，不过一般都是为了经济性呗。

【续航】这是一个需要好好说说的点，要是可以提升到100km的续航就好了，但是想了想要是提升了油车改怎么卖呢。大家理解一下刀法呗。

【乘坐体验】值得一提的是dq400e的变速箱，希望能像7速湿式一样耐用吧。

【智能化】车联网基本够用，不过市区内拥堵等实时路况比导航更需要吧

总的来说，车无完车，就看给你的便捷性和舒适性比他的缺点多多少吧。毕竟一个代步工具，开心就好。",2022-05-06,郑州,
刁T民,1、外观；比较满意，选择这个车有一部分原因是冲着外观去的。美中不足的是着急提车，买的金色的。 2、动力；超过了预期，不管有电没电动力都是杠杠的。开GTE加速时都是轮胎打滑往前走的，甩我以前的捷达八条街😎 3、超控；这点不用过多赘述，大众的基本功是没问题的 4、续航；这个要给差评的，辛辛苦苦充电3个半小时才充满，结果不到一个小时就用完了，还不支持快充……用混合动力还能坚持时间稍微长点 5、智能化；大众这一块做的比较一般，和国产车比不了。亮点是迎宾大灯、迎宾踏板，可以有点仪式感。 6、油耗；满电就不说了，亏电状态不使用充电模式油耗：市区7个油（特别堵的话上调1个油），高速5.5～6个油。毕竟车重1.8吨，还算符合预期。 7、耐用性；目前公里数还不大，没参考意义。选择探岳就是因为这套插电混动系统简单，或许油耗不会有太大亮点，但是正因为简单出故障的几率会低，买个车首先考虑的得是省心。 我了解的奥迪、起亚的插电混动都是用的这套系统，综合来算，这套插电系统的保有量还是可以的，不至于销量太少车龄大了以后没人知道怎么修,2022-07-19,郑州,
WTiger666,2020年下半年那会入手买的，当时也看过其他phev车型，决定这款车有GTE的标识还蛮个性的，赶上当地有政府补贴政策，选的GTE专属蓝色，吸引我的是奥迪q3同厂的品控，提车城市当地生产，内饰和配置以及续航和智能化在当时对我来说够用，没有选高配那款是因为平常都是我自己独自开车频率高，日均驾驶100km左右、高峰值单日会破200km，每天都回家充电，百公里平均油耗4.44L（自加油至今统计的数据，高速快速城市和乡镇路况），已经行驶超6万公里，日常跑动车都是装载了一堆公司的样品，驾驶模式会根据路况手动切换，市内短距离纯电/混动，乡镇电量保持，亏电后充电模式，需要激烈驾驶时候开启GTE模式，推背感就来了，一血是在乡镇路上被异物蹦到的主驾驶门2块漆，二血是右侧车门下方移出障碍物区域刮蹭的，三血是进入小区后右拐自来水公司施工没有围栏醒目标志刮蹭的，四血是被人为在后排右侧能划的道子……这些伤都还没报保险和修复,2022-06-30,天津,
谢浚又叫Joshua,"￼

谢浚又叫Joshua

9分钟前

大众油电混动用车体验

选车：我28，毕业工作两年纯凭自己购车，一开始都是奔着BBA入门，犹豫了俩月，就要开始筹备婚礼了，同样20+的预算，想想日后养家糊口问题，入门BBA确实不够用，经济实用大气，选了绿牌大众，又在广州省了2.5万上牌钱?，挺香。

油耗：最关心的问题来了，有充电条件天天充电，那油耗低的恐怖，没有充电条件，我建议直接用维持模式，我新车落地没有充电条件，维持模式纯油走了2000km吧，表显油耗5.3L百公里，维持模式好处是电用在刀刃上，起步，在发动机顺畅了再把电冲回来，加上点优秀的脚法，一台2吨重的SUV纯油开5.3的油耗，很优秀了。

动力：我认为是够用了，电机加速，动力随传随到，加速平顺丝滑，只要有电，加速就非常顺，但没电了就不好说了，1.4发动机确实有点吃力。

内饰：这个内饰只能说比毛坯房好上一点，但经济养家车，也行吧，别和豪华车比就好

车机：车机系统一如既往地low，大众的车机真的就是比没有好上一点而已，老科技了，老掉牙的那种，懂得都懂。

缺点：电池太小，充电太慢，行李箱因为电池占用了不少位置，且舍弃了备胎位置，没有了备胎。

总体，我认为确实是踏踏实实的家用养家车，先稳住，再追求想要的",2022-01-04,广州,
里昂L肯尼迪,购车目标很明确，城市限号，还有孩子，就买个绿牌suv，预算25左右。 充电条件不成熟，且未来会打算长途，最终锁定插电探岳。 买的二手准新车，豪华版，价格搞到18.8直接开走，什么都不送，羊毛出在羊身上，几分钟就提车了。 开了几天还有惊喜，之前配置没有详细研究，次日出去玩出停车场，跟前车太近突然触发自动刹车，摸索中控时竟然还有座椅加热，进隧道自动大灯开启，车内还有氛围灯（媳妇发现的），进地库下车地面还有迎宾灯。意外之喜更对探岳gte充满好感。 提车时油和电均见底，加满油未充电开了这几天，b档回收，基本油耗八个多，起步经常还是电起步。唯一不满意就是长时间等红灯发动机起动怠速震动比较强烈，且耳朵也有明显的共振，目前没有别的更多问题。 结合价位总体满意，如果不是城市限牌，直接就买q3了。,2021-10-05,郑州,
小摩托会上树,"小毛病没有网上帖子说的那么多，加速平顺性、底盘质感都很棒，电池续航马马虎虎，市郊结合区工况40km左右，满足我的基本需求。

大众车的双离合变速箱低速顿挫通病也有，不过是极低速才会偶发（进地库过障碍物时，接近停车速度会出现小顿挫），适当避免接近停车的低速行驶，可以完美避免低速顿挫。中高速换挡很平顺。

GTE模式动力很棒，超车很轻松，0-100加速不需要地板油，正常踩，随踩随有。100以上加速也不肉，试过100-140，高速变道稳定性不错，没有日系那么漂。经济模式也就是纯电模式，80km/h后的加速偏软，高速路上适合使用GTE模式，增加行车安全，油耗也不高。车是用来享受生活的，买车不舍得油费，那何苦买车呢？骑自行车多好，环保又健康😊。

目前一直在使用纯电模式，表显百公里电量16.1kw·h，偶尔使用GTE模式，目前行车400km，油耗1.6L/100km，实际用车成本在0.25元/100km以内。考虑到12万公里或是电池质保8年后，可能面临换电池成本，目前用车成本近似于换电池成本的8年展期，但是获得了绿牌不限行、超越探岳380tsi的动力表现以及货币时间价值（科技进步大概率会让8年后的电池成本更低），感觉也还可以

我的车打算长期开，不打算换车，最多是再买一辆补充家用，所以我不担心车辆保值率的问题。毕竟车是越换越贵，可能有人举例说有越换越便宜的车主，但这是个例，极端样本不代表总体。

后续用车发现什么毛病或者优点，再和大家分享",2022-10-11,天津,
我是传奇9977,混动模式真的不错，起步纯电，速度上来自动切换发动机，上班7公里，来回14公里，纯电能跑3天，市区混动模式不用发动机充电的情况下油耗6个左右，如果需要发动机充电，市区油耗9-11个，高速直接GTE模式，油耗6个多，还是边跑边充电，跑个200公里电就充满了，目前一直用D挡，起步就是纯电，速度上来自动切换发动机，感觉不到顿挫，只能听见发动机介入的声音，很满意，对我而言，20万买个这车，操控性很好，驾驶感受比日系好，地盘调教也很好，很满意，买车之前，看过皓影的混动，荣放混动，CRV混动，不太喜欢那内饰，落地价也比探岳混动高，索性直接买了探岳GTE，混动模式下，刹车4分之1的虚位，在踩点就能感觉到刹车了，能听到类似车轮带动发电机那种声音，就是动力回收，音响效果也不错，没有环绕音，毕竟这价格，前排座椅偏硬，后排座椅比前排软，其他没啥毛病，缺点没发现，总之感觉很好，对我而言，家用完全没有问题，操控，加速，空间，油耗，都很好，德国车的操控不用质疑，加速这个车0-100只用8秒以内，空间只要知道德国车的都知道，空间没的说，油耗吧，1.4T本来就不费油，还带个电机，变速箱吧6挡湿式的，我开的没感觉有顿挫，发动机吧211也是很多车搭载的，其他方面目前开的没听见哪有异响，总之很满意。,2022-05-18,晋城,
昔我往矣呀,第一印象是安静，平稳。接触探岳GTE之前几天开的是一辆排气管漏气的现代悦动，所以感觉开探岳像是开飞碟。 使用方面，纯电只适合20km内上下班通勤。 50km续航要充三个半小时，因为是慢充，不能用直流快充。所以最好有固定车位能装充电桩。我用的城投的路边充电桩，不太方便，覆盖率低。 后来开的车子多了，也就想着来评价一下，相对也客观点。 另外本人相对比较批判，所以只说不满意的地方了，没说的方面，基本就是和价位档次相称，或者非常满意 首先动力对我来说差点意思，1.4T混动才做到8秒多的零百，数据上就差了，实际体验上想达到我满意的加速，基本就要三四千转起步了，发动机略闷了。其实8秒多加速并不慢，但这个发动机给我的感觉好像很吃力的样子，于是就不太敢踩。 可能是心理作用，也可能是好车开惯了。时隔半年再次驾驶感觉没那么惊艳了。客观来说减震效果不错，但是路感基本没有，大点的坎坎还差不少意思。,2022-09-23,,
车天车地扯大炮,"探岳GTE是一款中型SUV， 豪华型是入门级配置，官方指导价20.98万。

保养方面，首保在5千公里的时候做，基础保养项目包括换机油和机滤，费用大约900元。二保的时候要加换空气滤芯，火花塞，费用就去到1900元左右。5.5万公里的时候做大保养，要做基础保养项目，还要换空气/空调滤芯，火花塞，制动液，发动机油和冷却液，价格就去到2600元左右。保养间隔时间比较合理，不会太频繁也不会间隔太长，价格也不算贵。

动力很赞，1.4T涡轮增压发动机配85千瓦电机，综合扭矩400N牛米。纯电里程54公里。起步或者低速跑动的时候，纯电模式的优势明显。加速轻快而线性。脚踩油门动力如影而至，红灯转绿灯的时候一下子就可以跑出几个身位。而且相当安静。油门踏板进一步深踩的时候，发动机会根据情况介入，这个时候动力就相当充沛了还会有明显的推背感。高速跑动轻轻松松，超车并线也完全没有难度。120公里/小时要加速动力也有远远不绝的感觉。

前是麦弗逊式独立悬挂，后为多连杆式独立悬挂。悬挂调教偏舒适，悬架行程也稍长，对于路面颠簸的吸收能力不错。过普通城市路面遇到小凹坑的时候，震动被悬挂完全吸收。即使过大片的坑洼的时候，悬挂也很好地化解路面的冲击。在车内没有摇晃的感觉。底盘质感还不错，但是车身重心稍高，中速过弯的是时候车身不够紧致，车身姿态一致性不够好，会有一定的侧倾。",,,2021-04-22
玩车教授,"外观上，探岳GTE的大体轮廓跟探岳一致，区别在于一些外观上的细节上，另外采用GTE专属的星辰蓝车色，德系设计一如既往的工整、精美、大气，探岳GTE的整体造型相当耐看、顺眼。GTE是大众全新的新能源系列车型，有多处“GTE”标识，GT意为Gran Turismo，E代表electric，是大众集团新能源家族的身份标识。

在尺寸上，探岳GTE是标准的中型SUV身材，车身尺寸比起竞品没有太大的优势；但是话说回来，插电混动的中型SUV也屈指可数，这个细分市场里面，探岳GTE的尺寸也没有太大的劣势。

进入到车内，内饰采用非对称布局，采用米白色内饰，整个氛围很居家，于燃油版探岳最大的不同是方向盘的造型，新款造型融入磨砂质感的金属饰板，更具科技感。银色是内饰视觉效果的主基调，饰板采用磨砂铝质点阵花纹，也是为了契合新能源汽车的气质。

内饰用料上，软的部分并不多，但身体接触频率较高的都是皮质用料，虽然硬的部分较多，但车内所有的用料质感都比较好；更能体现内饰触觉工艺的是各个饰件的做工和间隙，相当精密，高级感从细节凸显出来。

动力方面，大众探岳GTE搭载的是1.4T涡轮增压发动机+电动机的插电式混合动力系统，对比竞品的动力参数均为综合功率换算的马力，昂科威我们只实测过1.5T版本，2.0T版本待测，对比的另外两款车之中，跟途观L插混版的动力总成是差不多的，理论上测试表现也差不多。需要指出的是，在测试路面有轻微湿滑，而且是在电池没电的情况下测得了比官方还快的8.3秒，如果是满电的状态下，跑进8秒问题不大。

实际体验下来，本身1.4T发动机放在探岳身上就已经够用，得益于账面数据可观的电机（85kW/330N·m）加持，爆发力之充足，使得探岳GTE平添几分激情，迅速而直接的提速，动力体验上不输380TSI的探岳。

混合动力模式下，可以设定电池维持模式，主要让发动机驱动，保持电池电量；也可以通过充电模式为蓄电池充电，可以让驾驶者自由控制电池电量；这套能量管理系统跟宝马的eDrive有异曲同工之妙，非常科学而且合理。

低电量情况下的表现值得点赞，上文加速测试可以看出，低电满电的动力表现差异不大，因为电池会保留一直保留小部分电量，以保持整套动力系统有充足的动力表现。所以你不必担心电池没电之后会发动机会小马拉大车，也不必担心过高的油耗，这是探岳GTE这套插混系统的成熟之处。

同时，大众的双离合变速箱已经是业内标杆产品，搭载DQ400e湿式 6挡双离合让人更放心，由于低速半油门以上都会是纯电或者是混动行驶，这就巧妙地这个最容易产生顿挫的工况，当深踩油门需要急加速时，发动机转速已经去到2000转，进入双离合高效平顺的转速区间，这套动力系统使得探岳GTE的驾乘体验更平顺、更安静、更高级。",2021-03-08,,
四轮儿车,外观方面 探岳GTE车型是基于普通版探岳打造而来，定位于中型SUV，车头中网以黑色为底上面带有一个贯穿式镀铬装饰条，下杠是大众新能源独有的设计，“C”字型的日间行车灯极有辨识度；配18英寸低风阻轮毂，尺寸适中，车尾主要是下杠有变化，带有双出假排气装饰和中间仿导流槽的设计，有一丝运动的感觉。 内饰方面 内饰的设计是大众家族化设计，相比普通版探岳方向盘更为先进，有10.3英寸全液晶仪表盘和8英寸多媒体屏幕，座椅及门板融入一些蓝色的线条，代表新能源的身份；中控台做工还是以软搪塑和硬塑料为主，其实不太能达到25万车价的水准。 配置方面 配置上有很大的惊喜，以顶配车型尊贵版为例，带有主动安全相关配置、自适应巡航、自动泊车、方向盘加热、前排座椅加热和通风、全LED大灯及自动空调等，第一次在大众这个价位车型见到方向盘加热和座椅通风。仍有不足：没有360度全景影像、前排座椅记忆及自动雨刷，作为顶配车型这几项实用性的配置应该有。 乘坐及空间 后排腿部空间非常充裕，加长的途观L也就这么大，全车的坐垫软硬适中，后排坐垫支撑性很好，在同级别车型里舒适度属于上游水准；后备箱容积413L，尺寸上不如普通版探岳大；后排配置上有后排独立空调和两个USB接口。不足：1、后排没有隐私玻璃，竞品车型很多都带有；2、后排地台有鼓包，影响中间乘客舒适度。 行驶感受 搭载1.4T发动机加85kW的电机组合而成，匹配6速湿式双离合变速箱，综合功率为155马力，综合扭矩为400牛·米，带有13度的电池组，工信部续航里程为54km。1.4T发动机在输出端串列了一个85kW的电机，然后动力经过变速箱进行混动的动力输出，因为变速箱在发动机和电机中间，车辆可以实现纯电行驶；另外还有GTE模式，发动机和电机以全功率进行输出，这个模式下动力比2.0T动力来的直接，所以这套组合是经济和动力比较折中的搭配方式。悬架比较软，配上厚胎壁的轮胎让这台车悬架很舒适，有些偏向美系车的风格，以家用舒适性为主。不足：它的电池组只支持慢充，不支持社会公共充电桩的快充，所以买车前提是必须得有自己的慢充充电桩。 总结 探岳GTE这款车配置比较高，动力组合在经济性和动力输出上有一个很好的平衡，针对的用户是以市区行驶居多，如果常跑高速不太建议选，另外就是得有家用独立的慢充充电桩，只有满足这些条件才能发挥出这台车的价值，根据优惠完的价格建议选尊贵型。,2021-02-25,,
春雷乃发,【外观】：本人选择的是白色，在各种细节亮点的点缀下——轮眉描黑、中网标志、大灯细节、门侧金属标、侧底黑边、引擎盖线条、漂亮的轮毂等，让本来中规中矩的SUV车型，更富有锐意进取但又不显张扬的感觉，也许这就是一个刚迈入中年的人最好心态的写照吧。 【内饰】：氛围灯的设计，让每一个人进入感特别强，特别舒适。车内环绕的灯光整体呈蓝色，迎宾踏板呈白色，外加投影到地面的“GTE”字母，让人有一点点的得意，但又控制得恰到好处，避免了花里胡哨之嫌。这种亮点在仪表盘表现得特别淋漓尽致，黑色背景加蓝白色调的指针数字，让人迫不及待地想让数字跳动起来，去马路上拉风一把的冲动。 【配置】：不是专业汽车认识，就自己的驾驶体验来评价。首先要吐槽电子液晶大屏的内容设计没有与时俱进，导航系统更是给人回到了5年前的感觉，直接被手机导航秒杀。豪华版应该没有网友看重的Acc等先进自动驾驶功能，但作为一个刚升级改善的手动挡司机来说，方向盘上的功能键等配置都够用了。尤其是定速巡航，用起来还是非常方便快捷。最后，随车赠送的家用充电线，也算是考虑周全，在后备箱的垫子下面，网上买一根老贵了。 【空间】：后备箱略微小一点，但也已经够用了。驾驶室腿部空间一般，不是非常宽敞，幸好自己就喜欢腿靠在边上驾驶。座位如果靠前，驾驶员入座可能会碰到头部，需要歪一下头，但就座后座椅的包裹性非常好。副驾驶和后背空间都是非常充裕的。 【操控、动力】：按一下GTE按钮，瞄一眼仪表盘，点踩油门奋勇而出，再加上方向盘的精准，指哪打哪，变道超车有快感。而且GTE模式既可以运动暴力，还可以能量回收，大大弥补了电续航短（51公里）的不足，更难能可贵的是油耗居然只有7个左右够了。换挡档把有能量回收的功能，就是在D位上往后拉一把，这让开惯了手动挡的我，不安份的右手有了一个归宿感。有空没空，拉一下能量回收，温故了手动挡回忆，又间接充当了刹车功能，这感觉很有操作感。 【舒适】：其他都好，就是感觉底盘有点硬，颠簸的路上，震动感强烈。电动模式，在平整的路面上看，非常安静。 【其他】：充电盒的安装，是在自己一次次地申请中收获的，而且电缆在超出30米的那一部分额外收费49元每米，幸好安装工序非常专业，师傅也很敬业，就当是买了一次服务吧。51KM的电力续航，短了一点，而且空调和座椅电加热尽量不要用，不然续航缩水很快。 这就是我目前的用车感受，感谢各位看官，期待Gte的车友越来越多。,2021-02-07,绍兴,
开自家小岳,探岳Gte我看了很长时间，才决定购买的，他比唐，宋长续航的纯电续航里程要短，但是Get的驾驶感受是唐和宋给不了的。而且颜值比较高，运动外观让我一眼就喜欢上了，在同级别车里，空间对有二胎的家庭绝对够用，后排空间175cm的人不会感到拥挤。动力比较充足，不会让人感觉到是1.4的发动机，Gte模式下推背感十足，驾驭感十足。纯电模式，安静舒适，短途就是一辆纯电车，非常经济。车内储物空间够用，我给中央扶手箱买了一个隔层，空间更大了，车门上的储物空间够用， 唯一美中不足的是后座边上的储物盒不知是干什么用的。后备箱有点小，毕竟电池占了一部分空间。总体来说，Gte油耗低，空间够用，科技配置够用，车辆外观比较运动，20W预算的值得拥有。,2022-04-21,天津,
风中萤火翀,购车经历： 深圳从开始摇号一直到到现在，次次落空，加上刚性需求，没有办法了，所以干脆不要了，直接上新能源，因为老家比较远，纯电不太方便，所以直接放弃了，只能考虑混动了！ 刚开始去看了宋DNI，也试驾了，配置丰富，功能多，大屏看着确实舒服，国产车确实越做越好了，唯一不足的是等车得4个月！所以只能放弃了！ 其它车型混动也去看过，感觉同价位配置差点！ 本来一直有个大众梦，以前心想中牌买速腾的，一直等，速腾都换了几代了，也没有中，朋友也提了速腾，空间油耗确实可以！ 一直喜欢探岳的油车，无奈没牌，最后只能去买GTE了！ 选好后，天天各种平台看，4S店也去了好多家，试驾，各方面都觉得还可以，最后就到了坎价阶段！ 换三家问过了，只能选最便宜的一家了！ 有一台12月的，没有要，优惠更大点，选了一台6月30的出厂，刚到店的！主要是怕电池包有问题，所以选近一点的！(其实没啥影响)个人喜欢而已！ 后来就是定车，看车，选牌，直接网上一次选了，省的麻烦，我也不用临牌，等一起弄好在去提！ 只能说试驾感受，因为没有拿到，所以更深的体会，空间比较大，唯一缺点，后排隆起有点高，其它到好，配置丰富，座椅舒服，缺点前排没有软包，硬塑料，拉低档次，不过是DZ一惯风格！前脸漂亮，全系LED光源，c字日间行车灯（我更喜欢油的⭕️）。动力完全够用，特别GTE模式，加速，起步都挺猛，唯一缺点邮箱太小，47L不过也没有办法，要放电池，只能牺牲一点邮箱了！后备箱空间还可以，全系电尾！舒服！ 目前没有正式提车，也不知道续航和油耗！ 只能购物体验完高速大家了！,2021-08-16,,
瓦罐菜,外观见仁见智，符合我的审美，内饰虽然不是最理想的，但比之前的老雅阁还是上了几个档次，空间不得不说丝毫不比雅阁差、但是座椅偏硬，没有日系的软，动力如果有电的情况还是比较猛，亏电和我2.0自吸雅阁差不多、因为还没上过高速不知道高速效果怎么样，还有一点吐槽的就是刹车比较软，类似中间踩20-50%这段没有刹车力度，新手需要特别注意，配置几乎打满，一键启动，无钥匙进入，座椅加热通风，L2级驾驶辅助，后视镜加热折叠，倒车影像雷达等都有，表演后排座椅可以前后调节、靠背角度也可以调节，后备箱容量中等偏上，不算太大，注意下面备胎位置安放了邮箱、地台一点高，还有感应后备箱不太灵敏，经常能扫开但是扫不关🥲，总体来说比较满意的！,2021-12-17,深圳,
雨落0869,"【驾驶感受】
我觉得还可以，女孩子嘛，懂得不是很多，但是！这个刹车太软了，要提前好久踩刹车，习惯了也就觉得还行。

【空间表现】
空间还是很大的，对于我来说足够了
【续航】
电续航不太行，充满显示60，我感觉开不到60就没电了，不过无所谓啦，反正有油，也是为了绿牌
【提车价格】
价格我记得不太清楚了，好像是18万多吧，全办好落地20万
【购车经历】
最开始看大众的时候没看探岳，看的宝来，觉得宝来太丑，一眼看中了ID4，都劝我别买纯电的，没安全感，最后看了一眼探岳，我就喜欢上了，价格各方面都在我的预期内，后来去看了别的车，还是觉得比较喜欢探岳，因为喜欢suv，这个价位插电混动的suv还是比较少的",2021-12-21,杭州,
用户3794584104979,"【驾驶感受】
动力随叫随到，纯电模式下特别安静（关闭音浪，个人不太喜欢，除非在小区或闹市，给行人听！），GTE模式下又转换成猛兽，第一次开还把自己吓了一跳，直接原地挠轮，抬头起飞！

【亮点配置】
顶配确实不错，自适应巡航定速、各种辅助，加热，特别是加热，对于北方天气很有用。
【空间表现】
空间整体还可以，乘坐空间充足，毕竟是SUV，但是后排座椅调至最后，后备箱整体的空间不是很大。
【续航】
纯电续航没有官方发布的那么多，毕竟平时开空调，但是上下班19公里路程，完全够用，每天基本到家还能剩20多公里，如果有充电的地方每天充电，完全不用油。
【最不满意】
也是续航，今天第一场大雪，气温骤降，续航好可怜！！！估计也就不到30公里，和全程低速，开空调也是有原因的。",2021-11-08,沈阳,
恺撒大神,探岳Gte纯油混动7.5L/100ml，亏电跑比较多，城市里比较堵，如果有电的话，一般3L，目前跑了1700公里，换挡平顺，空间表现一般，比途观L后排短一点，驾驶感受比较好，电机和发动机配合完美，基本切换感觉不到，家用还是比较可以的，可能就是相对油车来说省一点，动力强劲，400n的输出，踩油门随时都有动力，5种模式，纯电，混动，Gte运动模式，充电模式，电量维持模式，最常用的就是混动模式，有电的话短有充电桩建议纯电模式，gte模式油耗大，动力强劲，自动充电，土豪用的比较爽，充电模式不建议用，油耗量大，动力能明显感到弱鸡了，电量维持模式不知道是什么开了还是掉电，应该和混动差不多，这个车就是能体验电动车和油车的双重感觉。,2021-12-18,乌鲁木齐,
小小小飞侠123,前外观耐看前脸最为满意，尾部稍微有点中庸，但是不难看。内饰科技感十足配上氛围灯，很满意，就是这些类似于烤漆面的外表太容易刮伤，没用多久就出现各种划伤或者擦出来太阳纹。配置非常全面，几乎都有，就是这个主动刹车太灵敏，下地库总误判刹车。空间方面很宽敞，但是后背箱储物能力差一些。没放多少东西就满了。方向盘非常轻盈，很轻松不累。动力方面，gte模式非常强悍，有电驱动起步加速很轻松很有效果不费劲，但是馈电了加速就没有那么好表现了。后排座椅乘坐很舒适，但是驾驶员座椅总是感觉不太舒服。混合动力非常科学。短途长途都能应对，用电经济，就算馈电，油耗也能在6-7个油左右。很经济。家里车位有充电桩，上班几乎不用油。,2021-11-12,沈阳,
空空空Oo,本来是看迈腾GTE的，但是没现车，同事推荐这款车，第一眼就相中，无论外观内饰个人都觉得好，小孩看到车也非常喜欢。空间也很不错，至于动力的话看个人需求，我感觉是足够，纯电模式真的很安静，出现过一次启动后还以为没启动又按多一次，也出现过下车的时候以为停了，然后一直锁不了车才发现还在启动，提车到现在才开了不到500公里，其中还是近期跑了一趟高速350多公里，开的少，目前还没研究出五种模式怎么开才省油，而且没有充电条件后期基本是当油车开，混动模式充不了电就有些遗憾，GTE模式属于运动模式，像我这种比较温柔的 估计会很少用，明天试一下全程混动模式，看看油耗去到多少，纯电感觉刹车很软，个人感觉纯电模式挂B档应该会更好。,2022-01-03,深圳,
时光之晨1993,三十而立，自己下定决心今年要买辆车了。期间也看了很多车，轿车，suv都有，最后因为价格区间，绿牌，续航等综合原因，选择了这款车。在懂车帝，微信群观望了很久，终于趁着活动下定了，送了贴膜，记录仪，360，等了1个半月，终于销售通知提车了。激动呀。提车后，表显7公里。目前开了400多公里，一直没充电，主要城市交通，总体驾驶我觉得还行，目前油耗7.1L，自己还比较满意了，毕竟新手小白。所谓的车联网，真的渣渣，基本上用不上，看个续航都费劲，经常刷新不了。另外就是没有无线充电，准备淘宝买个买个无线充电安装一下。前两天刚安装了充电桩，第一次充满电，续航56公里，还没开，不知道实际续航怎么样。昨天牌照也寄到了，一切就绪。,2022-06-22,杭州,
用户9019267551851,"车的整备质量就有待市场验证了！其他都还好吧！

目前38000了没出现过一次小毛病！
工作比较特殊用车比较频繁！

我也不是很爱惜车的人，一直当工具使用！没觉得要怎么呵护怎么去爱惜它！正常保养就好了！

唯一觉得不太好就是后备箱太小了！要是有4驱就好了！经常喜欢去钓鱼！钓的很野的那种有4驱就有保障了！有次去钓鱼差点出不来了！

纯油动力还是有点弱！还有就是轮胎（原厂的）非常容易卡石子，关键车子没备胎，就怕半路轮胎出问题，那估计要泪奔了？

油耗的话不高！油贵的时候估计5毛左右/公里，
有电的情况下油耗就非常友好！3毛左右/公里，
纯电很少用，因为电也跑不了几公里！


最后说下估计后期不保值吧！不是为了这个牌估计不会买这个车！现在用过了，就目前没后悔过，因为这个车也给了我一个正常用车的保障？",2021-12-06,深圳,
机智的奶酪3E3,动力强，超哥提速啥的，动力基本随踩随有 座椅通风 ACC自动巡航 在跑长途高速的时候用处很大，还有车道保持系统，大大缓解长时间驾驶的疲劳，高速基本维持在6.8-7L/100km左右（车速基本定在120km左右）7月10号跑高速，120km的时候踩到一根钢筋，右后轮胎压直接从2.6降到0，车上还满载5个人，可能是因为是后轮的原因 整个过程车身一点晃动都没有 ，因为车上没有备胎，只能叫高速救援，花了300多大洋，后面到4儿子店了解到车胎这种情况下已经算是爆胎了，没法修但是四儿子店说没有这个轮胎的现货，要等四天，后面就从外面花了600多买了一个装上将就用，总之开了两千多公里 这个车整体感觉不错（这钱花得不亏），据说整个车身平台和Q5是一样的（咱也不知道是真是假）,2022-07-12,深圳,
冷麟锋,【空间表现】 本人身高1.8米，前排头部和腿部空间都有一拳多富裕，后排头部一拳，腿部两拳半，后排中间坐垫偏硬，腿部中间有隆起不舒服。 【续航】 纯电续航春夏秋季基本都在50公里左右，纯油模式基本都用在高速公路上，纯油续航在750公里左右，满油满电能跑800多公里。 【油耗】 纯电模式下的电耗在15kw/h左右，混动模式下的油耗基本在4L左右，高速纯油模式下的油耗在6.5L左右，充电模式没用过。 【智能化】 缺少360环影，车联网OTA，手机远程启动，不算智能化吧…… 【最不满意】 内饰塑料太多，后门上靠玻璃那都是塑料，冬季行车有异响，前轮减震异响 【购车经历】 本人金牛座，首先征服我买车欲望的是车身rline外观，其次是空间和品牌 【提车价格】 相对于牌照有指标的城市而言，价格基本在我的理想范围内。,2022-05-08,无锡,
用户3207032945358,刹车偏软，没电状态下提速一般，悬挂感觉一般。 续航讲真的，在限牌城市，绿牌主要目的是通勤，当然，家里有条件安装充电桩是极美的，我没有条件装充电桩，交流电需要3.5小时充满，且需要每天充，目前为止，我冲过一次电，其余全是用油，油耗6个左右，我也不棉花脚。,2022-11-03,深圳,
用户2953448661973,开着中规中矩，内饰比普通大众稍具科技感，充电3小时续航30km还是混合动力模式开着好大概200km内油耗3左右,,宁波,2022-06-22
用户9890386549933,【整体感受】外观，内饰这种东西比较主观，萝卜青菜各有所爱，大家自己喜欢就好，反正探岳GTE我是挺喜欢的，操控性我觉得也挺不错的，开起来觉得很稳，很流畅，动力够用，跑高速的情况下想超车超的更轻松可以开GTE模式，不开的话跟普通纯油车差不多的感觉。纯电续航应该在40左右吧，从空充满电大概9-10度电，3-4小时，日常市区+高速通勤上下班油耗5.2，电耗没太注意好像也是4-6度的样子。整体来说这车我开了一年半还是很满意的。 【空间表现】之前去宜家买了那个两米长的桌面，车装下了。 【智能化】车机自带的地图不怎么样，我上淘宝买了个华为Hicar模块连车机上，然后无线连手机，体验很不错。 【不足】个人觉得明显不足有两点：1.充电口在车头。这点主要影响充电时候停车位比较麻烦，很多充电线不够长，就要把车头塞进去，就不好停车……个人感觉还是充电口在后面会好很多。2.前雷达有点太敏感。个人怀疑车头的前雷达安装的离地高度有点低，有的车库下坡比较陡，又在坡尾马上有个减速带，速度快了的话会引发自动刹车，有时候开在路上前雷达也会突然报警一秒钟的样子，可能是路上有什么凸起吧，挺车位的时候，车位里卡车轮的凸起，不管前后雷达都会被探测到。 别的基本没什么了，整体来说我还是很满意的。,2022-01-12,深圳,
顺风朱,这款车整体来说还可以的。 有电的时候动力不错，亏电状态下也还行。 刹车有点软，刚开始要适应，习惯了之后也还好。 操控也还不错。 油耗也还行吧，毕竟车有那么重。 乘座空间还是可以的，后背箱的空间其实也够用，一家人出行问题不大。 整体配置在大众系里面算是比较高的了。 外观看起来比较大气丶实尚，有一定的设计感。 不知道为什么就是卖不好，可能是大家对大众的油电车缺少信心吧。 不过我们园区还是有好几辆的，另外一个同事也买了这款。 其实我也是因为B牌的原因换的混动，摇号摇得没信心了，摇了五六年也没看到希望！ 也看了很多款插电的车，合资里面也没看到什么很满意的，可选择性太小，这款算是整体满意度最高的了。 本来也考虑过自主品牌的，也看了一些，女主人不同意，所以也就没考虑了。 其实刚开始也没准备买这款车的，五一去逛商场，去得比较早，商场还没开门，旁边刚好有一些4S店，就去逛了逛，看了这款车并试驾了，感觉还可以。 在对比了一些车之后便最终选了这款。,2021-11-14,深圳,
梁小末700,外观白色显年轻，内饰用上最新设计，配置对得起20万级别价格，空间很大，大，续航最多60最少45，智能化一般般，只能说够用！,,邢台,2022-08-18
飞,"订车前看了途观贵，丰田续航好价格贵外观丑内饰丑，crv噪音大油箱小。对比下来探岳尊贵裸车22.48w，性价比最高！果断订车。
优点： 
外观拉风。车漆好。空间大。后排座椅可前后移动，可折叠放平。
配置超高！全景天窗，前排座椅电动，腰部支撑，座椅通风加热，车道识别，变道辅助，自动巡航，方向盘加热，感应电动尾门，迎宾灯，电动耳，空气净化。能想到的配置基本都在，比40万合资车配置还高。探岳大灯是奥迪进口的…
GTE模式动力十足，油耗不高同时还能充电。
没电情况下混动模式油耗5.5-6.5。
有电情况下混动模式油耗1.8-2.3。
在混动模式下，电机和发动机智能切换，无顿挫噪音。
纯电续航可以50-60不虚标，尤其堵车时用纯电或有电混动模式可以省好多油，每天通勤65公里，一箱油可以用两个月，香。",2022-03-09,上海,
关门放狗63001323281,油电混动，最喜欢是起步时的安静平稳，驾驶质感提升了，乘坐舒适感出来了。本人和家人都很喜欢。动力足够，在城市道路行驶、起步，油门踏板稍重一点纯电模式下就能快速起步推背感十足。假如红灯线前GTE一开，大脚油门起步，车头上扬前轮打滑，秒甩一条街的车。车加速心跳也加速！ 操控方面，方向轻柔指向性好，配合车道保持辅助习惯以后增加安全驾驶因素。刹车很线性，配合动能回收，省刹车皮、刹车盘。安全配置足够了，自动杀停功能避免了多次的车屁股做漆，原厂原漆保留至今。 温柔、正常、暴力驾驶都试过，一年半下来，3万多公里未出现致命的毛病，无非灯珠坏一颗，冷却水泵坏一个等小毛病，4S都全部搞定。电池几乎每天都充电，加一箱油最长历时2个多月，跑过3000多公里。连电费油费算下来，每公里2毛不到。自从开了这车，油价从没有关心过，涨到10元对我来说心里都不会有一丝的涟漪。电池也感觉不到什么衰减，最高续航到过61公里，最低也有46、7。 车无完车，总体使用下来还是给人有足够的信心去驾驭个8年、10年的。还是比较看好这款大众。油车开了个十来年，换个插电混动的再开个十来年，最后换个纯电的再开个十来年，这辈子也就差不多了吧。,2022-01-10,昆明,
张食堂狂,中规中矩的插混车，较同级空间有优势，底盘及悬架较同级不会成为短板。缺点纯电续航短，无快充，机车智障，软件更加智障。,,成都,2022-09-24
快乐泥石流,这个车整体还是不错的 动力方面：虽然是1.4T，但是加上电机的加持，整体动力充足。高速路段轻轻松松到140km/h，最高达到过200km/h。 油耗方面：城市路段由于有电机起步，就算是亏电状态，整体油耗让人满意。平均油耗在5.8L/100km吧，亏电城市路段在8L/100km左右。 噪声方面：城市路段噪声不明显，在高速上超过150km/h噪声开始明显，如果有横向风120km/h以后就会显现。 空间方面：前排空间相当富裕，后排两侧储物槽实在是没用，取消掉延长座椅宽度多好。 可以上新能源指标，不限号。 没有互联网车机。。。。 建议： 厂家最好设置一个纯电起步模式，其他路段用油，这样对一些充电条件差的朋友有益。 刹车比较软，打开动能回收才属于正常脚感，建议新手朋友留心，多踩一踩适应一下。,2021-11-25,北京,
王治平88839116,【续航】 冬天20来公里 有点太低了 不知道等夏天能到多少 吐槽下充电口的位置。。。,,烟台,2022-01-28
你瞅啥瞅你咋滴152909574,大小没得说，后排三拳左右，但是智能化可以说是没有吧，车机也只能听歌，看视频都不行，但是这车跑起来没有问题，不会说突然坏在半路,,沧州,2022-05-22
用户7388414427727,平日主要以纯电行驶为主，快速路或者高速用GTE模式，选择探岳GTE的原因主要是因为操控比较像油车，不会有油门很窜的感觉，刹车中前段主要是能量回收，偏软，适应之后还可以,,深圳,2022-11-17
乐歌辞,【空间表现】整体乘坐空间还可以，但是尾箱小了一点点，但是也够用了。 【续航】纯电续航少了点，基本3天一充，只是上下班用，有充电桩挺好的。 【油耗】提车就跑了高速，全程500公里GTE模式下来大概6.5个油左右。 【智能化】智能化一般，用无线CarPlay 有很多次死机黑屏。 【最不满意】最不满意的是提车12天左右馈电下底盘异响，起步和低速抖动，伴随着异响。充电后好一些，到没有提车时那种流畅感。解决办法一直无果。,2022-07-23,长沙,
easy888831,坐标成都，绿牌不限行实在是好用，其实个人觉得途观L的混动更好看一些，但是途观L的配置少一个并线辅助和胎压显示，而且找了朋友，探岳GTE给了个无法拒绝的价格，最终选择了大蓝，但是不后悔，车确实香，要是有快充就完美了。,2022-01-01,成都,
虚拟中的现实,人生第一辆车，20万预算想体验纯电又怕跑长途续航不够，所以买了当时选择不多的这辆插电式混动，充电满足每日上下班需求。不过1.4t和纯电用起来是2种操作体验。颜值感觉很好看。总之开了2年多不后悔！,2023-12-06,苏州,
用户4186691584865,异地购车，买完以后从北京开回淮安，全程860公里，提速个人感觉挺快，开起来轻盈；油电切换非常平顺，油耗满意860公里（市区80公里），花费油费360元，其中用油给车加满电2次。,,北京,2021-01-18
WayWang王,家用代步总体来说还是处处有余，空间感人，唯一美中不足续航短了点，不支持快充，其余无槽点。仅代表个人观点和需求。,,广州,2022-04-21
线外邦,如果要用一句话来概括探岳GTE这款插电混动SUV，那就是“一半天使一半魔鬼”。 因为，在有电和匮电状态下，这车开起来完全是两种截然不同的风格：电量充沛的时候，它有劲，比探岳2.0T低功率那款动力都强，同时还相当省油，真的就是“马儿跑得快还吃得少”；可一旦没电的时候，就完全不一样了，提速肉到能让你怀疑人生，油耗也相当不友好，百公里九升那是家常便饭，堵车的话就更高了。 除此以外，探岳GTE跟燃油版就没有啥实质性的差别了，优点槽点都类似。 好的方面是，这车空间大，后排腿部基本可以跷二郎腿，当然，中间地台高了点，如果后排坐三个人，长途会有些难受。 不好的一面是，这车座椅偏硬（前后排都如此），且驾驶座很不容易调整到合适的位置，加上胎噪比较明显，乘坐舒适性不怎么到位。 另外，探岳GTE开起来刹车跟燃油版略有差异，踏板前半段感觉过于疲软，一定要舍得踩，跟印象中其他大众车不太一样。 总体而言，探岳GTE对于习惯经常充电的人来说，是一台不错的城市家用代步车，但如果是习惯性跑长途，特别是去野外比较多，那我更建议选择燃油版，尤其是330系列，不用担心没电之后动力过弱，更何况价格也便宜几万块。,,,2021-02-28
吉林长春探岳GTE车主,唯独纯点续航短，GTE模式那是相当给力，总体来说挺好的，我经常跑高速一年五万公里没毛病，也没有小毛病，全程4S店保养,,长春,2022-04-13
糖宝爸爸9C5G,买探岳GTE豪华智联版有三周时间了，首先说说我的用车体验，买车之前我开的雪佛兰乐风1.6自吸手动挡的车，至于探岳GTE我买的黑色，成稳大气，个人觉得满意，空间很大，家用足够，不足之处座椅不是很软，动力绝对不是问题，超车啥的都不是问题，续航方面来说，纯电54公里，电池充满的话显示的48公里，看懂车圈里大神们说的，与个人开车习惯有关，如果习惯好，路况好，显示的里程能大点，如果每天都能充电的话，上下班代步，还是很方便的，性价比很高，车机系统方面，安卓手机需要下载百度carlife，还得数据线才能投屏，苹果手机没有试过carplay先不发表意见，车机自带的导航不能判断道路是否拥堵，只用过一次，不过自带的导航能投到到仪表盘上盘，这点还是很方便的，总体来说还是不错，不足之处刹车偏软，可能插混车型和纯电车型普遍偏软吧。,2021-06-07,西安,
咖啡要喝茶,"家用车，相信大众品质。
【空间表现】
前后排都可以，后车厢偏小一点，平时用够，出去玩比较紧张。
【续航】
邮箱可以，至少可以保证600公里续航。
【油耗】
高速120油耗在6-6.5左右，挺不错。

【智能化】
车机一般，没有车联网。
【最不满意】
车机系统。",2022-01-28,上海,
凌乱的竹皮河,充电慢，差评。GTE模式动力强，有电油耗低，充电不方便的慎入。你要是为了个牌，当油车开也很好，油耗6个左右。 【空间表现】 大 【续航】 一段 【油耗】 6个左右 【最不满意】 充电慢,2022-01-16,深圳,
电动EV,【最满意】 车里比较亮眼的设计首先是方向盘，有一点运动方向盘的感觉，尤其是3点跟9点的位置，握感非常好，开车一个月了。有1500km。比我之前的比亚迪比的话强太多了。贯穿车身的LED大灯，专属GTe标时增加了整车辨识度。尾部升级为贯穿式LED尾灯。不仅横向拉伸了车尾的视觉宽度。使尾部造型线条更加流畅 【最不满意】 说实话，如果不看尾标的话，这部探岳GTE跟燃油版的相似度达到了95%，第一，这款车没有备胎。第二，续航里程太短，第三，充电接口在前面，很多充电桩线不够长，而且在郑州这种城市根本很少有机会停车的时候车屁股朝外的，导致充电不太方便。第四，胎压显示为被动式。,,,2022-10-14
用户7591280528452,"本田车子置换的，学驾照买的手动本田车子，想换个自动挡的，就觉得这个还可以，就买了，感觉车子厚实，操控还可以，目前跑了还不到1000公里，整体不错
【空间表现】空间家用足够了

【续航】*刚下班够用了

【油耗】油耗有电不高

【提车价格】20个

【驾驶感受】不错",2022-10-30,新乡,
小学生硕硕同学,充电方便可以入手，操控不错，空间大，底盘很稳。车身重，电量维持模式下，油耗满意。坐椅偏硬，动力很足，D档下刹车要小心，还好有碰撞保护，平时用B档很好操控。车身四面都有雷达预警。,,深圳,2021-10-20
手摇四驱拖拉机,外观很漂亮，符合大多数人的审美观，大气硬朗又不失时尚。 空间很大，尤其是后排，翘个二郎腿都没问题 配置方面算是满意，跟国产车比却差了那么一点，合资车又是大众，算是靠谱的。 唯一不足主要是纯电续航能力太短，上班稍微远的开出去回来就得用油。 然后就是这个动力最满意的，提速超车特别好,2023-08-25,深圳,
用户3408610376086,纯电续航能力太弱了… 【空间表现】 除了尾箱，其他都还行。 【油耗】 纯油模式6-7个油，GTE模式8个油。 【智能化】 每次起动得手选模式，好麻烦。,,广州,2022-02-25
新能源死路一条,"【空间表现】
后排空间符合大众的预期，可惜后备箱太小
【续航】
纯电54就是不开玩笑，最起码到100才算是新能源吧
【油耗】
任何模式下都很低，馈电也就7个油
【智能化】
一般般啦
【最不满意】
没有快充
没有快充没有快充没有快充


【提车价格】
18.5
【驾驶感受】
一般般",2023-05-06,郑州,
王渊池,第一辆混动车型，比之前的高尔夫舒服的多了。这个车开低速的行车品质跟电车一样，冬天冷的实在空调起不来温度。,,西安,2023-02-26
斌里个斌斌,整体感觉不错！唯一的缺陷就是后座两边做个放雨伞的不知干嘛用！浪费座位空间！车牌到了！😄😄😄,,宜昌,2022-03-08
如风随影7722,空间很满意，前后左右都会觉得有空余，操控性能真的很好，外观造型中规中矩，比普通版探岳细节好看一些，就是感觉电池有点小，要是后期能换增加到80公里续航能存22度电的电池包就完美了,,鞍山,2021-11-14
用户6252576471541,油耗低，跑了3万公里加了800块钱汽油！缺点就是续航短一点，但是对于我来说上下班16公里的路程绝对够用了，冬天开暖风特别费电，但是一来回即使把所有加热功能都打开也是够用的，希望退出长续航版本的混动，这样就更好了，至于小毛病就是发动机故障灯亮了，但是不耽误开，毕竟是第四台车了，自己没事检查一下故障代码自己手动就清除了,2024-01-31,沈阳,
Forgetit,车买了没有想象中那么喜欢😭😭，不知道是不是冲动了，在4S店看白车好看，买的白色，等拿到后感觉黑色更好看😭😭，才开1000公里，基本郊区到市区，平均油耗7个，等到5000公里再看看，中间有跳出一次什么大灯故障，后面重启后又好了,2021-12-14,上海,
用户6738934209326,小毛病不少，提车8个月返场维修两次第二次到现在还没提回来，第一次空调压力传感器坏了，第二次电池坏了具体原因也不说。,,上海,2022-08-21
用户8179639113249,22款变化不大，配置性价比不高，操控还行，续航太短，没有四驱遗憾，纯市区上班代步可以，比较经济，冬天雪地不好开，说实话后悔当时没选择380四驱途观，或者四驱crv，新能源真是鸡肋,,鄂尔多斯,2022-01-04
电动EV,【最满意】 外观方面看起来还算非常的不错的，很稳重，大气，车身的整体线条很流畅，前脸的LED大灯也非常的亮，非常犀利，看起来炯炯有神的，晚上开出去也很有安全感，辨识度特非常的高，可以说是设计长在我的审美上的一款车了。动力表现方面也是非常的不错，很强劲，起步很迅速，超车也不会有压力，随随便便一踩，车子就超过去了，开启起来非常的舒服。 【最不满意】 隔音效果方面比较的差吧，跑高速的时候胎噪风噪声音还是很明显的，平常要是跑长途听久了还是会影响驾驶心情的，而且车刚来的时候内饰异味比较的大，需要平常多开窗，过段时间后才慢慢的退去。,,,2022-03-21
用户3734505576136,纯油开时候油耗低，5个油，整体车性能很稳定，小毛病少，外观比较大气。很喜欢，目前1.9万公里。当时选择它的时候就是觉得性能足够，品牌历史悠久更加安全稳定，同时设计比较大气，探岳比途观要年轻化一些，又没有比亚迪城乡结合部的设计，特别接受不了唐的方向盘设计。买到现在很满意，可油可电，喜欢的放心冲！！！,2023-06-19,上海,
玩车报告,"22款探岳 GTE 的前脸采用熏黑的多边形进气格栅，搭配两侧犀利的大灯组，整体还是熟悉的大众风格。车身侧面的腰线设计比较流畅，溜背式车顶+贯穿式腰线，看起来运动感不错。车辆的尾部并没有采用现在流行的贯穿式尾灯设计，而是采用灯源一体化的设计，偏实用性。
       内饰方面，探岳GTE的中控台一侧偏向于驾驶员，给驾驶者的操作提供了便利。座椅采用的是麂皮的材质，填充物厚实，乘坐的舒适感还不错。9.2英寸的中控屏+10.3英寸的全液晶仪表，清晰度和操作流畅度表现都还可以。
       车身尺寸方面，探岳GTE的长宽高分别为4603*1860*1658mm，轴距为2730mm，这个尺寸反馈到内部乘坐空间应该还不错，具体的乘坐情况等玩车弟下次实际乘坐后再和大家聊。
配置方面，车辆搭载了常见的胎压报警、前后驻车雷达、主动刹车、定速巡航、倒车影像等多种实用配置，可以提升日常行车的便利性和安全性。
       探岳GTE采用的是一套插电式混合动力系统，搭载1.4L发动机，发动机最大功率为150马力，最大扭矩为250N.m，电动机的最大功率为116马力，最大扭矩为330N.m，系统综合最大功率为155kW，最大扭矩为400N.m。电池组的容量为13kWh，NEDC工况下的纯电动续航里程为56km，这个里程表现只能说日常短途够用，不过插混车型的核心优势也是油耗足够低，并非用来纯电代步。",,,2022-06-30
汽车天涯,探岳整体来看是一款不错的家用车，空间大，油耗不高，动力也OK。理论上来说，探岳GTE也基本上延续了燃油车的优势，甚至插电混动车型，在理论条件下，后期用车费用会大幅下降，更值得购买。但是，我并不这么觉得。首先，因为是插电混动车，所以成本变高，相同的配置要比燃油车贵个几万块，这一点可能会让人接受不了。其次，探岳GTE的纯电续航才54公里，实测只会更低，每天一次的充电频率显然不太现实，这就导致探岳GTE的插电混动容易产生反作用，如果一直处于没电状态下，电池的重量势必会导致油耗增加。所以，从某种意义上来说，探岳GTE唯一比燃油车更值得买的地方就是绿牌，如果不是因为限购城市的政策所需，完全没有必要买它，直接选择燃油版就可以。,,,2021-08-30
言車社,"对于外观元素使用，既延续了德国汽车的严谨大气，也将新能源车型的青春运动有着不错地展现，是一款较强的中德“混血儿”车型。例如，针对前脸的设计，探岳 GTE在沿用家族经典的半封闭链式格栅的基础上。又采用了新颖的贯穿式格栅下包围，使前脸的青春气息得到明显提升。此外，一体化的“C”型LED光源、丰富色彩比的银色前唇，都是对时下流行设计的一种回应。

在侧身造型设计中，探岳 GTE明显借鉴当下大火的“跨界风格”，溜背式车顶+贯穿式腰线，使SUV车型的魁梧感与轿车的线条有着不错地融合感。黑色镀铬饰条修饰的侧裙、车窗，以及轮眉，是本来平静的侧面变得丰富多彩。但惋惜的是，熏黑的轮眉使轮圈在视觉效果上更显狭小，让本来和谐的车身有些不伦不类。

与特点十足的前脸相比，尾部设计稍显平淡。通过曲面与双边两出的尾气形成与前脸相呼应的贯穿式设计，想法虽然很精彩，但在细节处还是给人些许的拖沓感。尾灯并没有采用流行的贯穿式设计，而是选用将驻车灯、制动灯、后雾灯等多种灯源一体化的设计，点亮后的效果具有较强辨识度。

整体而言，探岳 GTE的外观设计既有年轻群体的张扬和激情，也有着德系车的严谨和创新。虽对比热爱皮囊的国产新势力，少了几分个性，但也符合刚刚步入职场具有“上班族”与“新生代”双重角色的年轻群体。

在“狼多肉少，僧多粥少”的SUV市场，要想让年轻群体有着怦然心动的感觉，内饰设计必是拉分大户。探岳 GTE采用经典的双联屏设计，对于科技感有着不错地提升。触屏式空调设计，起到不错地增分效果。真皮包裹的座椅和全软质的内饰，为车内营造出精致高级氛围感。唯一令人诟病的恐怕就是机械手刹，在电子手刹流行的当下，舒适有点落伍。但整体而言，探岳 GTE的内饰还是比较符合潮流，尤其是经典的双联屏+触屏空调，基本让其处于同级别中的T1行列。

配置方面，探岳 GTE在这方面还是较为齐全的。搭载了常见的胎压报警、主动刹车、前后驻车雷达、倒车影像、定速巡航、并线辅助等配置，基本适应各种生活场景。而在本次改款中，顶配车型将会增添Lane Assist 车道保持系统、RTA后方交通预警系统。整体而言，探岳 GTE的主动驾驶功能只能说是中规中矩，毫米波雷达、摄像头更是一个也没有，这在当下的国内市场，属实有点“OUT”。

搭载1.4L四缸涡轮增压发动机，其中内燃机最大功率为150马力，最大扭矩为250N.m。电动机最大功率为116马力，最大扭矩为330N.m，综合系统最大功率211马力，最大扭矩为400N.m。电池组的容量为13kWh，NEDC工况下的纯电动续航里程为56km。这套动力输出对于日常生活基本够用，在电机的加持下，使驾驶感格外的轻快。唯一不适便是刹车偏软，给油效果略松。官方百公里加速时间为8.2秒，但在实际情况中会明显加长，起步较肉，但后期爆发力还是不错的。

以个人角度看，探岳GTE在这片江湖中算得上“内外兼修”的二流高手，比上不足比下有余。经典与新潮结合的外观，既保留了年轻的张扬，也有步入社会后的沉稳，正好符合刚刚步入社会的新生代人设。配置方面虽是最重要的拉风点，但要不是因为SUV市场“内卷成风”的老毛病，这个配置也能够跻身前几名。",2022-08-16,,
大耳朵图图I,"大众车中的小众车

最开始关注的Rav-4,皓影和威兰达和锐际。后来试驾丰田动力太肉，皓影太吵，锐际确实好，但是油老虎和那个外观欣赏不来，而且福特这个品牌感觉和国产车平起平坐了。最后看的大众探岳330豪华pro，但这车不加选装包的话配置太寒酸，连个acc，主动刹车等配置都没有，我觉得探岳豪华pro裸车最没性价比真不如最低配的330版本，2020年了，买个新车不带ACC的说不过去了。加选装包，价格又太高，比同级日系两田贵了不少。所以转看gte,免税，送充电桩，平时上下班来回20多公里，一天一充，初步估算下每天电费几块钱，只比公交车多一些。
9月14日订车，9月30日交车，车子是9月4日产的，具体说说
1.外观:相比R-Line来说多了c字形日行灯，还多了车门logo灯条和gte迎宾灯，个人觉得探岳里最好看的款式了，白色车身配绿色牌照非常好看
2.动力:纯电，gte模式动力可以和锐际比一比了，综合400Nm而且电机发力比汽油机来的快速。日常城市工况纯电模式关闭模拟引擎声浪后除了有胎噪没有任何动静，非常舒服
3.油耗:10.1期间都放假充电桩公司没上班，我加了点油，用的充电模式形式，中途换了gte模式开了40公里不到，表显6.5，感觉蛮惊喜的，以后有了电桩就不用油了，估计油箱里的油可能要放变质了哈哈
4.悬挂:前端软，舒适，中段有韧性，但过急弯还是要注意减速，安全第一，毕竟车中，重心高
5.转向:太轻盈了单手完全没问题，不过安全驾驶要双手把持，转向动作顺滑，但我还是习惯稍微有点重的感觉
6.配置:没啥说的，比330多了那么多配置不用后期拆装，改线。新车谁也不愿意拆，拆完还可能有异响。带Acc，车道居中，比车道保持更先进，座椅还带通风，真是夏天神器，有了通风和加热没必要买座套了，平时开车注意一下衣服裤子。容易掉色的就别穿了。倒车，车侧，前方雷达都有。有个小360全景的功能也还不错，最在意盲区的我虽然没用上全景摄像头，不过有提示也算比较放心了。
7.内饰:和普通燃油版比，更有科技感，蓝色和白色代表洁净的新能源和新动力

总结一下，买车我主要看配置，没有acc和主动安全的pass。动力也要强进，肉的一批的车实在太油腻，中年大叔的感觉。节能性也要有一定要求，我算了一下一年电费也就900左右。我之前的车一个月油钱就要800，差太多了。纯电车不敢上，如果有临时长途需求里程焦虑这一点我就接受不了，我手机电量只要低于70%就会有必须充电的想法，哈哈。基于以上几点选择了插电混动。
有人会说新能源车不保值，买车省油不省钱，这车纯电行驶就50多公里，冬天还要减半是智商税等等。下面我就说说我的想法
1.保不保值:买车是用来开的，不是来做交易的，我上台车开了10年，这台车也打算差不多，如果有钱了考虑增购而不是置换要是考虑保值，那我劝你RAV4 CRV这种日系保值车也别买，就买个4万块钱左右的车，再不保值也能卖1万，自己亏个3万。RAV4 CRV这种20万的车就算撑死保值率80%你也要亏个4万块钱，杠精们算算哪个亏？
2.买车省油不省钱的:新能源车省油+静谧性好+动力直接，这是你花多少燃油车价钱也买不来的。还有就是费用，按照我的使用情况测算燃油车一个月油钱800，新能源车年满打满算1200，省下的钱差的太多，况且现在gte优惠也不小，而且免税，落地价就比330的便宜，几年后省下的钱我就算换个电池也够了，而且三电质保8年，一台车开12年这费用够了
3.冬季续航里程减半:我的使用情况上文也说了，每天比较固定20多公里。就算续航里程从50减到了20公里也足够我用的了，动能回收和混动模式保证我出行大部分时间还是纯电。",2020-10-02,青岛,
SH琦琦808,"坐标上海，原来的轿车开了快12年，疫情以来就准备换车，轿车不考虑了，换SUV。

选车：日系、韩系、美系、德系、国产SUV全都看了前一遍，综合考虑下来准备入手汽油版一汽大众探岳，没想到4月份探岳G T E出来了，送绿牌不限行，各种论坛网站看车评，联系各个一汽大众4S店比价，转眼10月达到心理价位，下订金定车！

绿牌申请：上海上绿牌过程比较繁琐，要个人征信，有固定车位安装充电桩等等，耗时1个月多点，不过基本都在一网通办上办理，比老办法时间已经缩短了很多！
提车上牌：10月底销售说车到了果断提车上临牌，先开起来再说，一张临牌还没到期牌照额度就通过了，车管所上牌同时一个上午，下午去4S贴膜，一天全部搞定！ 

经过几天的驾驶目前还没有问题出现，希望以后去也不会有！

先说缺点：1.刹车偏软不线性，刚上手要适应一段时间。2车机系统比较简陋，没有车联网。3.充电口在前面，要车头停里面才能充电。4.前排座椅护翼太高太硬上下车咯屁股，整体座椅偏硬，后排座椅两边留有储物槽不实用还影响后排座椅宽度。5.内饰硬朔料他多。

其他缺点暂时还没发现！

优点：1.提速快 零百加速不到8秒 ，60再加速至120没有什么延时，超车游刃有余。2.油耗低 ，家里有充电桩的话晚上3毛钱一度电，4块钱能跑4、50公里比较经济.没有里程焦虑没电就烧油，而且油耗还是比传统的汽油车油耗低。3.空间大，内部空间和途观L差不多，储物盒够用。

最后：车无完车，享受他的优点的同时也包容他的缺点。",2020-11-14,上海,
永溪读多点,"外观造型匀称，虽然车长只有4603，但轴距有2730，轮胎18寸，所以显得很匀称又大气。车头C形日行灯很有辨识度，侧面的腰线不仅提升了雅致感还使得整车看起来更加舒展。尾部的双排气管设计，显得更加敦厚大气。

内饰简约实用，真皮打孔座椅好评，触控空调按键好评，液晶仪表盘好评，carplay好评，唯一不满意的就是后排中间地台有点高，好在不是很宽，能接受。

前后排空间都很满意，后排可以轻易跷二郎腿，储物空间也充足。

动力方面最满意的两个模式是纯电模式和GTE模式，纯电模式在市内0-60简直弹射起步，而GTE模式在高速上超车也是轻轻松松，并且该模式可以称为一键换车，刹车，转向，油门，变速器一键转换，用过就会上瘾，并且还自带电能管理，保持电量50%恒定，不仅驾驶感受好，还没有电量续航忧虑，加油就行。

很多人说插混是政策产物，p2是廉价插混，我只想说不要听信网络，要懂得独立思考，任何一种解决方案都有利有弊，GTE首先是追求动力和驾驶感受，其次才是节能，电机低速的动力节能优势和内燃机的动力高速节能优势很好的进行了互补性结合，加上双离合变速箱快速换挡的加成，这套动力系统相当优秀。而如果你有自己的充电桩，就可以像我一样，每天3块钱充满电，每公里不到8分钱。

下个红绿灯口再见！",2021-01-05,广州,
绘光者Art,"由于深圳限牌，摇号三年了都没有摇中，所以改买新能源车型，免购置税，免摇号，每天还能免费停宜停车车位一小时，感觉还是很划算的，看车订车都比较快，因为可选项也不多。

目前为止开起来还是比较舒服的，虽然没有充电当油车有点亏，有电没电差距还是挺大的，但还是很好开，配置很高，舒服。",2020-11-13,深圳,
YA796,本来想买燃油车，结果去试驾了GTE觉得还可以，就订车了，定的尊贵版本，等了一个多月，没车，实在不想等了，就要了豪华版，充电比较鸡肋，第一次4个小时，第二次过后都是5个小时左右，混动模式转换比较迟钝，GTE模式换电动模式，必须停车才能换电动模式，后备箱空间实在小的无法，音箱卡顿，倒车后视我的不知道为什么不能下翻，还在研究，充电续航没有看懂具体公里数，仪表盘显示不是很准，目前油耗每公里4毛左右，95号。我买车的地方没有送充电桩。其他还在研究。,2020-11-20,遵义,
用户166973592453,"深圳摇牌60期，下定决心买了探岳GTE，目前充了4次电，显示可以跑52-55km，现在跑了240km，买了加了一次油，现在还有7/8，省油。

运气不好，开了4天，发现发动机故障灯亮了，开回4S店，查了半天说可能是什么燃油传感器故障，还没货要等天津厂家邮寄过来，希望换了不会再出问题！

总体来说，车
优点：辆配置丰富、动力强劲、性价比高；
缺点：刹车软，车速上了80km，不敢跟太近！",2020-11-14,深圳,
好好先森24,"买这车是因为在深圳工作，想要深圳牌，且不能是纯电，因为需要跑长途，回家探亲，混动是不错的选择，它还有免购置税，补贴，符合深圳政策，所以就锁定它了。

舒适度方面还是不错的，特别是室内空气，对比了比亚迪宋pro新能源要好，虽然它配置好些。

体验感方面还是不错的，动力反应及时，虽然低速有点延迟，但有电机的加持，总体感觉还是不错的，特别是GTE模式，亏电行驶也只有5.9-6.9个油，而且跑的是市区，相当不错了。

因此，探岳GTE还是值得选择的，看着成熟，稳重，踏实，还有颜值，如果是你看了会心动吗？",2020-09-08,深圳,
