邮编_文本,字段1,时间,字段2
837241,不喜欢拍照，所以没车的图片 最大的问题没办法连接手机热点或wifi。操控性一般，加速没有比亚迪的唐或宋顺滑，而且静音效果更不用说了，没有纯电行驶到底的可能，时速起来了就会油混(很鸡肋，那怕是EV模式）自动模式掉电贼快，反而ev模式掉电慢，本人经常番禺到花都两边跑测出来的，有可能方式方法不对 好的：底盘不错，刹车点头少了，后排空间可以，值得点赞的是尾箱空间！当时看了一年多的比亚迪唐没有买这个占了点因素，还有就是发动机不能否认别人的好，本人80后一个，考虑到后期省心的成分就选了这款皓影，说实话有点后悔没买唐！但唐的悬挂没有皓影好！boss音响效果不错！做了隔音效果更好！ 建议：喜欢提速快，驾驶感，车机娱乐性，喜欢在车上睡午觉的选唐错不了 考虑后期省时省心的选皓影就对了,2023-09-12,广州
我要飞809,【购车经历】 走进冬天，不知不觉提车也有三个月时间了，我选的这款车是皓影PHEV，这段时间的使用也让我对这款车有了更多的了解，要说最喜欢的地方是他的外观和操控感受。车子外观造型新颖，科技时尚，年轻人喜欢的设计风格，看着挺有豪华气质的。车内配置的驾驶辅助功能高，方向盘用着轻便，转动过弯敏捷，刹车油门软硬刚好，车子开着操控简单，驾驶感受挺好的。车子基本上没啥大问题，小的细节方面还是有点问题的，比如车子内饰的用料，还是有一点点塑料感，多色氛围灯应该配置一套，这点处理的不是很好。别的方面开的时间短，车况目前表现良好，还是挺省心的。选的是PHEV至尊版顶配的车子开着不管在那种模式下动力都挺充足的。方向盘真皮包裹，握着手感好，转动过弯灵敏。电子挡把换挡，使用切换顺畅。车上面配置L2的驾驶辅助功能多，有全速自适应巡航，车身稳定控制，车子开着平稳，驾驶轻松。 【最不满意】 就是门感觉稍微有一点点重，高速的时候发动机有那么一点声音。不过比我以前铃木好太多了。 【提车价格】 整体价格优惠下来还比较合适毕竟顶配了。 【驾驶感受】 提速很快超车比我以前油车那就不是一个级别能比的。后段加速有力。轻轻松松上150以上。过弯敏捷刹车油门软硬刚好 ，有油车和电车的双重驾驶感受。 【油耗】 油耗不用说一箱油只充一次电4.5左右。1000完全没问题。我没固定车位没充电桩很少充电 。不充电只加油时的油耗6.5的样子。接近2吨的车很低很低了。以前我的铃木骁途都是6.8。 【续航】 纯电最多跑过90多点 都跑了1.3万公里了都没充过20次电这车真的太省了，动力也足够用。 【最满意】 新的内饰让人眼前一亮有高级感。功能也够用就是我用的苹果手机差点感觉 音质也很好听歌超爽。,2023-12-11,重庆
用户8443233747227,【外观评价】 实话实说，第一眼吸引我的就是皓影的外观。外在不是特别大特别臃肿，不大不小，且内部空间同级别最优秀。买之前对比过CR-V，北京地区两个车价格差不多，比较犹豫。最终还是感觉皓影插混的大灯看起来更炯炯有神一些，CR-V有点眯眯眼。车屁股也感觉更个性更年轻，不想让别人把自己当大叔，所以最终选了皓影插混，还特意选的威尼斯蓝。 【配置】 这个我压根没纠结过。准备购车预算实际上是30w，直接就上的顶配。啥都有嘎嘎香 【操控】 也没开过太好的车，但是SUV里面是我觉得操控最好的那一档。灵活，方向盘回正给我的感觉很有信心。一定要细究的话，低速略微有一点偏重，不太适合女孩子开。对我来说我无所谓。而且这个底盘的惊喜非常大，过起伏路，井盖坑坎什么的特别韧，高速过弯支撑也很足，没有晃晃悠悠的感觉。 【内饰】 内饰上面得分开看。先说颜值，插混的低配内饰灰扑扑的，不喜欢。中高配感觉上了一个档次。功能上面我直接打满分，盲操无敌。本田舍得下本钱，不高花里胡哨的大屏，这一点我就佩服。 【空间】 就是瞅着这个家用无敌的空间才买的皓影插混。特别强调一下，第二排地台和后备箱巨大没受影响。而且特意瞅了底盘，没有明显的下坠电池包，离地间隙绝对没问题的。 【动力】 插混车的动力完全不用担心。皓影插混给到惊喜主要是两点。第一是油电之间互相切换的时候，完全感受不到震动，有很轻微的嗡嗡声，这是非常考验功底的，给满分；第二是馈电的动力储备，我本身没有安装充电桩，也就是近期一直是馈电在跑，在这一块是有发言权的，我就这么说，皓影插混馈电和满电，动力的体感是没啥区别的！信我！ 【舒适】 皓影插混NVH我感觉进步很大，再加上本来人机工程学就很好，设计的挺完美的，舒适本来要打满分的。但是拉胯的车机还有广本APP启动非常慢，而且手机支架也不太好安装。所以这个分必须扣了。,2023-12-08,北京
依然随机播放,选择皓影PHEV的原因: 1:作为F1比赛的粉丝车迷，红牛车队在2022和2023赛季，RB18/RB19赛车表现出来的赛场统治力是毋庸置疑的。本田作为红牛车队的发动机供应商，自然是功不可没，通过这个赛事，也让我们看到本田公司在发动机领域的成功和技术领先。当然如您所知，F1目前使用的都是混和动力系统，国际汽联之所选择混动系统，不无民用汽车领域对动力系统的选择倾向和改变趋势。 2:我人生第一台车是2015年款缤智，七年时间这台车带我走过了13万公里，漫长的岁月里只有一次因为轮胎扎了钉子，老伙计把我搁在了上班的路上，当然这也不能怪他，毕竟不是他自身机械或者电气出现问题。说这个是为表达我对本田造车可靠性的认可，自然这也是我再次选择本田的最重要原因。 购车经历 购车经历可以说非常简单，概括下来就两个过程，1:车型信息跟踪，这个过程陆陆续续持续了有半年，开始是零零散散的信息，后来是发布会、厂家展示，车评人评价等信息变得越来越多。2:周边4S店价格咨询，最后选择了我第一台车那家店，然后就是试驾，试驾当天就交了定金，签了合同，后面就是半个月左右提车。 用车体验 动力强劲，综合158KW功率输出，动力也算是随踩随有，超车自然是轻松欢乐的。这么多年终于有车可以让我开快车了，哈哈哈 座椅舒服，特别是后排的可调节座椅，给人舒服的坐姿和身体贴合度。 空间方面，作为空间魔术师的本田自然不会让你失望。 外观设计方面，前卫时尚潮流，是我喜欢的风格。 最后说四个该车的缺点 1：转向手感偏重，女司机特别是力量较小的女生可能会比较费力。 2：车机自带的导航定位和导航准确度都是严重脱离当今时代趋势。 3：胎压监测不能显示出具体数值，让我这种习惯了只有看到具体胎压数值才安心的司机很捉急。 4：部分驾驶工况下，特别是油电混合模式下，动力输出会有不平顺的工况，比如说车速40-60下，收油门后整车会有拖拽感。,2023-12-20,
合车社,"【动态体验】
首先它提速的时候响应特别快，超车没压力，车内够安静，没有本田一贯的发动机噪音，加上它搭载了大电池，发动机日常行驶很少介入的。纯电模式下它有84km续航里程，虽然不算多，但胜在能量回收效率高，有4个档位可以调，建议日常用1、2档，电池电量耗的差不多的时候再用3、4档，就能给电池快速充电就有了额外的纯电行驶里程了，这确实可以把它当台纯电动车来用了！

还有，我觉得方向盘转向很灵活，力度回馈适中，座椅也舒适，开车的时候你的全身都是比较放松的状态，像我现在跑着长途都觉得很舒适，作为家庭用车来说，实属没什么槽点。
底盘对路面颠簸与震动的隔绝也很彻底，不会带给车内多余的震动与晃动。我猜可能是加入大容量电池后车子变重的原因，在过减速带的时候厚重感还是很强的，有点德系豪华车的感觉，滤震性比普通皓影和同级别燃油suv都要好，有着蛮不错的高级感。

反正开上它，灵巧、舒服是直观的感受，。可以简单理解为：开起来很本田，坐起来很日产。

【车内讲解】
那它作为插混车型哦，前面聊了续航，但油耗是也逃不开的话题，那NEDC综合油耗在百公里1.3L，最低电荷状态下百公里油耗是4.7L，今天我跑了大概有一百五十多公里，主要是以期间有高速路段，城市拥堵路段，快速路段，仪表百公里综合油耗是1.8L，要知道这车重2吨多，这等油耗可以说是抠门星人大福利了！
这次因为条件限制。只测到混动模式，下次有机会给你们再试一下纯电和发动机直驱模式，看看它的表现。

【内饰】
先是内饰部分，还是熟悉的味道，新车中控台布置与HEV版本基本保持一致，但是作为一款新增而非改款的车型改动不大也是理解的，不过它采用了实体按键换挡的布局，我觉得这样操作起来会更直观。在换挡按键右侧，就是车辆切换驾驶模式实体按键，清晰易懂。

那智能化配置上，它搭载了人机交互系统和一系列智能驾驶辅助功能等主被动安全配置。定速巡航、车道保持辅助、盲点监测、碰撞预警等都都是标准配置。值得肯定的是中控屏上是可以显示实时路况导航，这个超级实用，可以说是同级非标准地存在，但遗憾的是它没有搭载本田最新的Honda CONNECT 3.0系统，仍然为2.0版本。不管是界面还是操作我都不是很满意，而7英寸的显示屏也有点跟不上时代，鉴于他不是改款或换代车型，咱们就姑且原谅他，希望在下个版本能够用上CONNECT 3.0系统吧。我们再去看看后排

【空间】
虽说车机系统不够让人满意，但有一说一，坐在后排还是相当舒服的，最能让人直观感受到的就是它的座椅得到了进一步提升，增加了座椅的填充物，让它更厚实，头枕也变的更加柔软，靠背角度适中，加上这个全景天窗的加持，长途旅行的时候能让后排乘客更加舒适，不像奥迪Q5L那样直直的怎么座怎么不舒服，唯一让你不够满意的是腿部空间，如果能在大一些就完美了。

还有就是，后排可以把中央扶手放下，手臂搭在这很舒服，那提供扶手和水杯架之外，中间坐垫支持翻叠形成小桌板！翻叠之后你看，是一个手机托架，多功能控制器，和一个储物格，控制器是能控制天窗窗帘、音乐等等。

它的后门完全打开之后几乎有90度，这么大开口的设计，后排乘客上下车更方便，对于有老人小孩的家庭更是贴心。

【外观】
这外观实属老面孔了，我就不再赘述了，但是必须得多提一嘴的是它颜色更丰富了，那幻夜版一副原厂黑武士的视觉效果是很讨年轻人喜欢的，反正今天简单相处下来后，我发现它不管是在舒适性还是经济性上，表现都是都非常全面的。

【总结】
首先，它绝大多数时候开起来更像纯电动车，电机驱动的响应快，输出平顺，车内的静谧性很好，而且它的悬架、座椅也很舒服。

其次，这款车用起来综合油耗低，给你省钱啊！

还有一点就是，它能上绿牌！限牌城市的福音～


虽然说吧在动力系统上它与CR-V PHEV是完全相同的，但是在亲自体验之后，我认为皓影在舒适性与豪华体验方面会更好一些，在合资插混suv这个细分市场下，它还要面对着兄弟东风本田CR-V PHEV、广汽丰田威兰达高性能版、一汽丰田RAV4荣放双擎E+、上汽大众途观L PHEV的竞争。",2021-11-15,
线外邦,"在本田的双车战略下，越来越多的本田全球车型，都有了中国的特供版。这个皓影就是CR-V的中国特供版，所以这辆皓影的插混版，跟CR-V的插混版在技术方面几乎是毫无差别。

以当下的眼光来看，作为一辆插电式混动的车型。皓影插混在三个方面还是很有优势的。

其一是它真的很节能，如果充电方便，它宣称的85km或84km的纯电续航里程，在实际的用车场景中真的可以实现，这一点比其他很多插混车型都要好；如果充电不方便，只是用油，它的油耗也可以做得很低，基本跟之前的皓影油电混动版的油耗水平一致。

其二是它的空间真的很大，在紧凑级SUV中，它的空间被发挥到了极致，后排空间可以说吊打同级，而且它的座椅很厚很软，乘坐的舒适性也很不错。相比之前的油电混动版，因为电池变大了，侵占了一部分后备箱的空间，导致后备箱多了一个小台阶，这算是空间方面唯一的缺憾吧。

其三是它的整体操控性表现很不错，具体表现在转向很精准，底盘的支撑很到位，能够在舒适和运动之间取得一个很不错的平衡。

优点说完了，再来说说不足。

我个人对于它的动力表现不够满意，它的发动机和电动机跟之前的油电混动版一样，但是电池却加重了，所以性能变弱了。虽然电机承担了大部分时间的驱动工作，动力输出十分平顺，但着实也是太弱了，对于一辆本田，对于一辆插电式混动车型来说，确实算是缺点了。

然后是智能车机，虽然号称搭载了本田智能车机的2.0版本，但这个2.0版本还是太过于落后，落后到如今主流的车联网功能，它完全没有。要知道本田的智能车型已经更新到3.0版本了，很多比皓影插混更低端的车型都已经用上了。皓影插混还在用这么落后的车机，确实不太应该。此外，它的智能驾驶辅助系统也不是最新版本，使用体验也跟不上时代了。

总体来说，对于喜欢合资品牌、想要节能、想要绿牌的消费者来说，皓影插混依然是一个非常好的选择。",2021-11-15,
车域无疆,外观方面，插电的皓影和普通版本其实并没有什么明显分别，前脸都是带本田标的粗壮镀铬饰条，与大灯相连，尾部也是配备熏黑+暗红色的帅气灯罩。整体造型和普通版本一样潮流、时尚。较为明显的不同，主要是以下的几个细节：前脸镀铬饰条下方新增的三条细小的装饰条、右后翼子板增加了充电口、尾标表明插电身份的e：PHEV标识、新样式的轮毂等等。内饰部分，也是直接套用普通版本设计，三幅式方向盘、7英寸中控屏、按键式换挡机构、不规则状出风口、大量实体按键等，都原封不动的出现在插混车型上。当然，仪表显示和中控屏会有关于插电车型特有的显示内容。虽然本田的MM理念很出名，但是在多了一套插电系统之后，还是有不少让担心皓影的空间出现缩水情况。但就疆哥的实际体验来看，乘坐空间这块，车子并未受到插电系统影响，后排地板依旧纯平，座椅空间也和普通版本一毛一样。有明显变化的地方，主要是后备箱空间。由于插电系统的加入，皓影锐·混动e+的后备厢前半部分被垫高了80mm左右（较之后半部分）。但得益于那较为规整的设计，整体使用空间其实并未缩水多少。动力方面，皓影锐·混动e+采用的是直列4缸2.0L阿特金森循环引擎＋双电机混动系统＋大容量高功率电池的组合。其中发动机的最大功率为107kW，最大扭矩为175N·m；而电机最大功率135kW，最大扭矩315N·m，系统总功率为158kW，整体数据和不插电的混动皓影相同。尽管背上大电池和充电系统后，这款插电的皓影比普通版本重了三百多公斤，但是在起步阶段，它提速依旧轻快，踩下油门踏板的瞬间，车辆就能迅速读懂驾驶员的需求，直接给出较为强劲的动力输出。倘若是切换到运动模式的话，你会觉得这动力输出得更足，而且伴随着油门的踩下，皓影还会给出对应的模拟音浪。这一点，也有助于提升车主的驾驶欲望。随着车速的提升（80km/h+），车子的静谧度依旧保持得不错。除去明显的胎噪之外，其它风噪、电机噪等，基本很难听得到，在疆哥试驾的一众本田车型当中，插混皓影的抑噪表现完全是可以排到前三的。而去到较高车速甚至突破100km/h+之后，电量充足的插混皓影，依旧保持着电驱状态(车速上方白色段是发动机驱动，蓝色为电驱，绿色动能回收)，此时车内空间依旧很安静。对比之前开过的其它插混车型，基本到80km/h左右的时候，就能听到发动机的噪声，发动机开始介入。而皓影却还是继续电驱，这让疆哥一度以为自己开的纯电动SUV。那么，什么时候能明显听到发动机噪音呢？这时应该会有很多人说是开启混动模式时，其实不然，在混动模式下，皓影的发动机噪音其实还是很轻微。只有切换到HV模式，即给电池充电的模式下，发动机噪音才会变得十分明显，看齐纯燃油版的皓影。这里还需要提一下的是，皓影方向盘后面的“换挡拨片”并不是拿来换挡的，而是用来调节动能回收级别的，“+”号是减小动能回收，“-”号才是增强动能回收。就算是回收级别调节至最强，也不会有太强的“拖拽感”，这对开惯油车的人来说，还是相当友好的。唯一有待改善的，或许是那个只有26L容量的油箱。至于底盘部分，虽然是和普通版车型一样采用前麦弗逊独立悬架+后E型复合多连杆悬架的组合，但得益于重量的增加和悬架的优化调校，车子开起来会变得更稳一些，过弯时的支撑性也更充足一些，舒适性倒是和普通版本差不多。一番试驾之后，疆哥对插电版皓影的表现还是相当满意的，一方面是它的带电增重并未影响到车子的加速性能，另一方面则是它的行驶品质基本看齐了同价位车型。如果你真的受限于指标和绿牌，并看重合资的品质和口碑，那么皓影锐·混动e+肯定会是你的备选项。,2021-11-11,
大众侃车,大家最近买车用车最关心什么问题呢？肯定是油耗。毕竟现在油价那么高，俗话说得好92加满吃粥咽糠，95加满倾家荡产，所以说油耗成为你买车必须要考虑的一件问题。今天我们给大家带来的一个油耗测试体验呢，就是我身边这台广汽本田皓影e+，也就是插混SUV，我们来看一看它的油耗表现到底怎么样吧。先和大家说一下这台车的基本情况，广汽本田皓影锐混动e+就是一台插电混动SUV，然后呢它其实在动力系统上，和普通版本的这个混动车型是一样的，也是搭载了一套IMMD的混动系统，然后主要是靠它这套系统中的一个电机驱动，所以大家只要记得它的这个电机功率就可以了。我们在日常行驶中的话，它其实大部分时间就是一个纯电车的驾驶的感受，所以说它开起来是非常丝滑的。然后和普通的混动版本不同的地方呢，就是它搭载了一个16.3千瓦时的这样一个大电池。我们车里坐了四个钢铁直男，这是对油耗非常不利的条件，然后今天的气温也非常的高—31度，所以我们把空调已经开到了最低，风量的话是中等，这也是对油耗非常不利的一个条件。唯一的好处是今天的路况很不错，我妈驾驶在一个非常空旷的省道上，所以说不存在失去里通勤那种需要蠕行需要跟车的情况。其实油耗测试是一件非常苦闷的事情，所以我们今天在车上和大家聊一聊驾驶的感受。 【驾驶感受】 我觉得最大的感受就是非常非常的丝滑。这台车无论你是大脚给油也好，还是轻轻地给油也好，它的动力响应总是给你一种不徐不急的感觉。就是非常的丝滑，非常的接近纯电车，只不过你在开启sport模式或者是你深踩油门的时候 ，你才会感受到发动机的介入。然后发动机介入的声音意外的非常好听，非常有那种老的日系车大牌自吸的那种感觉 ，你会感觉到发动机运转地非常的绵密，很有质感，所以你会感觉这台车开起来，既有电车的那种丝滑感，又有原来老的那种大排量自吸的丝滑的感觉，所以这两种感觉会让人觉得这台车开得非常的舒服。 【最满意】 我觉得今天让我比较意外的是这台车的制动表现，它的初段能够给你一个非常精确的制动反馈，所以只要轻微地去控制刹车，就能给到你一个很好的制动响应，我觉得这是一个我没有想到的地方，因为我之前没有试过这台车，但是普通版本的皓影混动我是试过的，我觉得这两台车在这个制动响应上还是有一些区别的。 总的来说，我觉得这台皓影锐混动e+给我的最大感受是，这台车是一台开着非常舒服的车，也是一台非常适合家用的车，无论是它这个丝滑的动力响应，还有我觉得非常舒服的刹车，还有整体的悬挂调校，让你觉得很软很舒服。同时如果你想任性一下，运动一下，它的sport模式的话，也能够给到你相应的一个驾驶乐趣，然后再考虑到它是一台插电混动车型，它的这个纯电续航里程的话是到了七、八十公里的样子，所以如果你有充电的条件，理论上来说如果你每天都充电的话，其实一个月不加油是完全有可能的。所以从这个角度来看的话，它确确实实非常省油，又好开又很舒服，简直是一台非常完美的家用车。 经过了40多公里的油耗测试，这台车的油耗表现到底怎么样，公布一下答案，这台车每百公里的油耗是5.2升，还是非常不错的，因为我们车上坐了四个猛男，外面三十多度，一路开着空调，这是对油耗一个非常不利的条件，当然也有好的条件，就是今天的路况非常不错。所以说这个5升多的成绩是比较符合日常使用的一个情况。另外它只用加92号油，算一下的话一公里也就五毛多钱，无论是它的一个驾驶感受，还有内饰，以及油耗，这都是一台非常适合家用的车。另外在一些限牌城市，这台车还是个插混车型，你可以获得一个免费的绿牌，怎么样要不要考虑一下呢？,2022-07-13,
灬寒酥灬,提车有段时间了，当初选车不知道广本还有插混车型，一直就想选个Suv，逛了一圈下来也是非常纠结，最后试驾了皓影phev 就决定买它了，因为空间密闭性很好，噪音几乎没有，而且驾驶起来动力十足，而且插混也不用担心续航问题，最终优惠3.8送了脚垫、充电桩提车至尊版本，免购置税。 外观：外观整体比较大气，车身整体流线顺畅，车内视野也非常开阔，回头率很高，提车以后很多人问：表现咋样、看着挺大的、落地多少钱、绿牌是不是没有购置税等等等等… 内饰：内饰皮质感十足，座椅支撑也很到位，长途驾驶很舒服。 空间：空间很大，一直知道本田很能装，提车之后才知道，坐4个人一点不会拥挤，而且腿部伸展也非常富裕。载物空间很多。 续航：个人比较暴力驾驶，因为电机起步冬季很足，相应很及时，所以我开车续航比较低，一般满电续航50-60km，满油能跑个800公里左右，提速快，动力足，续航还高，谁不爱呢？,2024-03-13,济南
MyCyQQY,【购车经历】 从开启看车到下定这一期间，还是看了很多品牌的插混，一直都没有特别合适的，说实话，一开始没考虑日系的车，后来呢，其他品牌确实选不上了，转头看了一下两田的插混，一眼就相中的皓影的配置和外观，年轻，大气。然后就先去看了展车，然后再去试驾，最后就下定等车了。小小的不足就是，白外白内太难等了，差点就没车放弃了 【驾驶感受】 用电很平顺，油嘛。怎么说呢，低速爬坡声音还是嗡嗡响，哈哈哈，毕竟本田嘛。开开也能接受 【油耗】 日常通勤基本用电，油耗的话高速巡航120以内7个油左右吧，这么大这么重个车，也在情理之中。 【续航】 日常市区道路70以内续航达成率挺高，高速的话7折往上吧，电车都这样，没办法。 【乘坐体验】 空间大，舒适 【最满意】 外观和内饰吧，很不错 【最不满意】 车机吧。大家吐槽的点,2023-12-08,成都
清爽星辰EPHEV,起初看车是奔着皓影去的，确实不知道还有Phev插混车型，插混是到了4s店才接触到的。试驾一圈感觉纯电行驶噪音很小，但发动机介入的时候很明显。 说说优点吧 上下班60公里，纯电基本够用，平时出差用油没有焦虑，主要是行驶质感比纯油车好。 动力方面油门响应非常及时。电机起步加速非常快。高速超车发动介入更不在话下。但是我开车比较稳。所以不怎么暴力驾驶 不足之处，就是车机反应慢，app有卡顿。大灯亮度一般。,2023-12-28,潍坊
皓影插混,"同事买了奥德赛混动，据说车不错，性价比高，所以我也关注了本田的混动，因为我只选择SUV，所以看了皓影插混，网上看了很多攻略，直到订车，一开始想定23款尊享，但是车很少，不知道等到什么时候，店里说有个顶配尼斯蓝现车，优惠5万，果断就下定了。

开起来比油车爽很多，特别是起步，电量足的时候一脚油门下去直接就往前窜了，因为起步是用电的。没电的时候这车亏电油耗高速充电模式开空调120码（零下八度）10个油。平时市区上下班8个油左右，省道的话速度80到100油耗6个，能接受。高速上速度过了100之后风噪有点明显。配置比较满意，除了没有胎压数字显示，其余的没得说，该有的都有了，毕竟是顶配了。空间很大，虽然平时后排不怎么坐人，但是这车的空间宽敞性可以的，后排坐三个成年人不会很挤。",2023-12-27,潍坊
璇宝卢卢,买皓影插混最初是我父母的意见，他们对日系很满意。我一开始看中国产，但实际开下来对皓影很满意。颜值漂亮无可挑剔，空间超大，特别是后排，还能调节后排座椅，虽然手动，但比好多车不能调好多了。内饰简洁实用，就是屏幕再大点才好。驾驶感受非常好，平顺又加速快，悬挂也好，小颠簸小坎都能过滤，毕竟是什么ADS悬挂，咱也不懂，反正开起来舒服。智能化配置方面就稍微差点了，车机真不行，导航跟不上，而且没有胎压显示，我车胎扎钉子两次了，都不提醒，郁闷。静音方面也不错，低速没什么声音，高速有风噪，我开的比较多，三个月开了快8000了，也首保过了，总得体会这车真实用，还特别省油，长期不充电的油耗差不多6个，家里装个充电桩，短途和电车一样了，反正特别适合家用，有人说绿牌车买本田是冤种，我要说谁开谁知道，开过的都说好，哈哈。,2023-12-12,无锡
活泼光束ODG,"外观比较大气 后灯穿透力很高，夜间比较显眼前大灯led也是矩阵式 
内饰设计中规中矩 旋钮挺棒的 转起来听清脆 方向盘手感很好，没有虚位，而且方向盘功能挺多的有媒体控制区 有车辆l2 级别辅助驾驶
车机系统功能很多 可以跟车机对话，有地图 音乐 天气等实用功能。可以解放手机 。
续航方面纯电的话能到60公里左右，也比较中规中矩，毕竟是插混车型，满足短上下班途续航就够了，提醒一下能按充电桩尽量按，充电方便。
空间方面也比较大，驾驶位有足够施展空间。乘坐位也绰绰有余。后备箱空间非常大，总之空间很满意。
缺点就是电切油时发动机介入声音略大，高速行驶时声音比较明显，其余都不错。只要优点比去的好多了就是一台好车。",2024-01-12,济宁
李昂S三光,"【油耗】
最满意的是油耗，广州上下班平均时速18，满电可开85～90km，馈电油耗仅5.5。之前开16款轩逸，相同路况下百公里油耗可以到9。

【续航】
满油满电，可以开800km以上，日常通勤每天30km，可以实现一个月只加一次油。

【空间表现】
后排地面凸起很小，空间表现很好，后备箱也巨能装。

【最不满意】
导航弱智，车机语音识别也不好用，经常语音误识别''正在为您切换''，替我换了正在播放的音乐和FM。

【乘坐体验】
隔音很好，关窗开窗简直是两个世界。行驶过程中发动机启动时仅有轻微感觉，但原地启动发动机还是有很明显的声音，急加速可以听到发动机怒吼。",2023-11-19,广州
阿恒恒恒恒,"选车选了差不多三个月，20万左右的基本都看了，没有特别喜欢的，后来身边人建议日系，所以就看了皓影，整体还可以，主要是价格也符合预算了。


外观：虽然是插混，但外观看起来和油车没区别，这点和国产新能源有点不一样，国产插混看起来电车的感觉多一点。

内饰：从我看车经历来看，合资车的内饰质感不如国产车的，20万的国产车真皮，翻毛皮，木纹板都有，皓影内饰的真皮占比不够多。

空间：这是最满意的，我们家个子都比较高，对空间要求还挺高的，皓影的车内空间是足够的，坐垫也挺舒服。

配置：顶配还可以，肯定够用，但是智驾这块肯定不如国产，有L2级别驾驶辅助，但激光雷达这些没有的。

动力：城市里开的比较多，起步用电，很轻快，比较安静，不过发动机介入之后能听到声音，主要是省油，纯电续航七八十公里，平时短途代步就用不到油了。

总的来说优点大于缺点，不足的地方就是内饰质感不如国产，科技配置尤其是智驾，车机这块不如国产，其他都还比较满意。",2023-12-31,济南
寄托603,提车了，刚刚落地半月就来写感受了，牌子现在都没上，因为当时买车12月份，临牌半个月，想落一月份的户所以迟迟也没去上牌。当时皓影插混吸引我的就是试驾的时候起步非常丝滑而且没有噪音。可能是我没开过cvt的原因，感觉提速根本没有顿挫感，空间也是非常大，后备箱有充足的空间放点杂物跟出行工具，比如我的鱼竿放下绰绰有余。这么大的车油耗居然现在才2个，可能是我提车时间少的原因，看到大家都说4-5个油，这个我跑一段时间再给大家追评，作为家用车来说，性价比非常高。最后提醒下如果提车的车友，如果有条件一定要按充电桩，不然的话非常不方便。,2024-01-11,济南
高原梓,爱车优点：节能环保，平时在市里默认纯电模式，跑起来不心疼。如果跑的路程远不用担心充电排队浪费时间。当时看它觉得外观设计好看，一般高档车黑色显得上档次，这个星空蓝看起来稳重大气。内饰整体用料和做工可以，车内储物槽比较多，每个车门上的储物槽都很大，后备箱比较大，无论前排后排空间比较宽敞，空间布局合理。方向盘握起舒服，驾驶起来比较轻松，力度非常轻。座椅坐起来舒适柔软，对身体包裹性不错。档位按钮式操作起来简单便捷，车的驾驶辅助配置比较多，驾驶轻松自如方便，起步快动力足。等红绿灯时或者停车的自动驻车非常好，倒车影像清晰。因为购车时间太短能耗没有算过。缺点：电的续航能力有点短，冬天耗电太快，隔音效果不足。导航系统有版本有点低。外边快充不能用。,2023-12-13,青岛
好学橙子OVO,【购车经历】 家里人买的都是两田的车，着实可靠。想着还是买个皮实耐造的。就从威兰达和皓影里面选了，无耐威兰达的内饰太丑，领导不满意，就果断看了皓影。 【驾驶感受】 去4S店试驾了燃油和插电，感觉就是两种车，开过插电再开燃油，立分高下，百公里加速感觉应该在7～8秒，加上没有购置税，妥妥安排！ 【油耗】 平时上下班基本没加过油，100块的油能用1个多月，因为没有车位，所以都是公共桩充电，1度0.9元，算下来比油车一个月省200多吧，插电比油车差不多贵了3w左右，很多人都说你省的油钱基本都在车里了，但是体验不一样啊。 【亮点配置】 买车的时候就是直接安排顶配。不想在后期加装了。方向盘加热，座椅加热通风，智能辅助驾驶，都很实用。,2023-12-24,滨州
魔法河流flU,从国庆提车到现在的一些使用感受： 优点： 1这是一辆电车属性的加油车，因为和油车完全不同的体验，之前只是开车快，现在起步也快。 2.发动机逻辑上“节能模式”就是一个完全没有存在的必要，本来主打传动比，但先充电保电、再驱动，能量角度没有任何理由，但追求纯电驱的可以理解，毕竟只是多烧点油嘛，所以好的体验和服务是可以花钱解决的。 3，不会有续航焦虑，我没考虑纯电车会有续航焦虑，如果是出远门的话皓影多烧点油就好了。正常满电续航有80km左右，亏电油耗是5.9 缺点： 1、慢充站真的很难找，现在基本市面上的都是快充，在外面想补电的话比较麻烦。 2、车机智能化比不上新势力品牌。 3、空调制冷是真的冷，但制热好像不是太给力,2023-10-24,苏州
另一个Zz,"买电车有里程焦虑，买油车嫌油价高，所以折中选了插混车，短途代步也能当电车用，一般续航六七十公里，家里装了充电桩，所以很方便。我平时高速开的很多，相比之下感觉插混比同事的1.5T增程高速要更省油，整体油耗都是我接受范围内的。

高速动力比油车好很多，跑120很轻松，而且高速很稳，包括刹车的脚感也很好，可能是有电池的关系，高速底盘比我之前开的汽油车都稳，有东西压着的感觉。

不满意的一点是内饰稍微欠缺了一点质感，看看20万的国产车，木纹饰板，氛围灯，真皮，怎么高级怎么来，皓影在这方面还是欠缺一点。",2024-01-09,德州
XJHHHHH,【买车经历】 刚开始选车想买个suv，但是新能源这么盛行又有点纠结，加上预算有限，朋友推荐说皓影出插混了。看车试驾以后觉得性价比还可以所以就提车了。 【外观】 设计比较年轻，比较规矩，没有花里胡哨的感觉，属于比较顺眼的。 【内饰配置】 内饰属于中规中矩，反正和国产车比起来差远了，配置也一样，属于注重实用为主，够用就行的那一类。 【空间】 空间比较大 驾驶空间跟乘坐空间都能很好伸展腿部。 【驾驶感受】起步轻快，加速比油车更快，而且用电的时候车里也比较安静。目前油耗显示1.2L百公里，但这个数据没啥意义，因为基本都是纯电跑的,2023-12-09,深圳
篮板猪小弟,目前已经行驶2600公里了车辆颜值不错，空间大。纯电90-95之间空调24度三档风，亏电油耗城市4.5-5 高速100-1205.5-5.8之间，还是相当不错得。,,宁波
拱白菜的幸福猪,能耗：目前跑了1300km，第一箱油还没用完，基本都是充电多😬😬😬高速设置节能模式（混动）5.4L/100KM 缺点：1、时速过80噪音比较大。2、空调太冷。3、车机一般（卡倒不卡，就是功能少）。 总结：整体开起来还是不错,2023-08-28,广州
谎言言言言,【油耗】 油耗一直都是所有人告诉我的，你不能冲着油耗去买混动，混动不省油，等等…实际上，我买了插混之后，目前4000公里，第四箱油，一箱油220块，7块5的油价。你说他不省油，可是我花了多少钱加油，我能不知道么？充满一次电算50公里吧。再结合下混动模式，算60公里。1块2的电费，一天1.2×17.7=21块钱的充电费，少抽一包烟的事，当做帮助戒烟了。。 【驾驶感受】 动力方面，可以说路上飙车不怕输，超车的时候想要就有。 【续航】 纯电续航作为郑州的来说，冬天没法搞，充满，纯电能跑30就不错了。期待明年夏天吧。 【空间表现】 空间其实真的可以，5座车，你先座6个人，也不算很挤，不怕警察叔叔查，就开出去旅游吧。,2023-12-07,郑州
木偶。,23年10月份提车当时国庆 看车展正好看到插混皓影 被外观吸引优惠3万落地。 优点:省油，家里有充电桩的话基本用不到油。空间大，储物空间也很多，后备箱很能装。车机智能元素很多。密闭性很好。 缺点：天冷电池掉电很快。,2024-01-25,南阳
久醉绕心弦78280880,总体驾驶感不错，够宽敞，2吨的suv也不指着能续航多长，还算可以，唯一缺点就是机器噪音太大，亏电行驶下机器声太大了，感觉比纯油车还大,,北京
观曌809,"【购车经历】
坐标福建漳州！于2023年2月18日喜提皓影插电混动尊贵版，在此之前对比了CRV插混，探岳gte，后面还是被皓影的外观给征服了，再加上我爱人就喜欢皓影的外观，最终还是选了皓影插电混动尊贵版；从选车，看车，试驾，砍价到最后落地，用了将近一个月的时间，虽然花了不少精力和时间，但最终的结果并没有辜负我的付出啊！

【提车价格】
尊贵版指导价28.48w，经过几轮的谈判和砍价，最终以裸车价20w成交，加上保险8036元(买了最高保额和加了366元增加车上人员意外和非医保用药险)，总共208036元落地。4s店赠送了全车贴膜，360全包围脚垫，行车记录仪，底盘装甲，行李架，3年6次保养，四件套，钥匙包等。这个价格我对比了下懂车帝，应该是目前的全网最低价了
【空间表现】
皓影插电混动整体感觉大气好看，舒适型和动力也还不错，特别是内部空间，挺满意的。就是隔音还是差了点，特别是在80码开始胎噪就比较明显了，不过低速行驶时倒是很安静，以至于我总有种是不是熄火了的感觉，毕竟之前一部车是国产猎豹的，那个噪音是挺大的
【驾驶感受】
由于刚拿到车具体的体验还不是很清楚，以后有机会再说吧
【油耗】
今天下午刚拿到车就去加了一箱油(第一次加油就给它加个好点的95)也才200块，24升。加上满电的电池，表显续航旅程为685公里。这个油耗就很经济很友好了。另外音响感觉还是一般，没有特别惊艳。

【最满意】
颜值！颜值！还是颜值！好看的很，每次看到这车都会由衷喜悦和开心！

目前就先写到这吧，回头有啥感受和体验在另外写一篇！

祝提车大吉，出入平安！",2023-02-19,漳州
露娜啵啵,"目前满油满电是95+425=520km，工作性质常跑高速，目前提车50天，已经跑了4600多公里，马上就要首保了，围观其他经验车主说稳踩油门，不急刹，里程会慢慢上去，不知道我这种高速居多的能行不。还在慢慢研究各项功能，作为女司机第一辆车，需要学习的很多，目前感受用电简直绝绝子，有稳定的接地插座就能充，基本都在蹭单位的电，除了高速，城市道路用车成本除了磨损基本为0，这点很棒，点赞。使用说明也太厚了，慢慢研究再跟车友们多交流，发掘更多功能为我服务。

【油耗】
目前表显油耗百公里5.3L
【续航】
续航稍微有点点焦虑
【最满意】
空间真的蛮大的，座椅也很舒适
【最不满意】
混动模式发动机噪音让我有点不敢踩油门，实在不是特别能欣赏这音浪",2022-12-02,成都
期待灬广东舰丶,"智能化实在很差，主要是车机功能太恶心了。我现在只能用来放歌接打电话，导航都是用手机的。华为是歧视本田吗？为什么hicar就是不支持皓影？特意换了Mate40pro，结果发现没法用hicar。纠结！

另外，车友比较关注的续航问题。
纯电的话，开空调是60公里左右，不开空调75公里左右，另外和你是否深踩油门和急刹有关。
纯油的话，我算了一下，城市5个油左右，高速6.2左右，因为高速我油门基本踩得比较深，所以油耗就上去了。
另外就是充电口的问题，这个车是慢充口，快充枪是大了一圈的，怼不进去充电口的，如果没有装它送的充电桩，附近也只有快充枪的话，只能买个转换头来降压。但是别经常用，感觉对车还是会有伤害。
最后一点就是保养问题，4S店送的保养，首保前不用充电，不用充电，不用充电，重要的事情说三次。纯油跑让发动机充分磨合，跑了3000公里或者满三个月了去做首保的时候换掉了机油再充电跑，充电也别一直用电，不让发动机工作，对于发动机老是不让它工作，也会坏的。基本就这些了。各位车友欢迎讨论。（2022年4月27日更新）",2022-04-19,深圳
爱登山的pm250,"提车啦，城市道路，无敌，驾驶感受特别好，能够轻松应对各种路况，和一般的电动车差不多的驾驶感。底盘调教偏舒适，但是方向指向性很好。

颜值在线，停在迈巴赫旁边，也不逊色呀！最开始选这个车没有选crv，也是因为颜值。

加满油，电快没了，看续航还有620km，这是可以跑700km的节奏呀！

sport模式下动力输出完全没问题，在深圳北环快速道也能轻松应对

隔音方面完全能接受，没开过豪车，我觉得已经很安静了

中控小小的屏幕，智能化做的还行，可以同步我的高德账号，在液晶仪表还有显示。后面不够用，我准备换一个大一点的中控屏。

音效也可以接受，我听不出来好坏

家用第一辆车，可油可电，空间大，座椅舒适，楼下停车场有充电桩，深圳市内随便跑！",2022-03-26,深圳
30秒懂车,外观方面，插电式混动版本的皓影锐·混动e+车型，与普通版本基本保持一致，仅仅是细节方面进行部分调整，例如车头中网的镀铬饰条有所优化、前包围的线条与下进气格栅也有相应变化、以及调整过的两侧LED雾灯，都让新车看起来更具科技感。 由于是插电式混动车型，因此车身右侧多了一个充电口。至于轮毂方面，新车全系均采用了235/60/R18的设定，并且使用了更具时尚气息的灰黑色双拼十幅样式。至于尾部，同样没有太多改变，除了尾标的身份彰显，更多就是排气造型的细微差异了。 内饰方面，皓影锐·混动e+车型有着浓郁的家族式气息，科技感和氛围营造，相比家族上一代设计语言，有了明显提升，用料与做工细节依旧非常出色。另外，其采用的按键式换挡，也更能体现出高级感。 行驶方面，动力总成当属新车的最大优势，皓影锐·混动e+车型，采用了2.0L阿特金森循环的四缸发动机，搭配自家的i-MMD双电机，匹配E-CVT变速箱，整体组成了该套混动系统，综合最大功率158kW。其中，电动机的功率是135kW、扭矩315N·m，汽油机的功率是107kW、扭矩175N·m。,2021-11-29,
赵璞工作室,外观还是本田的那一套，细节上有一些改动，比如前脸上的一些镀铬饰条。不得不说，本田的这个前大灯组看起来还挺好看的。 内饰也是，跟燃油版的几乎没啥区别。中控屏的尺寸放在现在，多少有点小。每次开本田的车，总会忍不住想问一下：你们什么时候把CarPlay给加上啊，车机看起来很复古，我自己用手机连都不行吗？给个机会吧。 动力表现，本田的第三代iMMD还是有很多看头的，就算加上了大电池，整体开着依旧很平顺舒适。低速的时候就是一台纯电动车，安静，迅速。深踩油门发动机介入动力的时候，很丝滑，没有一点突兀感。 纯电续航85公里，平时上下班还是够的，充电速度也还行，三个半小时能充满，家里有桩的话，日常当个纯电动车也还行。,,
驾享来电,"外观方面，皓影PHEV在前脸的分段式中网上半部分增加了三根横幅式镀铬饰条，同时雾灯处也加入了镀铬装饰，并变成扁平的长方形设计。从实际视觉效果上看是让整个车头变得更加精致了。车身侧面，整体车身比例显得很敦实，看上去会有一种安全感；侧裙处也呼应车头，采用了镀铬饰条的点缀。作为插电混动车型，在右后轮拱处增加了充电口。车尾部分，最明显的就是有了“e:PHEV”标识，并且下包围处也换装了镀铬饰条设计，显得更有质感。 

内饰方面，座椅的用料和触感不错，内部的填充物的支撑性也够足；座椅椅面的竖纹纹路不仅看上去比较美观，同时也能起到增加摩擦力的作用。按键式换挡布局让车内功能分区变得更加紧凑。7英寸的中控屏不论是造型还是大小，的确差了点意思，内置的Honda CONNECT 2.0系统从操作逻辑和功能上还是符合大厂应有的水准，左右划动屏幕的流畅度与响应都算迅速，分辨率也是可以接受的水平。 

空间方面，一米八的个头坐在前排，头顶到车顶的距离也还有一拳多。在后排更加舒适，因为中间地板基本持平，所以后排坐满三个人的话，坐中间的人也不会觉得拘束。后备箱由于有动力电池足存在，所以后备箱靠近后排座椅的位置稍微有点凸起，会稍微影响到一点平整体，但整体使用体验来看，影响并不算大。 

动力方面，这套插电混动系统最大优势就是提供了更大电池容量的三元锂电池组，简单总结的话那就是只要电池电量充足情况下，匀速行驶的情况下只用纯电也是没大问题的，这样的特性很适合日常通勤使用。总体上这套动力输出特性，是偏电机为主导的。所以当日常正常驾驶的时候，发动机的动静很小，更何况还自带主动降噪可以提供一个很静谧的车内环境。 

操控方面，整体调校相对偏舒适，在行驶过路面接缝、起伏坑洼的路面上，悬挂能够保证绝大多数时的舒适性体验。",,
菲常视界出品,"【驾驶感受】实际驾驶中，皓影锐·混动e+的动力系统可覆盖从低速到高速的所有速域，并根据行驶状况在“纯电模式”、“混动模式”和“发动机直驱模式”3种模式。
在电池电量充足的情况下，皓影锐·混动e+会一直坚持电驱动，发动机想介入工作？想都别想！就这样，皓影锐·混动e+的行驶感受与纯电动汽车几乎一样，动力输出直接顺畅细腻。
当电池电量不足时，皓影锐·混动e+就会进入i-MMD的混动模式，低速时还是以电动为主，发动机随时待命为电池充电，发动机的介入悄无声色，非常平顺。
当行驶到高速路段时，皓影锐·混动e+则改由“发动机直驱模式”，即便是超车也能感受到平滑顺畅的线性加速感。实际用车环境而言，以电为主的皓影锐·混动e+真正实现了“无限接近EV的PHEV”。
另外，就静谧性而言，无论是发动机噪音，还是烦人的路噪，皓影锐·混动e+优于皓影锐·混动，而皓影锐·混动又要优于皓影燃油版。
皓影锐·混动e+在馈电模式下，完全就是一套i-MMD系统工作。本田的混动系统技术如何，我想不必多说了。这是一套号称全球最强的油电混合动力技术，一款连混动鼻祖的丰田都佩服的混动系统。以电驱动为主的i-MMD混动系统，能够提供丝柔顺滑的驾驶体验，从而实现“无限接近EV的PHEV”。


【最不满意】由于混动系统的装配，对车内空间有一定的影响，最明显的是后备箱地台高度增加不少，但车内驾乘人员空间一点都没有被影响，这就是本田的“MM理念”。
另外，皓影锐·混动e+搭载专属仪表盘、Honda CONNECT 2.0智导互联系统（可惜不是新款雅阁和型格身上的Honda CONNECT 3.0系统），以及Honda SENSING安全超感系统等多项科技配置。",2021-11-25,
霹雳一一,车研究了许久，最初笃定的要提锐混动，四月份疫情的时候耽误了提车，闲来无事发现顶配插电版的价格落地要低于顶配的锐混动，综合比较了一下，插混满足了想要电动车和长续航没有里程焦虑的痛苦，在很短的时间就决定了提插电的皓影；在2000公里的实际使用的感觉，车身要偏厚重，纯电的提速接近无限输出，但是亏电和补电的状态下，起步感觉偏软噪音明显，纯电续航标的83但是也就是60多点，可能和踩油门狠的原因导致略微低了，自己有车库，实际使用的情况还是比较省钱便捷，官方对电池的质保应该只是心里安慰，但是买插混电车的结果大不了就是轻混使用了，对于智能化车机系统，版本确实低了，3.0可能会好点吧，但车机的实际使用主要是地图，丢分也丢在地图上，高德车机太差了，所谓的每个测评视频下的评论都存在的26升油箱的梗，我觉得没有必要，满油满电大概600到700多公里，足可以秒杀纯油车续航，况且6-7十公里市区内通勤纯电也够了，如果给55升的箱子，平时没事还得背着30升的汽油增加电耗吗？还有两点顾虑是，主驾驶座椅用力后依有卡的一声，找不到毛病，还有就是底盘实在过低，过沟过坎得顾虑电池；遗憾的是没有侧后提醒和HUD不是投在前挡上。,2022-06-02,保山
淡泊名利真,"【购车经历】当时去看了秦跟皓影PHEV，考虑到工作原因，长途驾驶赶时间比较多，充电比较麻烦，还耽误时间，索性干脆入手了皓影插混，不用担心续航问题。最后优惠3.5W送了6次保养，还送了脚垫，外加玻璃膜，最后玻璃膜没要，又多送了一次保养，最后落地将近20W，免购置税入手。

【最满意】最满意的就是后期使用成本，基本天天顺手就充电，用不到油，短途纯电行使就够了，92号汽油就够。


【最不满意】轮毂造型有点不好看，后期要换掉。整体都比较满意。

【驾驶感受】油门响应非常及时，而且踩油门比较平顺，方向盘比较顺手，而且转弯时候底盘比较厚实，车身很稳定。


【乘坐体验】说下驾驶体验，大腿位置座椅支撑很足，长途驾驶腿部伸展空间很大，不会腿部酸痛，腰部支撑很饱满，整体驾驶体验很棒。

【续航】纯电续航大约70KM左右，满油满电没实测过，1000KM应该不在话下。

【保养】首保还没保养，加上送了很多保养，后期再跟大家分享保养成本。",2024-03-12,
DucnT,家里是本田粉，之前家里一直有台插混皓影，后来提车型格，充电桩就在车库里，所以充电也比较方便，满电状态夏天可以行使70-80km左右，冬天在60-70KM左右，综合表现比较满意，加满一箱油基本2-3个月用不完，完全可以当电车使用，空间对于家用来说完全够用。 驾驶起来操控也比较满意，冬天雪地脱困能力还比较强。 最满意的就是后期性价比，92号汽油完全够用，如果像我一样，每天可以充电的话基本用不到油，使用成本很低。 最不满意的中控比较一般，但是现在新改款的车机功能貌似挺多的。,2024-03-12,
东北风雨者,纯电续航模式，真的舒服。发电时候动力有所衰减。选择皓影首先是外观大气好看，并且颜色很特别，空间也宽敞，后排还可以全平放倒，对比店里皓影低配油车，最终还是购入价格合理23W插电混动皓影星空蓝汽车。22年1月21日喜提广汽本田皓影插电混动汽车，分享一下用车感受。 买车的原因是因为孩子长大了，家里第一辆铃木雨燕太小了，已经超过父亲身高体重的孩子来说，坐在后排十分拥挤。 目前使用很舒服，刚开始使用有很多不满意地方，因为电池和温度关系很大，1月21日购车，正好是冬季，我们这又是北方温度很低，最开始充电也很困难，没有车库，只能在户外充电桩充电，从纯电续航50多到60多，逐渐增加，现在温度高了，能跑90多了，现在最高纪录纯电里程100公里。 从开始第一天开新能源车到现在已经近二年了，满意感逐渐增加。因为俄乌冲突导致油价很高，对于重量增大的新皓影，空间又很大，花不到10元钱电费能跑100公里，还是米其林轮胎，胎噪小，过火车道，坑洼不平路面乘坐很舒服。纯电动力快，起步迅速。混动接入明显动力下降，纯油基本用的少。 后排座椅可以完全放平，放平后后备箱空间增加一半，相当于一个面包车的储存空间，偶尔拉一些大件物品时非常方便。 这车一些小缺点就是车机比较落后，没有配备Honda CONNECT 3.0车机系统，现在广本新车基本都有了。油箱比较小，插电混动的作用能适应短途长途，不过跟更适合城市驾驶。,2023-12-10,铁岭
McGee297,【购车经历】 朋友帮忙在4S店提车，裸车优惠9.8w，加上保险上牌，最终落地18.28。坐标广东佛山。 【驾驶感受】 毫无疑问，这是开过的本田车中行驶质感最好，得益于接近2吨的车重，开起来有种美系车的底盘稳重质感，过颠簸路段、减速带滤震不错。 提速方面，2.0L发动机➕在电机加持下，只要肯踩油门，动力支持还是满满的，9秒内轻松破百，不过到了100往后动力输出感觉还是不如涡轮增压。 【油耗】 提车行驶了1800Km左右，纯高速亏电跑100-120时速油耗在6.0-6.5L。城市路段纯电能跑个75-95KM左右，亏电油混油耗在4.7-5.8L。2吨的车重，能跑出这样的续航，已经非常满意！本田买车送发动机确实不是浪得虚名。 【亮点配置】 买车时对比了下CRV和皓影的油混，低配也要去到接近19，然而看了下中控屏幕，5英寸，还没我手机屏幕大。织布座椅。无L2智能驾驶。 果断掉头，直接入手皓影插混，不为别的，9.8的优惠力度，纯纯的就为了性价比。 【续航】 目前满油满电大概500-560KM，纯油亏电能个450-500左右，主要是26L的油箱，也是很多人诟病的地方，但我不敢苟同。 因为其实大部分的油车40-50L油箱也就500-600左右，加上油站遍地都是，加油其实也是非常方便。为啥还要为了高续航，非要拖着大油箱跑增加车重油耗呢？ 【最不满意】 接近30W的指导价，7英寸的中控屏幕还是不堪入目，不过考虑日常使用只是蓝牙播放音乐，导航也习惯用手机，这点忽略不计囖 【整体感受】 一个字：非常棒！18个出头的皓影插混，还要啥比亚迪宋？别的不说，至少造车经验和品控，本田还是有话语权的。,2023-04-16,佛山
正顺电力机具,续航是最不可原谅的，配置也很差。外观和空间还行，中配连一个并线辅助都不舍得配,,广安
用户8133088581730,"新车提了两个多星期，也是机缘巧合选的这个车，看车提车2小时｡◕‿◕｡
  总体感触，座椅很舒服啊，比上一辆美系车不知道好到哪了。操控中规中矩吧，毕竟家用车系列。由于附近没有慢充的充电桩，厂家的充电桩还没申请下来。一直加油，油耗现在7.1估计跟磨合期也有关系，电最多就两格。车机系统……一言难尽跟朋友的国产车的车几一比………弱到爆。车的滤震不错，过个小沟沟什么的，基本没什么感觉…
  整体来说没后悔吧，有一点邮箱太小了………加一次不到200简直…………",2022-01-06,十堰
用户4103879262663,车机有点卡！油耗感觉还行！车内异味有点大，动力响应还行。感觉功能没有国产车的多，,,南京
东北风雨者,广汽本田皓影pHEV，纯电模式驾驶，挺快迅速。车内空间宽敞，后排座椅可以纯平放倒。相比国产，没有备胎，不能外放电，油箱太小，车机还是2.0的。轮胎不错米其林的，没有行李架，不适合远途自驾游，适合城市使用。,2022-07-23,铁岭
27号驾驶员,开了接近一年，一万四千公里了，油电切换很丝滑，除了综合续航跟新款比少了点，如果满油满电综合续航能跑五六百不成问题，其他还好，目前综合油耗4.7 偶尔想起来充电，电和油跑的比例大概是3:7 正常亏电时候油耗应该平均在六七个左右（城市）目前感觉的缺点是漆水薄，挨过一次小冰雹有几处掉漆，当时带着车衣，但是纳闷的是车衣没事，里面漆没了（毕竟小日子的车大家都明白，但是想必买这车的大家都是图的它经济实惠）还有就是发动机冷启动噪音大点。最喜欢是纯电状态下能正常用空调，夏天堵车或者等人完全不用像油车一样考虑一直启动着发动机导致的积碳问题啥的。辅助驾驶用着还可以，适合跑高速，厂家还送了一个充电桩，有效期一年内安装都可以。,2023-08-01,济南
汽车洋葱圈,广汽本田皓影，是东风本田CR-V的姊妹车型，本田CR-V作为最早进入国内市场的城市SUV之一，积累了很好的口碑，家用、省心、空间一直是它最突出的产品点，皓影作为后发的姊妹车型，继承了CR-V的有点，还在外观上采用了更加年轻运动的设计语言。 【满意】 1.作为全系最顶配的车型，360环影、电尾门、HUD、前后排座椅加热等配置都是顶配专属，指导价比低一配置贵了1.5万元。 2.新车搭载本田第三代i-MMD PHEV技术，NEDC工况纯电续航里程85km。 3.乘坐空间和储物空间在同级别中十分优秀。 【不满意】 1.整体噪音水平不尽如人意，胎噪和发动机介入后噪音较为明显。 2.车机不够智能，没有carplay和carlife。 【油耗】平均油耗在5.2L/100km左右。 【优惠】经销商普遍有2万元左右的优惠。,,
暮暮1129,在领克01和皓影中选的，内饰相比国产车落后，为了绿牌才买的，后备箱台阶也不满意，油箱小但综合续航还好，毕竟加油站比较多,,石家庄
阿忒～～等25.1w人,驾驶感受挺好，座椅舒适度相当不错，但是胎噪明显而且下面有个电池包外漏，不知道安不安全,,郑州
吴佩频道,相比普通的皓影混动，皓影PHEV的纯电续航里程更长，相应的，更大的电池、更多的设备也让车重增加了350千克，这样的车重增加会对实际驾驶有什么影响呢？ 第一是零百加速从9.2秒变成了10.3秒，在输出参数不变的情况下，皓影PHEV的车重增加让零百加速慢了1秒多，但实际的加速体感并不明显，毕竟i-MMD混动系统大多数情况下都是以纯电进行驱动，电机的起步即最高扭矩的输出特性在一定程度上减小了车重增加对加速带来的影响。 另外，虽然车重增加了350千克，但操控表现并没有明显的恶化。由于电池等部件都主要集中在底盘附近，车辆的重心并没有明显的上升，而是有点像是不倒翁的感觉。在驾驶过程中你会感觉到皓影PHEV是更有分量的，但不会明显感觉到车身姿态的笨拙。紧急变线、快速过弯也没有很突兀的重心转移。悬挂系统经过重新调校标定，在面对更为沉重的车体的时候，没有出现避震机拉不住车身，在经过长波起伏路面的时候，车辆有过多垂直浮动的现象。 车重的增加和电池对于乘坐舒适性并没有太大影响，NVH表现依然非常出色，要比丰田荣放的PHEV明显优胜。后排地板由于电池的存在被抬高了一点，坐入后排的时候会感觉坐姿没有普通皓影混动这么舒展，座垫对大腿的承托没有这么好，但影响不算严重。另外受到电池体积的影响，行李箱空间也无法做到完全平整，有明显的凸起，空间也收到一定的挤占，不过本田毕竟是玩空间的高手，通过一些巧妙的调整，包括可提升的行李箱地板、地板下的储物格等尽量减少了电池对空间的影响。 那么皓影的PHEV和荣放的PHEV该怎么选呢？如果你重视动力表现，选荣放PHEV，无论是单电机还是双电机版本，荣放PHEV的动力表现都会更出色。如果你重视静音、空间、油耗，等，选皓影的PHEV车型。,2021-10-16,
蜀锦传媒集群,皓影作为一台家庭用车，我当时选的时候，是准备看CRV的，但是看了CRV总感觉有些老气，不是很符合我的需求。转头看了皓影，个人感觉细节上皓影比CRV好看，恰巧销售给我推荐了PHEV版本的皓影，我也不排斥插混的动力，还可以上绿牌，就入手了。首先这个轮毂很好看我很喜欢，每次下车都会多看几眼。回归正题啊，皓影PHEV开起来起步很顺畅，由于使用了电机起步，非常的安静，高级感不错。油门很线性，2.0L自然吸气发动机市区代步还是不错的，急加速或者高速上嘶吼的有点厉害了。而新能源版本的皓影采用按键式的换挡，我很喜欢这块区域。其他的地方我觉得和燃油版没多大区别。座椅还是非常的柔软，乘坐起来没毛病，皮质座椅质感也不错。后排中间扶手下面，可以多延伸出一个小格子，非常的不错，空间利用率挺高的，家人坐在后排也非常的宽敞。配置也是非常的到位，驾驶辅助，疲劳提醒，自适应巡航，上坡辅助，可变转向比，全景天窗，无钥匙进入。基本上能用到的 用不到的都给你配齐了，非常棒。,,
汽车天涯,本田皓影PHEV，外观方面采用的是带有镀铬条的进气格栅，两侧大灯采用的是狭长的造型与上方贯穿式的镀铬饰条相连接。车标是下沉式的设计，非常的独特个性，搭配下包围，显得车脸愈发的神秘大气。侧面线条比较顺畅，腰线与门把手相连，看起来非常的动感。尾部造型圆润饱满，尾灯采用了L形的造型，下方保险杠贯穿至两侧，采用双边共出的排气布局。 内饰方面中控的设计使得车身科技气息浓郁，搭配浅色的配色，看起来高级感满满。采用了三幅式多功能方向盘的造型设计，悬浮式的中控屏幕，增加了几分科技感。 动力方面，新车搭载2.0L发动机+电动机组成的混动系统，拥有第三代i-MMD PHEV技术。,,
线外邦,"图绿牌，图省油，图大空间，皓影PHEV都是很好的选择。

作为本田CR-V PHEV的姊妹车型，皓影PHEV除了外观跟CR-V PHEV不同，其他部分可以说完全一样，所以它的优点和缺点也都是一致的。

作为一款本田第三代i-MMD油电混动系统改过来的插电式混动系统，它的优势依然在于省油，就算是不充电，也是很省油的，不过，要是充电方便的话，它80多公里的真实纯电续航，也确实能够解决大部分的城市通勤问题。

在更大的电池加入之后，确实一定程度地影响到了空间，最直观的就是后备箱多了一块凸起。不过其他部分的空间并未受到影响，因此，整个皓影PHEV的空间表现依然是十分优秀的，尤其是乘坐空间，后排完全可以轻松跷二郎腿，并且它的座椅填充物也很软，乘坐体验相当舒服。

当然，它的缺点也十分突出。就是作为一辆本田，皓影PHEV的整体的动力和操控表现却很一般。尤其是动力，虽然有了电机的出力，但本身的调校很保守，动力倒是很平顺，但算不上强劲，破百都要10秒开外了。整体的操控调校也偏向于舒适，开起来没有太强的质感。

综合来看，如果你需要绿牌，喜欢日系，皓影PHEV是一个很不错的选择。",2022-01-20,
智电出行,前段时间去试驾了，没感觉与燃油版有太大差别，家里都是油车，油价现在这么贵，觉得很有必要买一辆电车，方便太多。因为是电机，所以提速很快，踩下电门就能跑，哪有啥挫顿感，很爽。这车有三种模式，三种模式我更喜欢ECON，这个就够了，其实三种模式都有很强的推背感，动力也很强劲，还有就是静谧性，哇，真的很棒。车内的储物空间很多，很适合零碎物品多的人，车内的座椅舒适度很不错，尤其是后排的座椅可以更大角度的调节，包裹感很不错，但不能放置纯平，前后排还都有3级座椅加热。安全配置ACC、车道保持辅助、前方碰撞预警，偏离车道后仪表有弹窗警报，很好用。我觉得还是蛮不错的。很多比较智能的配置，在这款车上已经不错了。手机可以看车的电量、状态啥的。还有就是这款车不给快充，只给你慢充。,2022-03-08,
微信伟之栎,充电、续航是比较大的问题。油箱太小，跑长途焦虑。方向盘加热没有，后排座椅加热前排无法控制。,,忻州
电动EV,【最满意】 本田皓影这台车的颜值真的没得挑，它颜值还是非常年轻的非常前卫的，这样一个外观设计，我认为再开个十年八年都不会过时，我觉得这样的一个外型设计也是非常适合我这种20岁出头的年轻人，我觉得它的外形设计的更像哪种比较贵的豪车，如果把本田的车标盖住的话，绝对不会有人认为这是一台20多万元的车，外观这一块我还是非常喜欢的。 【最不满意】 首先胎噪大，虽然刚才说了车辆操控不错，但是皓影开起来的胎噪很大，甚至是恼人，尤其是高速行驶时，希望本田能够重视这个问题。,,
智电出行,新车整体外观与传统动力版本基本一致，皓影前脸标志性的亮黑色中网通过粗壮的镀铬饰条与两侧头灯组相连，时尚大气。车身侧面造型圆润，车尾部分层次感十足，“L”型尾灯组内部采用LED光源，极具辨识度。作为插电混动车型，新车搭载了由一台2.0L自然吸气发动机和两台电动机组成的PHEV动力系统，部分车型还增配了四驱系统。据悉，该车每百公里综合油耗仅1.3L，并且纯电动续航里程可达85km，堪称国内最省油的SUV。市场中，大众途观L、探岳、领克01等车型均推出了PHEV版本，不过皓影插混版则在续航和油耗上都占据优势。新车计划在下半年上市，有望于今年年底或明年年初交付。内饰上，新车或仍采用对称式中控台设计，液晶仪表和嵌入式中控屏的加入提升了科技感，大面软性材料和金属饰板的结合则提升了档次感。配置上，新车将搭载与东风本田CR-V类似的配置，Honda CONNECT 2.0智导互联系统和包括ACC自适应巡航、碰撞制动预警、车道保持辅助等配置在内的Honda SENSING（安全超感）系统。,2021-09-10,
AL频道出品,"皓影PHEV让大家最为犹豫的毫无疑问是价格，确实不便宜。不过对于拍牌困难的一线城市来说，这个问题倒也没什么犹豫的。皓影PHEV开起来和锐混动主要有两个明显的差别，一个是开起来更重了，尤其是下盘的分量，整车的加速性能其实也是稍有变慢的。第二个就是电池扩容后，纯电续航可以来到85km，时速能干到160km/h，那么一定程度上你可以把皓影PHEV当作一台上下班的纯电代步车了。这台车很好的诠释了什么叫源于i-MMD，高于i-MMD。

另外，因为PHEV的身份，后备箱和锐混动相比有点不一样，平整度没有锐混动好，但隔板下方隐藏的空间容量还是非常客观的，只是遗憾的是受限于空间，备胎在皓影PHEV上取消了。此外，因为电池包装在底盘下方，所以远处看皓影PHEV时，能隐约看到露出相关单元，多少有些影响观感。总的来说，不考虑价格，车开起来还是非常容易种草的。",,
优视汽车,"插电式混动车型在本田中不算多，皓影e:PHEV车型在日系同级别SUV中显然是一款敢于尝新的车型。外观其实与普通皓影车型没有太大的分别，当然也能从车身的细节之处找到一些差异，或许在很多人看来这样少了新能源车的专属感，但或许这样的设计更能保持皓影车系的特点。

由于与普通皓影只是在动力系统上的差别，所以内饰以及配置方面也都是大同小异，液晶仪表与多媒体大屏更是不可少的标志性配备，皮革座椅采用的是米色的色调，看起来也很典雅，只是在清洁和保养方面需要花多一些精力。

虽然售价不算便宜，但皓影e:PHEV豪华版使用的动力系统，却是本田目前较为先进的第三代 i-MMD PHEV技术，通过可插电混动，使EV模式行驶里程更长、适用速域更广，最高可以支持到160km/h。整套动力系统采用2.0L阿特金森循环发动机＋双电机的混动动力系统组成，其中发动机最大功率为107kW，最大扭矩为175N·m，驱动电机的最大功率为135kW，峰值扭矩为315N·m，综合最大功率为158kW。

底盘风格柔中带刚，行驶中可以过滤掉很细小的颠簸和振动，当遇到比较大的颠簸时，悬架的回弹比较硬朗，或许只有这样才能保留了本田特有的操控性，虽然车重比普通燃油版重，但在隔音和行驶肃静性这方面却令人意外。值得注意的是该车型的电池具有85km的纯电续航能力，平时城市上下班完全可以依靠纯电行驶，当电池耗尽，也只需要3个半小时就能充满他的电池，因此在实用性这方面比较靠谱，关键还能上新能源车牌，对实行了车辆限购的城市来说，是个很理想的购车捷径。",,
驾仕派,【提车价格】之前CR-V PHEV版本因为超过27万元的高价，让不少对本田i-MMD结构插混车型感兴趣的消费者望而却步。这次广汽本田也将第三代i-MMD PHEV技术导入其中级SUV皓影上，并将其命名为“皓影锐·混动e+”，同时在价格上也有了大幅下探。广汽本田这次玩了一个“花招”，公布的皓影锐·混动e+市场指导价是27.38万元-29.98万元，和CR-V插混完全一致，甚至在同价格上配置还少一些。可是作为广汽本田旗下第一款搭载Honda标的新能源车型，广本也希望用皓影插混车型建立起直营的概念，所以这次还开通了广汽本田官方商城购车服务平台，而其在广汽本田商城指导价要比市场指导价低2万元左右，其入门的豪华版车型的实际价格下探到25万元以内，和荣放PHEV等车型并行。同时，新车还享受保养无忧礼，即三年6次免费保养（含首保），并赠送充电桩。这样一来，皓影插混车型再算上购置税优惠，其落地价格大概也就是25.5万元，这基本上和皓影的HEV版本（锐·混动）一致了。再考虑某些地方的牌照政策，皓影插混相比燃油车有着明显的购买优势，只要广本的产能跟得上，在限牌城市很可能成为爆款。 【最满意】皓影插混版本和大众途观PHEV、荣放PHEV这些车型不同的地方在于，它基本上等同于一辆“皓影混动的大电池版本”，除了可以提供85公里的纯电续航之外，几乎所有运行模式、运行状态都和普通混动版一样。尤其是在馈电状态下，皓影插混车型的百公里油耗可以低至4.6L，换句话说即便你不充电，油耗和蓝牌的锐·混动车型也基本一致——但是，它可以上绿牌！,2021-10-22,
机器人413,驾驶体验还可以，功能齐全，油耗还比较低，纯电续航里程偏小，油箱容积偏小，显示屏幕偏小，不够大气,,
汽车网评,皓影PHEV豪华版外观看起来比CRV更加精致，有矩阵式的LED大灯组，车身造型更加狭长，车头看起来扁扁的，运动感更强，车内饰典型的日系风格，全车各种竖条形缝线设计增添了豪华感，手能摸到的地方是软包材料包裹的，低调又耐看，整车的功率得到了提升，开起来更加爽快利落，插电混动的情况下，在市区中驾驶更加方便。,,
轻念9145,车第一就是油箱太小 续航能力太差  1400公里加了1100多块钱的油 电基本用不到 因为全程高速 油和电都是满的跑不到500公里 这一路上我加油都加了五次 哎……,,青岛
皓影PHEV小白,按钮档位刚开始真不习惯，也不喜欢，混动模式噪音极大，关着窗跟有拖拉机在跟前，不是形容像拖拉机，是真实拖拉机噪音，受不了，其他都还好,,烟台
用户名密石马,整体还是可以的。纯电驾驶感觉真好。该有的功能也都有了。缺点如下：屏幕小，车机系统落后，油箱小，后备箱地板有台阶。,,苏州
