字段1_文本,字段1_链接,字段2,时间,字段3
小星奇异录,https://www.dongchedi.com/user/2623850754369916,喜欢东风雷霆的外观，非常时尚。 缺点：430版本价格比较能接受，但又想要630顶配版功能，所以就购买430标准版后，自己改装了，喜欢这辆车的，我教你怎么选择配置。 430标准版亲民价格，缺点优点给大家列举出来一下。 一：4s店送的全车脚垫不是嵌入式的，坐一次人就乱的不行。 二：因为是标准版，主驾驶和副驾驶都没有电动座椅。 三：因为是标准版，主驾驶副驾驶都没有座椅通风及座椅加热。 四：因为是标准版，主驾驶副驾驶都没有座椅按摩功能（630顶配有） 五：因为是标准版，没有后视镜折叠功能及电动后尾箱。 六：因为是标准版，没有L2汽车辅助驾驶及自动泊车。（这个功能其实用处不大，谁都不会用，只是尝鲜，不会把生命交给汽车去掌握） 七：因为是标准版，后排座椅下面，只有一个USB接口，下面是个洞（参照照片），630顶配是个220V充电口带按键上翻盖。 优点：毕竟是标准版，价格亲民，比630顶配要便宜差不多10万元。我拿车后自己找朋友改装花1万不到享受了630顶配基本所有功能。 1.改装全车嵌入式脚垫（几百块） 2.改装主驾驶副驾驶电动座椅（总共一千多） 3改装主驾驶副驾驶座椅通风及加热（总共一千多） 4.改装主驾驶副驾驶原座椅基础加座椅按摩（总共两千） 5.改装星空顶贴星空膜（一千多） 6.全车车衣保护车漆，为以后原版原漆卖更多钱。（三千多） 由于车子才出几个月，电动折叠后视镜配件，电动后尾门配件，后排下面220V按键上翻盖，目前市面上买不到，就只能边开边等了。 今晚改装店去提车，全部已搞好（搞了三天） 2023年7月13日，晚上提车后再给大家分享照片细节。对此车有疑问的可以咨询我。,2023-07-13,成都
山风之昇龍道,https://www.dongchedi.com/user/4486474152810525,"【购车经历】
这车车是在懂车帝上面看到巴音何发的帖子才联系上的特价车。之前一直在关注，但是都在犹豫，主要因为购车成本超出预算了！但是真心喜欢这个车车！幸好无意间看帖，才有幸结缘何总。全程都是何总帮搞定的，我就去了一趟柳州，然后全程就顾着吃吃喝喝了……不得不说，何总真的是太热情太专业了。到柳州找他买车是最正确的决定

【提车价格】
这个车车是630顶配，在何总手上办理下来一共才14多。就一个字，香！

【驾驶感受】
总体来说，这次柳州行非常的满意，从来就没有买车买的那么身心愉悦的。坐在车里的时候我就知道，这个大白就是我的，它就是来陪我走一段人生路的。太舒适了！高科技拉满，座舱舒适，动力澎拜。我试了下运动模式，豁哟，别管旁边啥子豪车，统统都是弟弟！整体感受就是，快准狠稳！",2023-11-22,柳州
空山入梦,https://www.dongchedi.com/user/3333332975749070,买电车我最关心的是实际续航，雷霆没有让我失望，市区道路真的可以跑600，高速定速巡航可以开到480左右，外观萝卜青菜各有所爱，反正我觉得是喜欢的，觉得很大气。后排可以完全放倒做床车，国庆出去玩，上海去青岛中间只需要充一次电，在车上睡了一晚也是别样体验！唯一吐槽的就是车机有点弱，而且不能升级，倒车影像有时候会卡顿滞后，别的都能满足我的需求，总体来说不后悔,2023-10-19,上海
火腿肠是只狸花猫,https://www.dongchedi.com/user/51757852474,外观一般，内饰一般，中规中矩，车机说是腾讯的，功能比面包车强一些，播放视频还卡顿，冬天续航ECO 模式，不开动能回收，平稳起步全程不开空调情况下，撑死190-200公里续航，简直一比吊糟。没错，我就是那冤种代笔，有第二次我都不会再买这车。,2024-01-28,滁州
车马记,https://www.dongchedi.com/user/4309717268824472,这款虽然是风行T5 EVO的换壳油改电产品，但比较低的指导价和大空间算是大卖点。虽然风行品牌是国产品牌最后一个梯队的存在，但至少品牌时间也不短了，不至于被淘汰出局，毕竟还有商用市场的。所以这款车只适合买低配，如果13.99万的次低配能再给1万多的优惠，相对来说，可以简单尝试。但15万以上的高配千万不要尝试，即使配置高，但同价位已经能买到一些不论品牌还是车型硬实力更高的产品，所以规规矩矩买低配才是风险最低的选择！,2023-03-26,
汽车Z博士,https://www.dongchedi.com/user/55668553183,"外观设计

风行雷霆 2023款 430 Young，首先从外观上来看，设计了个性的大灯，并且还进行了熏黑式的处理，底部还镂空的设计风格，底部还采用了橙色的线条。侧面来看，顶部的线条缓缓向尾部下探，车身则设计了个性的线条，汽车的长宽高为4600x1860x1680mm，轴距为2715mm。尾部方面，设计了贯穿式的尾灯，拉宽了尾部的视觉宽度，还设计了黑色的包围。

内饰风格

风行雷霆 2023款 430 Young，内饰方面，车内设计了圆形的出风口，车内还设计了连屏的风格，搭载10.25英寸的全液晶仪表盘、10.25英寸的中控屏等。

车型配置

风行雷霆 2023款 430 Young，配备ABS防抱死、车身稳定系统、胎压监测系统、后驻车雷达、上坡辅助、低速行车警示音、制动能量回收系统等。

动力扭矩

风行雷霆 2023款 430 Young，搭载永磁同步电机，电动机总功率150kW，电动机总马力204Ps，电动机总扭矩340N·m，匹配电动车单速变速箱。电池方面，搭载磷酸铁锂电池，纯电续航为430km。",,
