publish,标题,名称,名称1,评分,评分2,评分3,评分4,评分5,评分6,评分7,评分8,评分9,评分10,评分11,评分12,评分13,评分14,评分15,评分16,评分17,标题18,信息,信息_链接,信息19,信息20,信息21,信息22,信息23,信息24,信息25,信息26,信息27,标题28,purpose,purpose29,purpose30,purpose31,标题32,jia_text,标题33,图片,图片34,信息35,dw_22,dw_2236,dw_23,dw_4,dw_2337,dw_438,dw_1,dw_7,dw_139,dw_740,dw_8,dw_2,dw_841,dw_242,dw_5,dw_543,dw_11,dw_3,dw_1144,dw_345,dw_6,dw_646,up_链接,up
"
    发表于  2023-09    

      
        
    
    
",一次就好44,https://image1.xcarimg.com/attachments/my/1/73/09/873_120.jpg,青铜长老,4.88,外观,4,内饰,5,续航,5,空间,5,舒适,5,动力,5,操控,5,性价比,5,购入信息,爱车车型,https://newcar.xcar.com.cn/m69280/,2023款问界M5纯电后驱智驾版,购入时间,2023/6/1,购车地点, [贵州省],裸车价格,28.98万  (厂商指导价 28.98万),续航里程,185km,购入用途,上班,购物,接送小孩,,爱车简评,对于电车来说，电池价格才是在整辆车中占比最大的，所以买车的时候我也要考虑到将来换电池，电池的技术怎么样？AITO问界m5电芯品牌是宁德时代的，车也是由华为打造的，所以在整辆车的质量上边，我是比较信任的,实拍图片,https://img1.xcarimg.com//review/20230922/46b9826cd4dbc33b9509de593eba7c46.png-169x127.jpg,https://img1.xcarimg.com//review/20230922/56d03e1e0bef87dfe3224efff9f39039.png-169x127.jpg,爱车评价,[最满意],总的来说，车是好车，外观也很漂亮，车的智驾方面很多功能很好用，尤其适合停车技术或者开车技术不太好的朋友，至少在开车的过程中可以省心很多。,[不满意],[舒适],这款车的尾部设计不是特别好看，可能是不太符合我的审美观念，觉得有一点短了，后背的空间也就不是很充足,坐着挺舒服的，没有什么不适,[外观],[操控],这款车的外观很大气，底盘也比较高，所以不用担心遇到一些坑洼路段会挂到底盘，车的漆也很亮堂，车身流畅。,现在的车在驾驶操作方面越来越人性化，这款车之前没有自驾班，所以也不是太考虑，智驾版也是最近才出，这款车出了智驾版后，销量也挺好，现在的年轻人会更喜欢一些国产品牌，主要是国产的质量和人性化方面，设计师总会考虑到人民群众更喜欢的，尤其是最近几年国产崛起。AITO问界M5这款车是有智能驾驶的，不用白不用,[性价比],[内饰],买了这台车以后，到现在还没有后悔的感觉，越开越喜欢，每次停车后都忍不住多看两眼,这款车的内饰比较偏简约，没有太多复杂的装饰，但是简单的内饰并不代表里面简陋，但是车的内饰整体质感很高，亲自感受以后才知道还是对得起这个价格。,[续航],续航方面，纯电续航534千米，只能算中等偏上的水平。好的地方是充电速度比较快，续航都是真实续航，没有虚标，显示多少续航就能跑多远，可以提醒我及时补电,[充电],[空间],充电挺快的，平时用车也不耽误,AI TO问界m5是属于中型的SUV，五门五座，不管是驾驶室还是副驾驶以及后排空间还是挺宽的，一般家庭完全够用。,[动力],一般都在市区开，所以起步也很稳，没有延迟,javascript:;,展开全部
"
    发表于  2023-09    

      
        
    
    
",南城忆潇湘洞,https://image1.xcarimg.com/attachments/my/1/76/98/720_120.jpg,支柱会员,5,外观,5,内饰,5,续航,5,空间,5,舒适,5,动力,5,操控,5,性价比,5,购入信息,爱车车型,https://newcar.xcar.com.cn/m69280/,2023款问界M5纯电后驱智驾版,购入时间,2023/5/1,购车地点, [江苏省],裸车价格,28.89万  (厂商指导价 28.98万),续航里程,255km,购入用途,上班,购物,接送小孩,自驾游,爱车简评,外观运动感强烈，流线型车身加怎么看怎么喜欢，内饰做工用料扎实，除了木质条纹外，其他部位基本都用皮质包裹。,实拍图片,https://img1.xcarimg.com//review/20230922/4404f4065361fc588bac8d4254b5506f.jpg-169x127.jpg,https://img1.xcarimg.com//review/20230922/043ab9c32e7ac86a102f69d6fba93790.jpg-169x127.jpg,爱车评价,[最满意],动力上，电车有油车很难比得上的优势，电机直接输出动力，不经过变速箱，动力来得更直接，最直观的体验就是给油就走，一点不拖沓,[不满意],,目前还没有不是很满意的地方，后期给大家更新看看哈,,[外观],[操控],外观运动感强烈，流线型车身加怎么看怎么喜欢，内饰做工用料扎实，除了木质条纹外，其他部位基本都用皮质包裹,这车开起来，非常稳，我也只想得到这个词来形容，底盘给人一种高级的感觉，确实和10万车型松散的感觉有很大的不一样,[性价比],[内饰],自从开了这车以后，我感觉多了很多乐趣，性价比杠杠的,后排座椅空间也很宽敞，媳妇和孩子都很满意，特别是华为音响的效果非常好，孩子赞不绝口,[续航],AITO问界M 5增程版纯电续航为255公里，增程版总续航更是达到1200多公里,,[空间],,后排座椅空间也很宽敞，媳妇和孩子都很满意，特别是华为音响的效果非常好，孩子赞不绝口,[动力],动力上，电车有油车很难比得上的优势，电机直接输出动力，不经过变速箱，动力来得更直接，最直观的体验就是给油就走，一点不拖沓,,
"
    发表于  2023-09    

      
        
    
    
",眼眸殘情,https://image1.xcarimg.com/attachments/my/1/73/09/914_120.jpg,支柱会员,5,外观,5,内饰,5,续航,5,空间,5,舒适,5,动力,5,操控,5,性价比,5,购入信息,爱车车型,https://newcar.xcar.com.cn/m69279/,2023款问界M5增程四驱智驾版,购入时间,2023/8/1,购车地点, [北京市],裸车价格,29.98万  (厂商指导价 29.98万),续航里程,210km,购入用途,上班,,,,爱车简评,提车差不多一个月的样子，整体使用感受还是很不错，外观帅气，开出去很拉风，内饰有格调，驾驶感受很赞！,实拍图片,https://img1.xcarimg.com//review/20230922/37d6d44329da2bfedb7174fc634e4892.jpg-169x127.jpg,https://img1.xcarimg.com//review/20230922/5418dbb940aedf49d4c465eb20c376db.jpg-169x127.jpg,爱车评价,[最满意],对它满意的地方还挺多，比如：外观、动力、续航、空间等等、,[不满意],[舒适],缺点方面主要都是软件系统的一些小瑕疵，这车硬件方面并没有什么问题，只是希望以后OTA升级能尽快解决这些小问题。,舒适性做的也可以，首先车内隔音效果做的挺好，不管上高速还是在市区，车内基本不会有什么噪音的感觉，其次，座椅的包裹性很好，对腰部的承托很到位,[外观],[操控],外观设计新颖大气，是我喜欢的设计，隐藏电动门把手的设计更是提升了车子的高度，显得科技感满满。,电车响应真的非常快，开起来很舒服，底盘调教的也比较好。方向盘不像一般电车比较轻，还是很好把控的，从油车到电车并没有不适感。,[性价比],[内饰],车子本身有着丰富的配置还有驾驶感受也不错，在同级别中我觉得性价比还是高的,内饰做工和用料都是杠好的，座椅用料也厚道，摸着很舒服，颜色搭配也很舒适，有种赏心悦目的感觉,[续航],续航上，纯电续航标注180，确实可以开到200，有点虚标，不过是反向的，这个让我万万么想到，可能是工况的原因吧，具体的不太了解，反正知道这车续航方面没虚的就对了。,[充电],[空间],充电也方便，快充模式下半个小时就能完成,空间布局合理够用就好了，后备箱我觉得很宽敞，可以放不少东西，出门再也不用担心东西多,[动力],动力的话我觉得舒适模式就够了，实际上这车是有几种模式，其他模式对于我来说还有点激进，动力太猛暂时还不好把控，舒适模式好操控一点，等车开熟了再尝试其他模式。,javascript:;,展开全部
"
    发表于  2023-09    

            
    
    
",xuser1125460,https://image1.xcarimg.com/attachments/my/1/11/54/603_120.jpg,支柱会员,4.88,外观,5,内饰,5,续航,5,空间,5,舒适,5,动力,5,操控,5,性价比,4,购入信息,爱车车型,https://newcar.xcar.com.cn/m69280/,2023款问界M5纯电后驱智驾版,购入时间,2023/8/1,购车地点, [四川省],裸车价格,29.98万  (厂商指导价 28.98万),续航里程,520km,购入用途,上班,购物,自驾游,,爱车简评,选这款的理由很简单，我觉得这款性价比最高，用车场景就是城市代步，双电机的动力在城市里面也施展不开，单电机可能更合适，最关键的是有智能驾驶，车机跟另外几个版本也没有区别，感觉很合适。,实拍图片,https://img1.xcarimg.com//review/20230922/558ce8ec2f9ba8667f2fd8c460103d0d.jpg-169x127.jpg,https://img1.xcarimg.com//review/20230922/7be4be3fdcfcaceebdf69120c282b5b3.jpg-169x127.jpg,爱车评价,[最满意],刚提的纯电后驱智驾版，提车后第一时间升级了车机，以前的车机感受不太了解，反正现在用着很顺手，流畅、智能。360全景影像经过电脑处理后看起来像是游戏里面的第三视角，可以随便调节从任何角度看这台车。HUAWEI ADS 2.0高阶智能驾驶体验不错，最开始很紧张，后面越来越放心，自己开在城市里面非常方便。总的来说比较满意，享受到了很多不一样的东西。,,[舒适],,第二排的舒适性中等偏上，前后座的距离很大，我身高175，坐在上面脚怎么伸都可以，座椅还比较软，但是头部空间一般，在车外看着这车挺大挺高的，进入车内发现地台基本纯平的，舒适感非常不错。,,[操控],,安静、动力好、开着轻松。只有一个电机，行驶中很安静。踩油门有推背感，我很喜欢这车城市里面加速的感觉，反应很快，加速超车很有信心。方向盘的阻尼偏重，这个设计我很满意，我比较喜欢开方向盘重一点的车。前后方预警很灵敏，有时候距离还挺远就开始提示，我觉得有点太频繁了，把预警的距离调到了最短。,[性价比],,23款纯电后驱智驾版，坐标成都，裸车价29.98万，没有现金优惠，赠送了几万块的权益，还不错。,,,,,,,,,,https://newcar.xcar.com.cn/5440/review/comment-435048.html,展开全部
"
    发表于  2023-09    

            
    
    
",xuser1183909,https://image1.xcarimg.com/attachments/my/1/17/39/092_120.jpg,青铜长老,4.88,外观,4,内饰,5,续航,5,空间,5,舒适,5,动力,5,操控,5,性价比,5,购入信息,爱车车型,https://newcar.xcar.com.cn/m69280/,2023款问界M5纯电后驱智驾版,购入时间,2023/7/1,购车地点, [重庆市],裸车价格,28.98万  (厂商指导价 28.98万),续航里程,530km,购入用途,上班,购物,自驾游,,爱车简评,第一次去主要是静态体验了一下，在我心里面整体感觉有70分，回家后越想越觉得喜欢，于是又找了个周末去店里面试驾，预约过程很顺利，开了十公里左右最大的感受就是特别好开。,实拍图片,https://img1.xcarimg.com//review/20230922/1b61fd0f2e5fcfc716ff2dbab496a3f1.jpg-169x127.jpg,https://img1.xcarimg.com//review/20230922/9e903505426763060c7f62422eecb857.jpg-169x127.jpg,爱车评价,[最满意],提车两个月仍然很有新鲜感，此前对AITO问界M5纯电智驾版的了解不多，今年三月份的时候无意间在网上看到智驾版即将上市的消息，再一看价格，着实让我有点行动，手里开的车有些年份了，换车也提上了日程，M5智驾版上市以后，我抱着随便瞧一瞧的心态去店里面看了一下，销售人员非常热情，也非常专业的给我讲解这台车的相关配置和信息。本来这车在我心目中已经有70分了，试驾之后就直接80分往上了，很自然的就定了车。,[不满意],[舒适],各方面表现都还可以，没什么不满意的。,舒适感不错的，家里人都说坐着舒服。,[外观],[操控],颜值方面大同小异，没有太惊艳的地方，现在车辆也都差不多的，我主要考虑到驾驶的感受和安全性会比较重要，颜值对我说来说不是很重要。,关于操控，我认为这是一台开着有激情的车，动力不用担心，相当充沛，油门和刹车都比较线性。转向精准没有虚位，过弯的时候特别爽，整车开起来的路感是比较清晰的，路面的情况驾驶员都能感觉的到。,[性价比],[内饰],关于价格，我是买的是纯电后驱智驾版，车价没有优惠，我也没有置换。做的三年免息贷款，首付6层17万，月供3300。保险买的不是很多，就买了车损和第三方责任险，总共5千出头。,做工精致，也没什么异味，之前去试驾有些车气味就比较重。,[续航],省钱，没考虑油车。,[充电],[空间],现在充电那么方便，和物管打好招呼就可以在车位安装充电桩。充电来说不是什么问题。,家用还可以，坐着也不会感觉到拥挤。,[动力],动力方面很不错，汽车系统语言控制，自动泊车，智能又便捷。,https://newcar.xcar.com.cn/5440/review/comment-435047.html,展开全部
"
    发表于  2023-09    

            
    
    
",xuser1740988,https://image1.xcarimg.com/attachments/my/1/73/09/881_120.jpg,青铜长老,4.88,外观,5,内饰,5,续航,5,空间,5,舒适,4,动力,5,操控,5,性价比,5,购入信息,爱车车型,https://newcar.xcar.com.cn/m69280/,2023款问界M5纯电后驱智驾版,购入时间,2023/7/1,购车地点, [江苏省],裸车价格,28.98万  (厂商指导价 28.98万),续航里程,160km,购入用途,上班,购物,接送小孩,,爱车简评,颜值在线、空间也大、续航够长，它的配置不管是鸿蒙智能座舱还是智能驾驶辅助系统，都是在新能源汽车中配置，算是顶配的,实拍图片,https://img1.xcarimg.com//review/20230921/4e18e10841208f3188cab9d07da8b543.jpg-169x127.jpg,https://img1.xcarimg.com//review/20230921/168881dc724f3389c20406a52145bbfb.jpg-169x127.jpg,爱车评价,[最满意],所以还是选择带智能驾驶的会好些，我比较满意这款车的底盘调教，在遇到不平整的路段，这款车的减震效果还是很好的,[不满意],[舒适],隔音也做的不错啊，在高速上会有一些音噪，但并不大。,汽车的系统越来越智能，开车的过程还是比以前的车更省心，以前会觉得智能驾驶不是特别重要，其实人都有想偷懒的时候，一旦用过智能驾驶，以后还是不想用传统的车。,[外观],[操控],这款车的外观前脸看一眼就很有时尚气息，而且有很多自己独特的设计，比如这款车的车鼻子像一个鲨鱼一样，线条特别流畅，再加上他20寸轮毂，十分具有运动感，也体现了它的与众不同。,我买的是纯电智驾版，我看中这款车，主要就是他有辅助驾驶功能，我个人倒是不太需要智能驾驶，但我老婆开车的技术并不是很好，有时候考虑到她也需要开车，,[性价比],[内饰],AITO问界M5颜值在线、空间也大、续航够长，它的配置不管是鸿蒙智能座舱还是智能驾驶辅助系统，都是在新能源汽车中配置，算是顶配的，并且它的底盘和悬架也并不比其他豪华型的车差到哪里去，材质和隔音效果也明显，比其他的车型提高的更多,内饰比较简单，不像现在制造的车那样，有很多复杂的装饰和大屏幕，车的仪表台都是软质的皮质包裹起来，座椅也有通风加热功能，这款车给人的感觉就是第一眼看起来很惊艳，而且是越看越喜欢。,[续航],30万左右没有超出我的预算，价格方面我也比较满意，主要是我没想到30万左右可以买到这么称心如意，并且带有智能驾驶的纯电车，汽车的配置我也很满意，续航里程也是实际的，充电方便也挺快，具体呢，还是要留给时间来考验，但目前来看，这款车还是值得。,[充电],[空间],这款车给我的感觉很舒适，开车的过程也很安静，不会像油车那样启动的时候还有很大的声音，在100码以内几乎都没什么声音，上高速会有，AITO问界M5驾驶时方向盘很轻，转弯也特别稳。,车比较宽，对于空间来说是一个优点，但是对于在一些商场停车位比较紧张的地段，车太宽也成为了一个缺点，就是停车位窄的地方不太好停进去。但这在空间方面也成为了AITO问界M5的优点。,[动力],在市区开着是足够了，满电的情况下可以跑160公里,https://newcar.xcar.com.cn/5440/review/comment-435045.html,展开全部
"
    发表于  2023-09    

      
        
    
    
",古坡叶落脚,https://image1.xcarimg.com/attachments/my/1/76/98/731_120.jpg,支柱会员,4.88,外观,5,内饰,5,续航,5,空间,5,舒适,5,动力,5,操控,4,性价比,5,购入信息,爱车车型,https://newcar.xcar.com.cn/m69281/,2023款问界M5纯电四驱智驾版,购入时间,2023/3/1,购车地点, [北京市],裸车价格,28.98万  (厂商指导价 30.98万),续航里程,560km,购入用途,上班,购物,接送小孩,自驾游,爱车简评,我感觉问界M5智驾版的设计还是比较出众的，整车的造型像是流线型的模样，莫名有种张力在里面，配合进气格栅，整体效果比较稳重，踏实，所以看到这车的第一眼就被吸引了。,实拍图片,https://img1.xcarimg.com//review/20230921/896a0938f586e9f05aa6a504138980cf.jpg-169x127.jpg,,爱车评价,[最满意],我感觉问界M5智驾版的设计还是比较出众的，整车的造型像是流线型的模样，莫名有种张力在里面，配合进气格栅，整体效果比较稳重，踏实，所以看到这车的第一眼就被吸引了。,[不满意],[舒适],这车的很多功能我都没琢磨透。后期再更新心得,驾驶过程中身体还是很轻松的，座位柔软,[外观],[操控],外观是我觉得还不错，问界M5智驾版不像其他SUV一样高大胖,主要是因为我想等车再熟悉一点了再使用智能驾驶。这车的很多功能我都没琢磨透,[性价比],[内饰],对于同价位的车型来说，这车的性价比可以给个99分了,内饰最吸引我的就是这块15.6英寸的中控大屏,[续航],续航里程是1300多公里，现在开了1200多公里，续航显示还有600多公里,[充电],[空间],每天在家里自己的充电桩上面充,前排调好驾驶位后，后排的膝盖到驾驶位有两拳多的距离，头顶也有一拳半，总体上在后边坐着属于比较宽敞的,[动力],整体效果比较稳重，踏实,,
"
    发表于  2023-09    

      
        
    
    
",太空空空,https://image1.xcarimg.com/attachments/my/1/76/99/013_120.jpg,青铜长老,4.75,外观,5,内饰,5,续航,5,空间,5,舒适,4,动力,5,操控,4,性价比,5,购入信息,爱车车型,https://newcar.xcar.com.cn/m69279/,2023款问界M5增程四驱智驾版,购入时间,2023/5/1,购车地点, [广东省],裸车价格,28.98万  (厂商指导价 29.98万),续航里程,560km,购入用途,上班,接送小孩,自驾游,,爱车简评,全景天幕透亮，后排乘客反应空间敞亮。隔音好。关了车窗，车内很安静。,实拍图片,https://img1.xcarimg.com//review/20230921/d2ee042e91b64475703d77885e1e2703.jpg-169x127.jpg,https://img1.xcarimg.com//review/20230921/bf89f93771d7d9775ead60b0c5cd6abc.jpg-169x127.jpg,爱车评价,[最满意],滤震效果太棒了，底盘确实扎实。,[不满意],[舒适],反正我感觉不太方便。其实NFC功能的交通卡我不太用的，但是又不能删。怎么把华为的车钥匙和交通卡换个位置呢？,舒适模式下，我只要不踩油门，就会慢慢减速，很适合上下班开城市道路，省电。,[外观],[操控],全景天幕透亮，,但是显示消耗的里程怎么和高德告诉我的里程一样，甚至更少，难道空调音乐都不耗电的么?。,[性价比],[内饰],里程很扎实，我开车，开空调，听音乐，夜间也开灯的。,隔音好，关了车窗，车内很安静。,[续航],续航太长后也是一种烦恼，长时间不拿发动机来跑一跑我还真担心会坏。,[充电],[空间],很适合上下班开城市道路，省电。,我这身高体重，坐在主驾后面，很宽敞的(主驾是个200斤的胖子)。,[动力],不夸张的说，这是油车不能比的，开着舒服。,,
"
    发表于  2023-09    

      
        
    
    
",xuser1527653,https://image1.xcarimg.com/attachments/my/1/51/76/532_120.jpg,支柱会员,4.38,外观,5,内饰,3,续航,5,空间,4,舒适,3,动力,5,操控,5,性价比,5,购入信息,爱车车型,https://newcar.xcar.com.cn/m69281/,2023款问界M5纯电四驱智驾版,购入时间,2023/7/1,购车地点, [重庆市],裸车价格,30.98万  (厂商指导价 30.98万),续航里程,370km,购入用途,上班,,,,爱车简评,对这款车整体的满意度还是很高的，选择它作为家用车也是经过深思熟虑，总的来说，还是值得！,实拍图片,https://img1.xcarimg.com//review/20230921/c7ca1b217a2dc7adbca6428e67007fd6.jpg-169x127.jpg,https://img1.xcarimg.com//review/20230921/2167a8bdedfe149bf299568b092843ca.jpg-169x127.jpg,爱车评价,[最满意],车子让我满意的地方还多，首先第一点就是它的外观，高颜值高设计，我喜欢。第二点动力，4.5秒的加速成绩，完全不用担心。第三点车机系统，好用还很方便。.,[不满意],[舒适],个人感觉座椅长度不够长，并且还没有腿托，我身高175，坐在驾驶位大腿还要空一截，后排座椅也存在这个问题，还有就是座椅不够柔软，只能算中上水平，好在这车的内饰没啥异味。,座椅长度不是特别长，并且还没有腿托，柔软度也没有我想象中那么好，只能算中上水平，好在这车的内饰没啥异味。,[外观],[操控],前脸两侧的大灯显得车子很有精气神，侧面线条设计时尚有力，提升了车子的运动感，尾部造型圆润，给我稳重的安全感。,上手简单，就算是新手也很好操控，方向盘轻盈，开起来不费力。,[性价比],[内饰],性价比仁者见仁智者见智，我觉得是不错。,简单大气的内饰设计，让车子看起来更有科技感。隔音做的不错胎噪风燥都很小，高速路上即使速度超过了120码，在车里都听不到什么胎噪和风噪，如果再把音乐打开，完完全全的盖过所有声音。,[续航],续航里程够用，选它作为家用车我觉得是可以的。,[充电],[空间],充电快，小区门口就设置了充电桩，完全没有续航压力,车内空间够用，我178的身高，坐在前排头部还有一圈的位置，后排日常坐下三个人也没有问题。,[动力],我选的四驱版，动力非常猛，超车绝对是随便超，偶尔开下运动模式体验一下极致的推背感,javascript:;,展开全部
"
    发表于  2023-09    

      
        
    
    
",青岛啤酒tsin,https://image1.xcarimg.com/attachments/my/1/05/76/402_120.jpg,支柱会员,5,外观,5,内饰,5,续航,5,空间,5,舒适,5,动力,5,操控,5,性价比,5,购入信息,爱车车型,https://newcar.xcar.com.cn/m69281/,2023款问界M5纯电四驱智驾版,购入时间,2023/5/1,购车地点, [江苏省],裸车价格,30.98万  (厂商指导价 30.98万),续航里程,200km,购入用途,上班,购物,接送小孩,自驾游,爱车简评,车子开回来很久了说一下AITO问界M5纯电智驾版在我眼里脱颖而出的原因吧。,实拍图片,https://img1.xcarimg.com//review/20230921/8f9d5bafcc96939f1299c89a2228ce6d.jpg-169x127.jpg,https://img1.xcarimg.com//review/20230921/eb61881179b35556ef4f90f437589af9.jpg-169x127.jpg,爱车评价,[最满意],内饰风格我比较喜欢，我对AITO问界M5纯电智驾版内饰的评价就是很温馨，,[不满意],[舒适],车子用了这么久了没有什么不满意的地方，有了这车我的出行生活方便了许多,主要还是想体验些新鲜一点的东西，智能驾驶就让电车的可玩性变高了。,[外观],[操控],我去店里第一次看到它的时候，第一反应就是前脸特别像外星人，大灯简直太像眼睛啦，有点炫酷。整体外观比较圆润，车身线条很流畅，虽然看着简洁，但仔细一看又觉得很多细节都特别有意思，前挡风玻璃的正上方有个隆起的激光雷达，很显眼，光看外观就感觉这车很有科技感。,方向盘的力度恰到好处，转向的精准度也非常高，我开了没几次就能完全上手了。,[性价比],[内饰],AITO问界M5纯电智驾版刚好30万以内就能落地。当然肯定有比它更便宜的电车，但是在有智能驾驶的电车里面，AITO问界M5纯电智驾版算得上比较便宜的一台车，其他的基本上都是三十大几万，有点超过我的预算了，我最开始的打算就是花30万买一台智能一点的电车，智能驾驶要有，买电车也不是单纯的为了代步，主要还是想体验些新鲜一点的东西，智能驾驶就让电车的可玩性变高了。,内饰很有质感，中控屏幕的大小合适，功能分区做得井井有条。我看的其他几台车的内饰都是清一色的大连屏，这点我不是很喜欢。,[续航],续航表现我也是很满意的,[充电],[空间],我家有充电桩一点呀不用担心，没电的时候充上就好,因为是自己开所以对空间方面没什么要求。我觉得还不错,[动力],开起来很轻松，性能输出比较稳定，超车加速的话平顺性也很好。,javascript:;,展开全部
"
    发表于  2023-09    

            
    
    
",聪明的白龙马,https://image1.xcarimg.com/attachments/my/0/95/59/321_120.jpg,青铜长老,4.88,外观,4,内饰,5,续航,5,空间,5,舒适,5,动力,5,操控,5,性价比,5,购入信息,爱车车型,https://newcar.xcar.com.cn/m69279/,2023款问界M5增程四驱智驾版,购入时间,2023/7/1,购车地点, [云南省],裸车价格,19.98万  (厂商指导价 29.98万),续航里程,180km,购入用途,上班,购物,接送小孩,自驾游,,,实拍图片,https://img1.xcarimg.com//review/20230908/e1128fcc4a09b3751ca5b56cc7ac8225.jpg-169x127.jpg,https://img1.xcarimg.com//review/20230908/169958bf817d765a465f526e3a73bb17.jpg-169x127.jpg,爱车评价,[最满意],在我看来AITO问界M5基本上都是优点，售后服务好，配置基本都有，车开起也舒服，我开长途多，有时候回老家充电不太方便，所以买的增程，增程续航高，四驱动力足加速快，好操控，开起太舒服了，智驾版开习惯了，现在都不想开其他车。,[不满意],[舒适],个人总结后不满意的点就两点：①转弯和掉头半径大，②储物空间偏小。,开了快2个月了，个人感觉还是很舒适的，尤其是驾驶位的座椅，坐着舒适也不累人,[外观],[操控],对这辆车我算是一见钟情的，第一眼就是被外观吸引，现在的汽车造型设计款式新颖，百花齐放，满足了不同人的喜好，这台车从前方看像大型轿车款式，还是很大气的，毕竟是我一眼就相中的车，还是很喜欢的。,我自己开车是没问题的，就是会经常遇到别人违规，怕反应不过来，所以智驾版的好处就是遇到马路杀手系统会自动规避之类的。驾驶体验好，我家里有亲戚开的是22款的M5，我也是受了他的影响才中意这车。,,[内饰],,自带香氛系统，中控屏幕挺大，和平板是一样的，反应也灵敏。,[续航],增程版的可以燃油也可以用电，总体的续航里程在1200公里，AITO问界M5把油的能量转换，，在使用燃油的时候，差不多每百公里6升油的样子，那么大的车身，其实已经很省油的了。,[充电],[空间],现在市场普及，充电这一块还是很方便的，充电时长也不长，总体来说是很便捷的,说实话其实AITO问界M5的前后排座椅都宽敞的，设计很合理，轴距也宽，但就是后备箱稍微小了点，不过平时也不是经常装很多东西，所以买车的时候，我也不是很在意尾箱大小，又不是天天要把尾箱堆满，只是相比较其他车来说，稍微小了点而已。总体还是不错的，反正家用是很够用的了。,[动力],动力还是很够用的，提速加速都很迅速，高速开起来很不错,https://newcar.xcar.com.cn/5440/review/comment-435031.html,展开全部
"
    发表于  2023-08    

      
        
    
    
",xuser1960055,https://image1.xcarimg.com/attachments/my/1/95/00/553_120.jpg,三星会员,4.88,外观,5,内饰,4,续航,5,空间,5,舒适,5,动力,5,操控,5,性价比,5,购入信息,爱车车型,https://newcar.xcar.com.cn/m70368/,2023款问界M5增程后驱标准版,购入时间,2023/7/1,购车地点, [广东省],裸车价格,24万  (厂商指导价 24.98万),续航里程,120km,爱车简评,,,,,爱车简评,车是用的全铝合金的地盘，非常的坚固敦实，车身也很有质感，不是那种廉价的塑料感，玻璃是双层夹胶玻璃，隔音效果好。,,,,爱车评价,[最满意],我觉得这台问界M5是一款非常智能，也非常有实力的新能源SUV，这台车子拥有着相当低的用车成本，尤其是对于我们经常都是短途代步的用车需求来讲那平时用车真心是很节约了，而且在加速性能这一块也相当可以，再加上拥有着非常聪明的辅助驾驶系统，所以说综合的驾驶体验还算可以，同时，整个车子的内饰给人的感觉也非常高级，同样也相当有科技感，尤其是这块中控车机的使用体验真心是挺好的，同时这台车子也有着非常出色的乘坐舒适度，毕竟在舒适配置上还是相当有料的，就像这个带有通风功能的前排座椅也真心是很舒服，尤其是在目前夏季，天气比较热的情况下确实很实用，车内的华为音响也有着非常好的体验，同时比起传统的油车来讲这款车也支持营地供电模式，这样也能在每次户外自驾时解锁更多的可能，可以说这台问界M5也是一台相当有趣，也相当务实的新能源SUV了。,[不满意],[舒适],作为一台增程式混动车型，我觉得这款车在电池亏电状态下的驾驶体验还是会受到一定的影响，不管是车身的抖动感还是整体的噪音控制等等其实也都不是很优秀，还有就是我觉得问界M5的外观设计看上去还是没有那么强的高级感和更强的气场，尤其是对于一台中型SUV来讲这个车身尺寸还是小了一些。,空调舒适： 一般空调是吹风，问界的空调是吸风模式，这个设计很适合家里有宝宝的，吹风的话在毛孔张开的状态下容易受凉，吸风就完全不会，还能迅速降温,[外观],[操控],关于审美这一块本来就是不固定的标准，我觉得对于现在很多同价位的新能源车型来讲，这台问界M5的外观设计也就没有太大的亮点了，虽然说辨识度挺高，但实际看上去真心不算太漂亮，可以说并没有那种让人眼前一亮的感觉，还有就是车身尺寸本身也就不算太大，所以看上去的气场也不是很强。,提取很快，这是我最大的感受，有时候等红绿灯，我都跑出去很远了，看到后面的车才刚起步。不太习惯用节能模式，拖拽感太强，会容易晕车，我一般首选舒适模式。,[性价比],[内饰],首先我们买的这个本身就不是什么高配车型，所以定价这一块就比较有优势，其次，这台车子的内在实力确实很强，就冲着这更低的用车成本以及更强的辅助驾驶系统，我觉得这就已经做的很不错了，更何况车内的用料也的确很厚道，可以说很多地方都能体现出这台车子的诚意，所以综合以上来讲我认为这款车的性价比还是非常高的。,我觉得问界M5的内饰风格还是很符合我的审美标准的，整体看上去也是非常简约，同时车内的配色也非常漂亮，在用料这一块特别下本，包括品控以及细节的做工都很棒，最突出的亮点肯定还是这台中控车机了，拥有着鸿蒙系统，也拥有着非常强的硬件支持，所以说实际的操作体验也确实很棒，还有一点就是新车车内的味道确实比较小，甚至可以说几乎没有什么味道，所以我觉得这台车在环保这一块其实也挺可以。,[续航],我们所入手的这个增程版车型在纯电模式下的续航能力还是比较出色的，目前来看经常开空调的行车工况下，纯电续航基本上也都能达到120公里左右，我们平时跑的基本上都是短途，所以说用纯电动模式基本上可以应付几乎所有的日常代步需求，同时馈电状态下增程器介入工作时这台车的油耗也依旧是比较低的，我看了一下现阶段的综合平均油耗也基本上就在6到7个左右，我觉得这真不算高，更何况平时加满一箱油用上一个月左右也基本上没有什么问题。,[充电],[空间],不过充不过放 我一般电量低于30%就充电了，充满的话设置的90%，据说这样可以延长电池的使用寿命,客观来讲作为中型SUV的问界M5在车身尺寸方面的确不算太占优势的，不过作为我们家里的第二台车对于空间也没什么要求，我觉得它的空间是完全够用，后排的腿部空间都是相当充裕的，主要是后排地板中间也没有太高的凸起，再加上全车的座椅设计的也比较宽大，包括中间位置也一样，前排还有腰部支撑功能，后排的中间位置也有头部靠枕，所以任意位置坐上去都有着足够充裕的活动空间，同时乘坐感受也特别棒。,[动力],尽管说问界M5的这套增程系统的技术实力还是很在线的，但归根结底这还是一台增程车，所以说电池馈电的状态下急加速过程中还是能感觉到方向盘有轻微的抖动感，不过这种抖动相对比较规律一些，而且力度也不是很大，开的时间长了之后其实也还能适应，还有就是在加速过程中的噪音也比较大；除了以上这个缺点之外，我觉得这台车在其他方面的表现还是相当优秀的，底盘的质感确实很棒，而且拥有着华为这套更强的智能辅助驾驶系统作为加持，在辅助驾驶系统这一块也做的比较优秀。,javascript:;,展开全部
"
    发表于  2023-08    

      
        
    
    
",xuser1960055,https://image1.xcarimg.com/attachments/my/1/95/00/551_120.jpg,三星会员,4.75,外观,4,内饰,5,续航,5,空间,5,舒适,4,动力,5,操控,5,性价比,5,购入信息,爱车车型,https://newcar.xcar.com.cn/m70368/,2023款问界M5增程后驱标准版,购入时间,2023/6/1,购车地点, [上海市],裸车价格,14万  (厂商指导价 24.98万),续航里程,300km,爱车简评,,,,,爱车简评,拥有着鸿蒙系统，也拥有着非常强的硬件支持，所以说实际的操作体验也确实很棒，还有一点就是新车车内的味道确实比较小，甚至可以说几乎没有什么味道，所以我觉得这台车在环保这一块其实也挺可以。,,,,爱车评价,[最满意],今年上海车展宣传和推广做得非常到位，忍不住来凑一下热闹，现场简直人山人海。这次主要是奔着问界M5 2023高阶智驾版去的，现场体验一下新款到底有香不香。新款搭载了华为ADS2.0高阶智能驾驶系统，使驾驶功能和体验感受有了极大提升。,[不满意],[舒适],外观对比2022年版本并没有太大的变化，整体来说车型前脸、腰部和后尾的搭配还是比较合适，但外观第一印象不是很加分。,客观来讲作为中型SUV的问界M5在车身尺寸方面的确不算太占优势的，不过作为我们家里的第二台车对于空间也没什么要求，我觉得它的空间是完全够用，后排的腿部空间都是相当充裕的，主要是后排地板中间也没有太高的凸起，再加上全车的座椅设计的也比较宽大，包括中间位置也一样，前排还有腰部支撑功能，后排的中间位置也有头部靠枕，所以任意位置坐上去都有着足够充裕的活动空间，同时乘坐感受也特别棒。,[外观],[操控],不少人说外观基本没有太大的变化，但用了更高效的设计，大灯进行了升级采用全新融合灯组设计，全新20英寸运动轮毂，这两个特色是可以点赞的。关于审美这一块本来就是不固定的标准，我觉得对于现在很多同价位的新能源车型来讲，这台问界M5的外观设计也就没有太大的亮点了，虽然说辨识度挺高，但实际看上去真心不算太漂亮，可以说并没有那种让人眼前一亮的感觉，还有就是车身尺寸本身也就不算太大，所以看上去的气场也不是很强。,通过现场的介绍，新车版本能在激光雷达、摄像头组、毫米波雷达、超声波雷达融合感知系统配合下，对障碍物识别处理、导航地图与现实匹配，能对驾驶过程联合规划控制。,[性价比],[内饰],这款车的预计售价大概27-30万上下，这款车型提供增程式混合动力版本和纯电动版本，车型缩减成后驱和四驱两个版本，性能方面有很大提升。,有四种颜色风格可选，极夜黑、韶华杏、雀羽红、琥珀棕，搭配六种外观风格，高级又时尚，满足不同人群需要。,[续航],有纯电和增程两个版本，风阻降低11%，三电优化，续航增加14.7%，纯电续航(CLTC)255 km，综合续航(CLTC)1425km。高速续航不会感到焦虑。,[充电],[空间],充电比较方便，也比较快，一般一小时左右就可以充满电,驾驶舱空间宽松，全景天幕使驾驶舱空间显得更为宽广。后背空间大容积达369L，如此大的容量非常足够。,[动力],车顶增加了激光雷达，两侧前翼子板各增加了侧视摄像头，把智能驾驶辅助能力抬上新的档次。,javascript:;,展开全部
"
    发表于  2023-08    

      
        
    
    
",xuser1959874,https://image1.xcarimg.com/attachments/my/1/94/98/746_120.jpg,三星会员,4.88,外观,4,内饰,5,续航,5,空间,5,舒适,5,动力,5,操控,5,性价比,5,购入信息,爱车车型,https://newcar.xcar.com.cn/m69281/,2023款问界M5纯电四驱智驾版,购入时间,2023/6/1,购车地点, [福建省],裸车价格,30万  (厂商指导价 30.98万),续航里程,430km,爱车简评,,,,,爱车简评,车子的外观颜值是非常能够抗打的，首先前面和后面做到了很好的呼应，都是非常大气的风格，而且整个车身的线条勾勒的十分流畅，侧面的线条又相对比较圆润了，外观上面有很多我喜欢的设计元素。,,,,爱车评价,[最满意],最满意的地方就是小五的颜值，我买的粉色，粉色的小五看起来很大气，我觉得粉色的不仅是显大，而且粉色的和小五的这个设计也很搭配，小五属于那种比较简洁的设计，所以搭配粉色的很合适，第二个比较满意的就是配置，我买的这个版本 ，算是高配了，二级辅助驾驶都有呢，二级辅助驾驶里面带个自动刹车，我觉得很好用，特别我有时候大意了，自动刹车能帮助我避免危险的发生，我很喜欢这个配置,[不满意],[舒适],不满意的地方有两个，第一个就是内饰的味道，刚买车的时候有味道，过了两个星期左右的时候才消的差不多了，那段时我都没敢让家里人做我的车，都是做我媳妇的那个车，第二个就是很多人都说的胎噪问题，其实胎噪就是轮胎的问题，我打算跑了一万公里的时候就去换轮胎,在我个人看来，我觉得它的内饰设计还有很多比较精彩的地方，首先是它仪表盘尺寸虽然不太大，但是显示的信息还是非常高清的，也能够体会到非常高级的感觉，而且我也非常喜欢这辆车子，中控屏幕这方面，超大屏幕显示出来的内容非常高清，整个内饰里面采用的材质很柔软，每个地方摸起来都很有手感。,[外观],[操控],粉色的小五我很喜欢，这个外观我百看不腻，现在买了这么久了，还是一如既往的喜欢这个外观，当然了这个粉色我觉得也是和小五的外观最般配的,我觉得它的动力还是比较好的，在平时加速的时候能够感觉到很强的动力，不会有顿挫感，在高速上面超车的时候也会从后背感觉到非常强的推背感，整个动力的输出是很平顺的，对于日常的驾驶来说，这样的动力已经完全足够了，我个人是比较知足的，我很庆幸自己能够买到一辆动力这么强的车子。,[性价比],[内饰],其实这个价格买小五我觉得很值，首先不说别的，第一个就是续航，实际能跑五百多，足够我们日常家庭使用了，第二个还是华为的牌子，不论是品质还是做工我都是放心的，我觉得很值,内饰除了刚开始的味道问题，其他的我都是满意的，而且车机系统也不卡顿，操作起来都很流畅，语音控制系统对于方言都能很快的识别，我很喜欢,[续航],续航也是让我能满意的，能跑五百多，我觉得已经足够我使用了，出远门也就是二三百公里，太远的地方就高铁去了,[充电],[空间],这辆车子在市区上面行驶的话，它的续航能力确实是有一点普通，不会体现出来有多么好的表现，不过开了几回高速之后我才发现这辆车子的续航竟然这么优秀，它可以跑很远的地方，并且车子的费用也并不高，对于我们这种普通的打工人来说是比较合适的，而且也能够接受这个价格。,空间是没问题的，小五再怎么说也是个SUV啊，头部空间和腿部空间都还是很好的，中央扶手哪里的储物空间也是相当多，我的一些杂物之类的都是放在中央扶手哪里,[动力],驾驶感受不错，不论是在市区还是高速都很好，我觉得得益于这个二级辅助驾驶的功劳，能很大程度上的帮助我驾驶，而且还能给我避免危险，越来越喜欢这个配置了，唯独开起来的时候胎噪大，我打算开到一万公里就去换轮胎的，原厂胎噪音太大了,javascript:;,展开全部
"
    发表于  2023-08    

      
        
    
    
",xuser1959632,https://image1.xcarimg.com/attachments/my/1/94/96/324_120.jpg,三星会员,4.88,外观,4,内饰,5,续航,5,空间,5,舒适,5,动力,5,操控,5,性价比,5,购入信息,爱车车型,https://newcar.xcar.com.cn/m69281/,2023款问界M5纯电四驱智驾版,购入时间,2023/6/1,购车地点, [天津市],裸车价格,30万  (厂商指导价 30.98万),续航里程,430km,爱车简评,,,,,爱车简评,粉色的小五我很喜欢，这个外观我百看不腻，现在买了这么久了，还是一如既往的喜欢这个外观，当然了这个粉色我觉得也是和小五的外观最般配的,,,,爱车评价,[最满意],选择这台车就是看中它的配置，看中它的车机系统，其实在同价位当中，这台车它的车机它的各方面都是非常好的，包括乘坐起来的质感也都是非常棒的，买车就要买自己喜欢的，这个是我目前觉得最重要的，因为车只有自己喜欢才会去爱护它，而且现在新能源的车型确实越做越好，配置越来越高，当然，也让驾驶变得更轻松这就是我想要的，我觉得车是为生活带来便利的，而不是加重生活的负担。但这台车让我看到了它的优点，尤其是特别好开。而且智驾版它的性能，它的配置也很好，所以这就是一台适合我的车。,[不满意],[舒适],不足的地方主要就是价格，因为刚上市，其实能够提到车就已经很满意了，所以也不奢望它有什么优惠，因为这台车确实够热门，现在越来越多的人喜欢，所以我真的很满意这台车，其实除了这些之外，它的空间，它的驾驶感受也非常好，纯电的续航能有个430公里，其实已经非常棒了。,这辆车的内饰算是豪华的，因为它的价格也还挺贵，车内的隔音也非常好，会让你感受到质感。,[外观],[操控],就是太帅了，这台车很运动，我特别喜欢这种简单的感觉，其实现在的车设计越来越复杂，越来越奇怪，但这台车还能够设计的比较有品位，挺简约挺时尚。,驾驶感受不错，不论是在市区还是高速都很好，我觉得得益于这个二级辅助驾驶的功劳，能很大程度上的帮助我驾驶，而且还能给我避免危险，越来越喜欢这个配置了，唯独开起来的时候胎噪大，我打算开到一万公里就去换轮胎的，原厂胎噪音太大了,[性价比],[内饰],因为刚提车，所以肯定没啥优惠，不过也不 重要，毕竟是自己喜欢的车，所以首先拥有吧。,内饰除了刚开始的味道问题，其他的我都是满意的，而且车机系统也不卡顿，操作起来都很流畅，语音控制系统对于方言都能很快的识别，我很喜欢,[续航],因为刚买不久，所以它的续航里程也还可以，能够跑个430公里已经够好了，新能源车它肯定是续航更重要。当然，目前的话也没有什么不好的地方。,[充电],[空间],充电半小时即可,空间是够用的，其实我不需要多大的空间我只希望它合适，目前的话后排乘坐三个人也不会太拥挤，后排的腿部空间也挺多的，其实车子只要够用，那么后备箱也挺大。,[动力],我一开始试驾的时候就特别喜欢，因为它是纯电的车型，所以起步的时候非常快，提速也非常的迅猛，总之它确实比一般的燃油车要好开，而且它的指向也非常的精准，驾驶模式也非常多，所以它就是一台更适合年轻人的车。,javascript:;,展开全部
"
    发表于  2023-08    

      
        
    
    
",xuser1959874,https://image1.xcarimg.com/attachments/my/1/94/98/744_120.jpg,三星会员,4.88,外观,4,内饰,5,续航,5,空间,5,舒适,5,动力,5,操控,5,性价比,5,购入信息,爱车车型,https://newcar.xcar.com.cn/m69280/,2023款问界M5纯电后驱智驾版,购入时间,2023/6/1,购车地点, [山西省],裸车价格,30万  (厂商指导价 28.98万),续航里程,500km,爱车简评,,,,,爱车简评,和现在很多新势力车型不大相同，我觉得问界M5的外观设计并没有那么激进，对于这样的外观风格我还是更加喜欢的，整体的设计也有着比较高的辨识度，尤其是车身侧面的跨界设计看起来也非常漂亮。,,,,爱车评价,[最满意],拥有先进的智能驾驶系统，在华为鸿蒙车机系统的帮助之下，即使不通过在线地图也可以精准的实现大量的智能操作。是国内唯一在智能驾驶方面可以和特斯拉掰一掰手腕的汽车厂商。 语音交互几乎是所有的新车都具备的功能，但是更智能的小易建议有更高效的地图导航，以及可以通过手机手表，远程控制车辆，查看车况，多场景多产品的无缝衔接，实现人车加全场景互联体验。 还有值得一提的是他的全铝合金底盘，前后独立悬架，可以给问界m5提供极致的过弯性能，并且使用了博世高性能的DP EPS转向系统，响应灵敏，控制精准。,[不满意],[舒适],价格偏高，是我认为最大的槽点。不可否认华为的加持可以带来一定的品牌价值。但是这份价值转化成汽车上的售价到底应该是多少，是一个值得商榷的问题。当然华为的产品一向都以高质高价为卖点。在车辆上也自然不可能不遵循这一点。,首先必须要夸奖一下的，就是座椅乘坐的时候真的是很舒适，尤其注重了透气性。在车展上比较闷热，坐在里面时间挺长，没有闷汗。,[外观],[操控],在这个看脸的时代，颜值永远会影响大多数人的采购选择，问界m5的前点采用的是封闭式的设计，搭配上两个炫酷的车灯，看上去很有年轻的感觉平滑的前保险杠设计也非常的有亲和力，颜值确实是挺高的。,我们所入手的是纯电动车型，驾驶体验也是相当可以的，尤其是在起步的时候还是有着不错的动力反馈，而且这台车子的动能回收也比较平顺，即使是在经济模式下也有着很好的平顺性，同时这套辅助驾驶系统的表现也非常出色。,[性价比],[内饰],首付3.89万元起，最高可享60期超长分期。 月供可低至812元，将总额分为首付，月供，尾款三部分。3-4-3或2-5-3或5-0-5三种比例可选。 购车权益包括 新车首次保养免费，基础流量终身免费，4年内不限次数免费道路救援，4年内免费提供每个月15g娱乐流量。 4年或10万公里整车质保。 8年或16万公里增程器保修。 8年或16万公里三电系统保修。,单人座椅上的加热，还有按摩功能以及通风功能也都有。也很喜欢他的天窗，这样可以显得车里比较亮堂，而且天窗的玻璃带有隔热的效果，即使是有大太阳坐在车里也不会觉得晒。,[续航],在所有的新能源车型里面，四驱车型往往比后驱车型更加费电。所以四驱车型的续航里程都会比后驱车型要短一些。问界m5同样也摆脱不了这个问题。拥有272马力的纯电后驱智驾版，可以达到602千米的续航。 但是拥有496马力的纯电四驱支智驾版续航却只有534千米。在续航和动力之间，如何找到更好的平衡是未来所有新能源车企共同的任务方向和目标。,[充电],[空间],充电很快,开阔空间，坐拥大舒适。一体式环抱座舱源自于接近2米9的轴距，新款问界m5提出的轻松伸展概念努力将驾乘空间最大化，这应该是针对于老款问界m5车主认为乘坐空间前排不够宽敞的的问题而针对性的进行了更改。而后排空间和后备箱的空间在老款问界m5上就一直深受好评，这次更是在后排提供了870毫米的腿部空间，真的是轻松伸展。,[动力],因为是在车展，并未提供试驾服务，所以并没有进行试驾。后面会追加补充这方面的内容。,javascript:;,展开全部
"
    发表于  2023-08    

      
        
    
    
",xuser1959874,https://image1.xcarimg.com/attachments/my/1/94/98/743_120.jpg,三星会员,4.88,外观,4,内饰,5,续航,5,空间,5,舒适,5,动力,5,操控,5,性价比,5,购入信息,爱车车型,https://newcar.xcar.com.cn/m69280/,2023款问界M5纯电后驱智驾版,购入时间,2023/6/1,购车地点, [上海市],裸车价格,30万  (厂商指导价 28.98万),续航里程,430km,爱车简评,,,,,爱车简评,在这个看脸的时代，颜值永远会影响大多数人的采购选择，问界m5的前点采用的是封闭式的设计，搭配上两个炫酷的车灯，看上去很有年轻的感觉平滑的前保险杠设计也非常的有亲和力，颜值确实是挺高的。,,,,爱车评价,[最满意],选择这台车就是看中它的配置，看中它的车机系统，其实在同价位当中，这台车它的车机它的各方面都是非常好的，包括乘坐起来的质感也都是非常棒的，买车就要买自己喜欢的，这个是我目前觉得最重要的，因为车只有自己喜欢才会去爱护它，而且现在新能源的车型确实越做越好，配置越来越高，当然，也让驾驶变得更轻松这就是我想要的，我觉得车是为生活带来便利的，而不是加重生活的负担。但这台车让我看到了它的优点，尤其是特别好开。而且智驾版它的性能，它的配置也很好，所以这就是一台适合我的车。,[不满意],[舒适],不足的地方主要就是价格，因为刚上市，其实能够提到车就已经很满意了，所以也不奢望它有什么优惠，因为这台车确实够热门，现在越来越多的人喜欢，所以我真的很满意这台车，其实除了这些之外，它的空间，它的驾驶感受也非常好，纯电的续航能有个430公里，其实已经非常棒了。,开阔空间，坐拥大舒适。一体式环抱座舱源自于接近2米9的轴距，新款问界m5提出的轻松伸展概念努力将驾乘空间最大化，这应该是针对于老款问界m5车主认为乘坐空间前排不够宽敞的的问题而针对性的进行了更改。而后排空间和后备箱的空间在老款问界m5上就一直深受好评，这次更是在后排提供了870毫米的腿部空间，真的是轻松伸展。,[外观],[操控],就是太帅了，这台车很运动，我特别喜欢这种简单的感觉，其实现在的车设计越来越复杂，越来越奇怪，但这台车还能够设计的比较有品位，挺简约挺时尚。,总之它确实比一般的燃油车要好开，而且它的指向也非常的精准，驾驶模式也非常多，所以它就是一台更适合年轻人的车。因为是在车展，并未提供试驾服务，所以并没有进行试驾。后面会追加补充这方面的内容。,[性价比],[内饰],因为刚提车，所以肯定没啥优惠，不过也不 重要，毕竟是自己喜欢的车，所以首先拥有吧。,这辆车的内饰算是豪华的，因为它的价格也还挺贵，车内的隔音也非常好，会让你感受到质感。,[续航],因为刚买不久，所以它的续航里程也还可以，能够跑个430公里已经够好了，新能源车它肯定是续航更重要。当然，目前的话也没有什么不好的地方。,[充电],[空间],现在的电车充电给力,空间是够用的，其实我不需要多大的空间我只希望它合适，目前的话后排乘坐三个人也不会太拥挤，后排的腿部空间也挺多的，其实车子只要够用，那么后备箱也挺大。,[动力],我一开始试驾的时候就特别喜欢，因为它是纯电的车型，所以起步的时候非常快，提速也非常的迅猛，,javascript:;,展开全部
"
    发表于  2023-07    

            
    
    
",xuser1893925,https://image1.xcarimg.com/attachments/my/1/88/39/251_120.jpg,青铜长老,4.5,外观,4,内饰,5,续航,4,空间,5,舒适,4,动力,4,操控,5,性价比,5,购入信息,爱车车型,https://newcar.xcar.com.cn/m69280/,2023款问界M5纯电后驱智驾版,购入时间,2023/5/1,购车地点, [河北省],裸车价格,28.98万  (厂商指导价 28.98万),续航里程,602km,爱车简评,,,,,爱车简评,当初身上有30万预算，家里都希望我去买BBA，但我没有听他们的，而是坚持的选择了问界M5，因为我觉得它性价比高，比BBA更值得入手。,实拍图片,https://img1.xcarimg.com//review/20230706/a29736eafed47fbd73522183cef0d624.png-169x127.jpg,https://img1.xcarimg.com//review/20230706/16a884628e034f414ea0b3c7e73df12b.png-169x127.jpg,爱车评价,[最满意],五月份买的这款车，到现在也就用了一个多月的时间，期间最让我感觉到满意的就是它的舒适性，对比我之前开过的车，这款车给我的舒适性是我有史以来最舒服的一款车，它的舒适性拿来去对比那些四五十万的豪车都完全没问题，，还有底盘也好，走什么路都跟走平路情况一样，跑起来就两字“舒服”。,[不满意],,就一点不满意的地方就是等车时间比较久，从订车到提车前后花了蛮长一段时间的。,,[外观],[操控],它的外观第一次见它蛮让人惊艳的，车头很大气，车身的线条也很优美。,这个车的驾驶感受是一点问题没有，虽为中型SUV，但方向盘手感并不重，转向很轻盈，指向也比较精准，油门反应也快，起步不拖沓，给点油速度很快，而且刹车也灵敏，踩一点就有一点的刹车，非常容易控制,[性价比],[内饰],当初身上有30万预算，家里都希望我去买BBA，但我没有听他们的，而是坚持的选择了问界M5，因为我觉得它性价比高，比BBA更值得入手。,我个人觉得它的内饰相对外观来讲会要平庸一些，没有特别的豪华和那么的惊艳。,[续航],刚开始接触这个车的时候觉得它电耗都蛮高的，当时开了一个多星期刚跑到100公里电耗是百公里21左右，当时看到这个数据还吓了我一跳，当时看官方给的数据很低，自己开就这么高，不过好在随着公里数慢慢增加，磨合期也慢慢度过之后，电耗终于降了不少，现在电耗夏天是稳定在19左右。,,[空间],,它的空间做的真好，利用率非常高，无论是储物地方还是乘坐地方都能让人感觉到舒适。,[动力],另外152P马力配合496Ps电机动力加速时非常畅快让人感到惊艳，推背感很强，跑高速和国道超个车都很轻松。,https://newcar.xcar.com.cn/5440/review/comment-434612.html,展开全部
"
    发表于  2023-07    

            
    
    
",xuser1893928,https://image1.xcarimg.com/attachments/my/1/88/39/283_120.jpg,青铜长老,4.63,外观,4,内饰,5,续航,5,空间,4,舒适,5,动力,5,操控,4,性价比,5,购入信息,爱车车型,https://newcar.xcar.com.cn/m69280/,2023款问界M5纯电后驱智驾版,购入时间,2023/6/1,购车地点, [河北省],裸车价格,28.98万  (厂商指导价 28.98万),续航里程,602km,爱车简评,,,,,爱车简评,A柱一直是我不喜欢的地方，坐在车里，A柱在转弯的时候，有点遮挡视线，每次转弯的时候，我都需要左右移动着看前面的路况。,实拍图片,https://img1.xcarimg.com//review/20230706/fe6590ee9a8a85b07fdb86968303b754.png-169x127.jpg,https://img1.xcarimg.com//review/20230706/df9e36f8e62fbb70ad11fc78d7e22771.png-169x127.jpg,爱车评价,[最满意],驾乘舒适平顺，动力十分强劲，车辆厚重感十足，非常平稳；内饰也符合主流新能源趋势；智驾功能不错，类老司机经验，为了安全，还是尽可能自己开，毕竟安全第一。,[不满意],[舒适],主副驾位置的储物空间，如果座位靠前的话基本不方便使用。,它那座椅软的就跟家里的床一样，坐上去屁股给包裹的特别舒服，而且座椅上有很多功能，另外车子的隔音也好，坐在车里你车外放着DJ我都听不到，跑长途的时候车内非常的安静舒适，不会有风噪和胎噪。,[外观],[操控],外观属于仁者见仁，智者见智，取决于个人喜好。,驾驶模式可以选择并自定义，总能找到适合自己的喜欢的模式；燃油驱动，发动机介入时基本无感，当然在弹射模式下发动机全功率时的噪音比较大，但日常情况下不会用到弹射模式。总体来说，驾驶感很NICE。,[性价比],[内饰],性价比尚可，从车辆本身的三电系统、底盘做工，用料对得起这个价位。,内饰用料十足，具有科技和豪华质感。当下该有的功能，一应俱全。,[续航],600Km左右时可以做到的，平时上下班代步足够满足使用需求。,,[空间],,满足后备箱也够大，满足日常出行需求；后排空间也足够应付5口之家出行；中间主副驾下部空间镂空比较好。,[动力],加速提速随叫随到，高速提速也不含糊；行驶质感较好，虑振性非常好,https://newcar.xcar.com.cn/5440/review/comment-434611.html,展开全部
"
    发表于  2023-07    

            
    
    
",xuser1893929,https://image1.xcarimg.com/attachments/my/1/88/39/293_120.jpg,青铜长老,4.63,外观,4,内饰,5,续航,5,空间,4,舒适,4,动力,5,操控,5,性价比,5,购入信息,爱车车型,https://newcar.xcar.com.cn/m69279/,2023款问界M5增程四驱智驾版,购入时间,2023/6/1,购车地点, [河北省],裸车价格,29.98万  (厂商指导价 29.98万),续航里程,175km,爱车简评,,,,,爱车简评,在这里的体验我还是非常满意的，也希望其他的兄弟朋友们一起体验一下。看看你们的期望和现实差距大不大。我反正是沦陷了。,实拍图片,https://img1.xcarimg.com//review/20230706/7a381daf13ef5901ce15049ff86576d5.png-169x127.jpg,https://img1.xcarimg.com//review/20230706/a7e7614a29c250b4cad34b37ad6e9def.png-169x127.jpg,爱车评价,[最满意],一听说华为问界M5高阶版可以试驾体验，就安奈不住内心的浮躁，想来试驾体验一下，华为的汽车一直在关注，今天终于可以来体验一下，还是十分的兴奋的。据说辅助驾驶这方面可以说是遥遥领先。可以达到高阶的无图驾驶。可惜的是武汉目前还没有城市NCA。只能选择一些特定的路况去体验了。整个体验下来大概不到一个小时。可以说是深度的体验了，什么叫华为科技 . 不得不说，确实是遥遥领先。我完全沦陷了。,[不满意],[舒适],"目前高阶版的智能驾驶服务还是要付费的。不过还好，可以体验半年免费服务。先试用一下。一年是7200。如果买断的话就要36,000。希望是值得的。",舒适度还是非常好的。,[外观],[操控],本来就是颜值控的我，我被拿捏了。弱弱的问一下，有没有觉得非常像保时捷呀？这个绿色一直是见的最多的。销售主推的是这个颜色，个人感觉还是非常漂亮的。内饰有三个颜色，棕色和白色是要收费的。黑色属于免费色。外观的话也是绿色也要收费。,驾驶起来操控感受非常的棒。自动泊车功能还是非常省心的。而且可以车头泊入，包括地上没有线的可以自定义泊车，这个一定要体验。,[性价比],[内饰],现在是听说可以1000抵5000。然后选装包可以优惠8000。半年的高阶服务体验。了解到同级别别的车型，基本上都要32万开头了。这方面高阶激光雷达的问界M5还是非常有性价比的。额外的说一句试驾，还有试驾礼品赠送，真的非常nice。,这个无线充电非常的好用，关键放手机有了专用的位置。是全皮包裹。车内还有香氛系统，这个设计非常的赞。,[续航],续航说是可以达到1425，纯电续航150是没问题的。个人觉得是够用了。偶尔不够了，加油也可以，这样没有里程焦虑。平时用电的话，差不多一毛钱1公里吧。还是非常省钱的。就坐个地铁，上班一天来回也要五六块了。开车还是很便利的。节能省钱，这一块电车啊，不得不说是非常有优势。而且开起来非常的安静，没有发动机那种轰隆的声音，基本上增程器是用不到的。,,[空间],,前排都是可以电动调节的，还有座椅通风和加热的功能，后排的加热和前排的座椅按摩是要选装的。后排座椅加厚了，还是蛮舒服的。空间基本上是够用的。后备箱可以打开，足够日常使用。后排座椅可以往前放平。,[动力],动力来说，只能说还行。,https://newcar.xcar.com.cn/5440/review/comment-434610.html,展开全部
"
    发表于  2023-07    

            
    
    
",xuser1893930,https://image1.xcarimg.com/attachments/my/1/88/39/308_120.jpg,青铜长老,4.75,外观,5,内饰,4,续航,5,空间,5,舒适,5,动力,4,操控,5,性价比,5,购入信息,爱车车型,https://newcar.xcar.com.cn/m69279/,2023款问界M5增程四驱智驾版,购入时间,2023/5/1,购车地点, [上海市],裸车价格,29.98万  (厂商指导价 29.98万),续航里程,230km,爱车简评,,,,,爱车简评,我一直对这款车的外观感到非常满意。这款车的外观简单.让我感到很舒适。车身线条流畅.色彩也非常好。,实拍图片,https://img1.xcarimg.com//review/20230706/bb21dc82d24869a0b2bf1133b87a4321.png-169x127.jpg,https://img1.xcarimg.com//review/20230706/b7bf089b508e1245975510eec2172803.png-169x127.jpg,爱车评价,[最满意],"最让我满意的是它的舒适性。无论是长途旅行还是知途驾毁,座位和总挂系统却非常舒适,能够让我保特放松和舒适。",[不满意],[舒适],有一点让我感到有些失望，那就是后排空间有点同促.当我的家人和朋友坐在后排时.他们的膝盖几乎要挤到前座的座椅上了。,"由于后排空间有限,我也不能在座椅上睡觉了.这让我感到非常不舒服，我不希望我的家人在我的车里感到不舒服.",[外观],[操控],车看起来非常时尚和精致.我喜欢这款车的前验.特别好看，让人一眼就能看出它的实力和品质.除此之外，车轮也 非常好看.,"驾毁这辆车的感觉非常棒。它的思挂系统非常出色,能够平稳地处理任何路面,从平稳的高速公路到崎岖的山路。",[性价比],[内饰],车的性能也非常出色.它能够轻松应对各种路况和驾要条性.,我喜欢中控台上那个这个车内饰设计真是太喜欢了.从舒适的座情到令我喜欢的仪表盛，这些部让我感到无比情悦.我喜欢中控台上那个大屏称，它不仅让我轻松控制所有的车辆功能，还能让我随时随地听我的最发收曲.,[续航],这对于长途旅行或需要长时间驾驶的我来说，这辆车的续航能力非常出色，它满电满油能够行毁531公里的距离.这对于长途旅行或需要长时间驾驶的我来说非常方便。,,[空间],,"后排空间来说不是很满意,找家人坐在后排老给我抱怨.真的太挤了,我只好格前排座情往前挪.",,,https://newcar.xcar.com.cn/5440/review/comment-434609.html,展开全部
"
    发表于  2023-06    

      
        
    
    
",xuser1958258,https://image1.xcarimg.com/attachments/my/1/94/82/581_120.jpg,三星会员,4.88,外观,5,内饰,5,续航,5,空间,5,舒适,4,动力,5,操控,5,性价比,5,购入信息,爱车车型,https://newcar.xcar.com.cn/m69278/,2023款问界M5增程后驱智驾版,购入时间,2023/5/1,购车地点, [重庆市],裸车价格,27万  (厂商指导价 27.98万),续航里程,300km,爱车简评,,,,,爱车简评,流畅的设计，低趴的姿态，我很喜欢这个外观。 车头造型：车头有点马丁的感觉，比较犀利 车尾造型：保时捷macan的感觉，你懂的 提车图：简单的提车，留个念。,,,,爱车评价,[最满意],车越开越喜欢，女司机的喜欢不都是偏感性的，就是纯纯的享受着每一段丝滑的驾驶过程，开过的才懂它的好。,[不满意],[舒适],"1、自动锁车不太灵敏,有时候主驾刚下车关上车门就立马自动落锁，后排再开车门就会发出警报，这个警报声音响得太尴尬了。有时候都离开车很远了自动落锁还没反应，又得跑回来拿出手机NFC锁车。 2、脚踢后备箱功能，能踢开靠几率，时开时不开，希望后续升级能优化。",皮使用量非常高，能摸到的地方大多都是软性包裹，手感很舒服，坐垫也很后，承托性很好。前排还可以放倒小憩模式睡觉很香。,[外观],[操控],全家人都很喜欢问界45度角的侧颜，通透的全景天幕很大气。颜色也没有过多的纠结，当时谧海蓝和松霜绿选配需要加钱，旧车福特是白色，所以，就毫不犹豫选了黑外棕内。黑色车头真霸气。,电机后驱，动力十足，随踩随到，有很强的推背感，一般舒适模式就很够用。刹车调教很线性，需要多少踩多少。运动模式爆发力很强，能耗上升，一般也不需要开。 方向盘轻重：方向盘手感也很舒服，指向精准不拖沓。如果能有电容式方向盘就更好了，开启自适应巡航就可以摸着就行，不用再动一下。,[性价比],[内饰],不知道有没有百分百完美的车，毕竟每个家庭的需求和期盼都不一样，对于我来说，问界已经快接近了。 可能这种“喜爱”就是无脑的真爱吧！能包容它所有的缺点，惊喜着它的每一次升级，期待着它未来还会有更大的进步... 保养项目：首保是在提车的第三个月，专属群会提前提醒，也可自己在Aito app上预约就近的用户中心保养，整个流程大约1个半小时。,车内布局简约，内饰做工扎实，座椅舒适，棕色皮很高级。氛围灯在夜间开车非常漂亮，随着音乐轻轻变动，上下车还有迎宾灯，仪式感拿捏的刚刚好。 春天，全景天幕是一大亮点，窗外尽是美丽风景。 夏天，app提前打开空调，让家人上车很凉爽。 雨天，后视镜加热功能让出行很安全。 冬天，早起开车送娃上学，座椅加热加按摩，疲惫感全消。,[续航],对于家庭主妇来说，能省钱就是最大的优点。选择M5也是看中了它的可油可电。日常通勤接孩子都是用纯电模式，电量低于20 %才会开启用到油。 福建的夏季比较长，空调开启电耗基本在23以上。冬天，因为有开启座椅加热，电耗基本在21.6上下。,[充电],[空间],我们家一般是间隔2天充一次电，送完孩子上完学，充电峰值刚好又是最便宜的时段。统计了一下去年提车后7-12月新电途充电费用仅379，有时候是使用AITO积分国网免费充电，周末在老家使用的便携随车充，夜晚充电，白天用车。,前排储物空间很小，放点备用口罩，收据线就满了。中控台手臂误碰很容易自动弹开，后来车友分享了一个好办法，贴上一块3M胶皮软垫，完美解决。 第二排空间：后排有安装了安全座椅，坐两位就会稍显拥挤，坐一位就很宽敞。 车内储物能力：靠椅后背很容易被小朋友的鞋子踢脏，经常擦洗担心皮质会开裂，后来装了坐椅防踢垫，安心多了，还同时增加了收纳空间，解决了后排储物少的问题。 前排只有一个杯架，副驾水杯可以放在储物盒内，一般的奶茶咖啡杯大小刚好适合。 后备厢容积：后备箱的空间对于一家三口日常使用足够，出远门放上30寸+24寸大行李箱两个，剩余空间就不多了，也是塞得满满当当。,[动力],底盘稳定性好，方向盘很轻，转向很顺滑，起步提速快，开过的就懂它驾驶的轻松感。 平常都是开舒适模式，节能模式和运动模式用得少，实验了几次，开运动模式下坐在后排的体验感不太好，会有头晕感。,javascript:;,展开全部
"
    发表于  2023-06    

      
        
    
    
",xuser1958258,https://image1.xcarimg.com/attachments/my/1/94/82/580_120.jpg,三星会员,4.88,外观,5,内饰,4,续航,5,空间,5,舒适,5,动力,5,操控,5,性价比,5,购入信息,爱车车型,https://newcar.xcar.com.cn/m69278/,2023款问界M5增程后驱智驾版,购入时间,2023/4/1,购车地点, [重庆市],裸车价格,27万  (厂商指导价 27.98万),续航里程,300km,爱车简评,,,,,爱车简评,中控扶手40瓦无线充电，这个相当实用，下部带出风口，散热效果比较好。注意：只要手机有无线充电的功能，都能使用，不限品牌。,,,,爱车评价,[最满意],作为一款豪华SUV，问界M5在动力上无懈可击，满足日常，山地，动力丝毫不差。从发动机来说，以问界M5至臻版来说，它采用1.5T涡轮增压引警配合增程式混动技术，零百加速能达到4.6秒。全铝合金底盘，独立悬架，空间够用，前排舒适，操控性流畅。车展的时候看了很多的介绍，然而不在上海也看不到车展的实车，就和销售约了一下，等车到了也给我们这一票老车主试驾一下智驾版，苦等了快半个月，终于可以开一下智驾版啦，总体感觉还不错，特别是对移动的行人监测更加准确了，不亏多了激光雷达，而且车里面的大屏，够帅气，比我们老款的界面好看多了呢，多屏联动挺给力的，家里有孩子的对这个功能一定非常使用。,[不满意],[舒适],我还想的新款的智驾版能给个天窗呢，结过还是一个整体的，天窗不能打开，这一点有点不给力啊！因为平时虽然开天窗的机会是要少一点，但车这么舒服，有时候在车上稍微睡一会，开点天窗比开侧窗要安全一点,兼具轿车的舒适性和SUV的视野，同时华为智能车机，搭载鸿蒙系统，流畅车机，无缝传接。,[外观],[操控],前脸略微不够炫酷，整体的流畅线条还是属于自己的审美范畴的。这点没必要过于纠结。,动力相当不错，对比我之前开的油车，我的M5虽然是后驱版，但已经是天壤之别了，超车响应相当及时，不用犹豫，给人信心。车重2.3吨，但是开起来很轻松，方向盘轻重也适合，一点不累。转向也没有之前油车的比较明显的离心力的感觉，车内乘坐很舒适稳定。,[性价比],[内饰],我买的时候加上HUD、头枕音响、绿外棕内颜色，轮毂选的基本款19寸的，一共25.18万，赠送了4万的AITO积分和价值一千出头的华为运动手表。,选了绿外棕内的版本，坐在车内能碰到的地方基本都是软质的。车内几乎很少实体按键，但是关键的按键都是实体按键，符合一般人的驾驶习惯，没什么学习成本。,[续航],满油满电综合续航1200公里，完全没有续航焦虑，妥妥的外出旅游神器，,[充电],,"无论前排驾驶舱空间,还是后排空间都非常的宽松，全景天幕也使的驾驶舱空间显得非常宽敞，后排空间大容积达369L，如此大的容量非常足够出行旅游",,[动力],方向盘很灵敏，精准，真皮手感触摸感很舒服，高速过弯车身不侧倾，重心低稳定性好。搭载自动泊车功能优化之后入库速度更快了，位置停得更准了。刹车很灵敏，两档动力回收。,javascript:;,展开全部
"
    发表于  2023-06    

      
        
    
    
",xuser1958257,https://image1.xcarimg.com/attachments/my/1/94/82/579_120.jpg,三星会员,4.88,外观,5,内饰,5,续航,5,空间,5,舒适,4,动力,5,操控,5,性价比,5,购入信息,爱车车型,https://newcar.xcar.com.cn/m63475/,2022款问界M5增程四驱旗舰版,购入时间,2023/5/1,购车地点, [山东省],裸车价格,33万  (厂商指导价 33.18万),续航里程,500km,爱车简评,,,,,爱车简评,特别简洁，而且各方面的设计也没有太浮夸，完全诠释了简洁及优雅。提车的过程中办理办理的也是非常流畅，车内车外还布置了很多装饰，当天也是带女朋一起去提车的，仪式感特别好，我的女朋友也一直拍照，觉得很满意。,,,,爱车评价,[最满意],当初在选择车型是对比的车辆也是比较多的，M问界M5，比亚迪的汉EV，理想one，特斯拉Model Y都在看。最终还是选择了问界M5，也是去逛商场的时候看见的，光看外观就觉得好看，进入看车后销售的服务态度也非常好，也试驾体验了一下，音响的效果和智能流畅方面也是我最喜欢的，之前相对其他看的几款车型，问界M5的音响效果搭配氛围灯是我这些年轻人最喜欢的，音质完美，听不出任何杂音，偶尔会出差开长途，听点很嗨的音乐还是非常震撼的。而且试驾后智能流畅方面很优秀，完胜我所对比的绝大部分车型。车内的布局也是我自己感觉最满意的。,[不满意],[舒适],最不满意的点:1、中央扶手位置，换挡杆傍边的眼镜盒这个设计最不满意了，我原先以为是杯架，但是老是放水杯都放不稳，放了水杯后副驾驶取水杯又不方便；后面才知道释放眼镜的，只是一个眼镜盒。但是这个眼镜盒的位置让我不满意。每次把手搭在中央扶手上时不注意就会按开，特别不方便。是反人类设计了。 2、第2点就是蓝牙钥匙，或者遥控钥匙靠近车辆自动解锁的功能。这方面有时灵敏，有时不灵敏。灵敏的时候，我站在车边或者是在路边买个东西，吃个早餐，来回的走动，都会触动车辆锁车然后又打开。不灵敏的时候比较着急，他偏偏这个时候感应不到。,车内的座椅，门板上和方向盘下侧、副驾储物箱表面的外表都是采用真皮的，舒适，触摸感受都很棒，用料很真实。,[外观],[操控],外观是我最满意的点之一。当初也是在逛商场的时候被m5的外观吸引来了解这款车辆的。这款车的外形流线饱满度，特别很有运动，很时尚的感觉。你有女朋友看见了这个外观也非常喜欢。特别是从侧面以及前面车辆的一个造型很时尚。前脸的日间行车灯，和大灯的造型很好看。没有像其他的大灯圆头圆脑的特别丑,方向盘轻重：自我感觉问界m5的方向盘大小刚好适合握感也比较舒适。在高速路上我开上120 、130的时候方向盘还是很平稳。并且车身重量有两吨多。在高速路上，我开得再快，车辆依旧很平稳。像我之前也是试驾过某些新能源车，开上以后110左右，车身就开始轻飘或者是方向盘有轻微抖动，感觉不是很稳定。而且回老家的时候，贵州老家的山路很多大小弯道急弯特别多，但M5转向的灵敏度是非常到位的。,[性价比],[内饰],对于同级别，同续航性能的车型里面选择问界m5。自我感觉也是最大的一个优势。性价比很好，当时也是参与了活动，有手表赠送。而且同时还免费的赠送了我几项选装件的礼包。选配之后车辆的配置完成就是天花板的级别。完全就能说得上二三十万提车。实际体验100多万 售后服务：我常去的是贵阳孟关用户中心，售后服务态度，服务质量都特别满意。再上一次车辆维修中，因为车辆受到刮蹭，需要补漆，但当时店内车辆比较多。需要等待第二天才能取车。因为马上要去办事。4s店内还专门为我提供了代步车辆。,车辆内饰效果细节度还是做的非常好的，第一次看见该车辆时进内饰看了一下。布局很满意，不会有太夸张的设计在车内，座椅的每一个针线点做的都很细致。车内的换挡杆和无线充电位置正常的水杯架做的都很中规中矩，不会很浮夸。刚开始提新车的时候稍微还有点点异味，但是那个异味相对于我看的其他车型的话就很淡很淡。可能也是因为车内带了空气净化功能，车辆开了几天之后就不会有任何异味了。像我之前用的雅阁，还有朋友使用的其他车辆，单独只是软包而已，触碰感很差，虽然也是柔软的。但表面的质量，材质，触碰感上肯定是比不上。,[续航],车辆的续航方面还是很满意的，因为我有时候要长途出差或者是回老家，一去就是几百公里，100多km啊以上。开燃油车的话油费肯定很高。但驾驶纯电车的话，充电又比较麻烦，而且都在赶路的路上。M5的是这方面还是比较不错的。,[充电],[空间],平时市区上下班车辆续航150—180km之间还是很满足使用的，一周基本上就充一次电就足够了。偶尔长途回老家加满油。也不会担心像纯电车一样充不了电的问题 表显续航准确性：表显续航还是比较准确的。也会动态的根据用车情况来调整剩余里程。跟实际用车出入不会很大,车内空间还是比较宽敞的。带着朋友出去玩，后排坐三个大人也是刚好合适，不会感觉拥挤。特别是有一次我的一个朋友将近1米9的身高，坐在后排都感觉看看好合适。因为他试过很多车辆，坐上去后空间比较有限，坐着很压抑不舒服。门上的储物空间和中央扶手储物盒的空间也刚好足够，对于我们这些年轻人经常上下班用车外，偶尔出差，出去玩。容纳的空间还是非常足够的。特别是中央扶手两侧的储物点设计很不错，避免了物品从主驾或者副驾侧边缝隙掉下，也可以放一些小钥匙小物件 后备厢容积：360L左右后备箱的储物空间还是比较够用的。我正常上下班通行，基本上放的物件不是很多，完全足够，空余空间还有很多。平时跟朋友出去玩，放个四20寸个行李箱也足够放下。第二排座椅放倒后，后备箱的空间长度完全足够我175的身高躺下去 车内储物能力：车内的很多储物和空间都是相当够用的。很多储物空间的设计方面都很实用,[动力],驾驶体验感的话，这方面还是必须打满分的。四秒多的百公里加速放在燃油车和电动车里面还是很优秀的。像我就开车比较着急，因为工作原因老是到处跑，然后上下班。这个车的动力完全满足我的急性子。在高速路上也超过A6，也超过跑车。油门刹车踏板的响应度还是很真实的，感觉很适合我自己的驾驶方式。之前在选车的时候试的某个品牌的混动车型。,javascript:;,展开全部
"
    发表于  2023-06    

      
        
    
    
",xuser1958257,https://image1.xcarimg.com/attachments/my/1/94/82/577_120.jpg,三星会员,4.88,外观,5,内饰,5,续航,5,空间,5,舒适,4,动力,5,操控,5,性价比,5,购入信息,爱车车型,https://newcar.xcar.com.cn/m63475/,2022款问界M5增程四驱旗舰版,购入时间,2023/5/1,购车地点, [宁夏省],裸车价格,32万  (厂商指导价 33.18万),续航里程,900km,爱车简评,,,,,爱车简评,支持40W快充的手机无线充电板。彩色的hud能显示车速、限速信息、导航信息、ACC巡航信息、车道偏离情况、危险预警等等，非常方便。,,,,爱车评价,[最满意],因为现在通勤原因，就把自己燃油换成新能源，当时看的其他品牌的也有，无意间看到广告，外观造型吸引到我，就去店里看看了实车，顺带试驾了一下，记得顾问当时介绍车的配置，感觉操作好智能，想干嘛，直接语音对话，就可以完成操作，简直太方便了，手机还能控车，跟我之前开燃油完全不一样，就像打开我新世界大门。,[不满意],[舒适],不满意的嘛就是后备箱感应，我觉得没有我之前车感应好，后来去售后保养问了一下，说是感应有个区域，扫到才能打开。,座椅舒适性：座椅的舒适性还是很好的，座椅材质也是真皮的，包裹性好，坐上感觉非常舒服，主副驾驶还有座椅按摩，能调节力度，开车也是一种享受。,[充电],[操控],充电可以设置晚上自动启动，享受便宜的波谷电价。相比于纯电车型，增程式出远门不用在高速服务区排几个小时队等充电，5分钟加满油就能走。而相较于传统燃油车，它有电动车的强大动力，而且增程器启动时的声音和振动都非常小，远远小于传统燃油车的发动机。,动力水平可以用强悍来形容，4秒多破百，完全是超跑级别的实力。电动汽车的特性使得起步阶段提速迅猛而且线性，并且动力储备充裕，高速上深踩一点油门，超车轻轻松松。刹车性能非常好，2.3吨重的车，刹停距离很短。有多种驾驶模式可以调，方向盘力度、油门灵敏度都有不同档位的区别，可以用自定义模式按需要自己搭配组合。车的转弯半径比较小，方向盘指向性也很好，开起来非常灵活，搭配360度影像，通过一些比较狭窄的地方也毫无压力。底盘悬挂整体调校偏舒适，对路面的颠簸和小坑小洼过滤非常好。因为调教偏软，过一些比较大的路面起伏，车会有明显的弹跳感，会有平时说的“坐船”的感觉。,,[内饰],,座椅是真皮的，座椅的包裹敢跟舒适，整体车内内饰风格就是简约大气，晚上开车的时候氛围一亮，那氛围感十足。  音响：车里音响的音质超级棒，还可以设置场景模式，音效风格，开车的时候整个立体式的环绕音乐，绝绝子。,[续航],因为城跑的多一些，纯电续航觉得有点低，要是再多一些，我觉得会更好， 油耗：像平时出去旅游玩啊，也就6-7个油，也不高，能接受，相对之前开的油车，也非常省了。,[充电],,充电可以设置晚上自动启动，享受便宜的波谷电价。相比于纯电车型，增程式出远门不用在高速服务区排几个小时队等充电，5分钟加满油就能走。而相较于传统燃油车，它有电动车的强大动力，而且增程器启动时的声音和振动都非常小，远远小于传统燃油车的发动机。,,[动力],提速很快，方向盘也很轻，指哪打哪，也是我们女司机的福利，而且稳定性也很好。,javascript:;,展开全部
"
    发表于  2023-03    

            
    
    
",xuser1949926,https://image1.xcarimg.com/attachments/my/1/93/99/260_120.jpg,支柱会员,4.63,外观,5,内饰,5,续航,5,空间,4,舒适,5,动力,4,操控,5,性价比,4,购入信息,爱车车型,https://newcar.xcar.com.cn/m64501/,2022款问界M5增程四驱至臻版,购入时间,2022/10/1,购车地点,东莞市永为汽车销售服务有限公司 [广东省],裸车价格,28.8万  (厂商指导价 28.88万),续航里程,7.3km,爱车简评,,,,,爱车简评,科技舒适融入一体!汽车的科技感很强，赛丽斯与华为合作车机系统采用的是鸿蒙系统，鸿蒙系统对于华为手机的用户特别的友好，手机与车机系统互联无障碍很流畅!!,实拍图片,https://img1.xcarimg.com//review/20230323/2f40f662c6f57ba144f31ae1eb2d2baf.png-169x127.jpg,https://img1.xcarimg.com//review/20230323/60efc6b7456a9169d23a67f32e1a494a.png-169x127.jpg,爱车评价,[最满意],汽车的科技感很强，赛丽斯与华为合作车机系统采用的是鸿蒙系统，鸿蒙系统对于华为手机的用户特别的友好，手机与车机系统互联无障碍很流畅，这一点就是我最特别满意的地方，因为有时候要用车上的喇叭听歌，但是呢，很多喜欢的歌曲都是在手机用户里面，所以就必须要用手机用户去控制车机系统的音乐。,[不满意],,汽车的加速度提升不上来，这个具体表现是，在起步的时候，就是当你踩下油门的时候，感觉车子的动力有一些延迟。,,[外观],,外观很有质感，我觉得这台车的外观比特斯拉还好看很多，因为它更符合我们中国人的观看美感，大气上档次，尾灯的造型很有运动性，我经常开这台车去接孩子上下学，感觉还是倍有面的了。,,[性价比],[内饰],产品才是硬实力，首先，这个车的产品质量还是刚刚好的，定位价格也不是很贵，像我们这些平民的业务员吧，也是能够买得起这台汽车，同时，还能够家用和商务接待，价格方面也比较亲民。 【性价比】 性价比：,车内的隔音效果很好，特别是在纯电模式下开，几乎是听不到任何噪音的，华为的智能桌椅座舱氛围灯的效果也很不错，你可以看下我这个图，那个氛围灯打起来就像KTV的感觉，要是在下个全民K歌，还能k歌呢。,,,[充电],[空间],我在冬季情况下开空调平均续航里程是100公里，当然咯，这是在纯电的模式下，我一般都是选用纯电模式。,问界m5这台车我认为还是很大了，车内的空间足够，我上下班和商务接待，我的小孩子躺在后排的空间，完全能够躺下来，我小孩子是十岁吧，平时送他上下学，送着送着他就在后排的位置上躺着睡着了。,[动力],我开的感觉是很舒适，起步的动力上不是很充足，就是油门踩下去会有一丝的延迟吧，但是到了，后段速度提升上来了，动力还是可以的啦，汽车驾驭起来也很快，操控感也很好。,https://newcar.xcar.com.cn/5440/review/comment-433598.html,展开全部
"
    发表于  2022-10    

            
    
    
",xuser1080936,https://image1.xcarimg.com/attachments/my/1/07/09/363_120.jpg,黄金长老,4.75,外观,5,内饰,4,续航,5,空间,5,舒适,5,动力,5,操控,5,性价比,4,购入信息,爱车车型,https://newcar.xcar.com.cn/m66249/,2022款问界M5纯电四驱性能版,购入时间,2022/5/1,购车地点, [陕西省],裸车价格,29.48万  (厂商指导价 28.98万),续航里程,6.3km,购入用途,上班,购物,接送小孩,自驾游,爱车简评,马路小野兽，问界M5，动力非常强劲，一路高速，轻松超车一点压力都没有。,实拍图片,https://img1.xcarimg.com//review/20221010/1ab5c04f3d80a9afc852946f62260c69.png-169x127.jpg,https://img1.xcarimg.com//review/20221010/08b829f9e121eb741de52b1e7b781001.png-169x127.jpg,爱车评价,[最满意],应该是颜值，外形足够运动，很耐看，线条没有一些车型那种凌厉和肌肉感，但我很喜欢，有种圆润的质感，简单的设计也挺符合现代审美，所以外观这块我是很满意的。,[不满意],,美中不足的地方就是选错了内饰，当时认为白内很好看、时尚、有温馨感，忽略了不耐脏的问题，想安个座套，又感觉浪费了这个座椅，只能平时多注意打理了。,,[外观],[操控],外观我是很满意的，足够运动的车身，也没有特别浮夸的造型，简简单单就很好，当然身边也有朋友觉着一般，这个不勉强，毕竟各有各的审美，我自己喜欢就行。,问界在配置这块也是很有诚意，很多功能都是全系标配，重要说下它的鸿蒙系统，都说是当前车机系统的天花板，从我这段时间的使用来看，并没有夸大，流畅性方面做得非常的顺滑，我也用了两三个月，还没遇到过一次卡顿，整个系统的智能优化得也很好，除了常规的系统功能之外，还支持手机投屏，还能连接家里的智能电器，这就非常实用了，刚开始觉着这个16.5的中控屏有点大，但是用久后发现还行，播放视频的时候很合适。,[性价比],[内饰],价格不算便宜，上路已经31万多，但对比车子的性能来说，我觉着还值，对于整车的外观和内饰特别满意，并且智能化科技满满，再加上本身属于新能源车型，可油可电，又不担心续航。,内饰和外观的设计风格一样，走的也是简约路线，内外设计还是很搭的，用料方面很厚道，入眼的地方很多都用上了皮质包裹，特别是和身体接触的地方，都用的软皮，视觉上和触感上都很有豪华感，做工也比较精细，就是有一点，当初选的时候忽略的白色内饰不够耐脏，应该选黑色或棕色的，多功能方向盘手感很好，配置这些就不说了，甭管用不用得上的，都给你配齐了，此外前排座椅还有按摩、通风功能，坐久了也不会感到累，乘坐舒适度很好的。,[续航],我家的小区暂时还不能装充电桩，所以纯电车还真不适合，经过各种考虑，我觉得增程式很适合我，首先是绿牌，没购置税，出行也方便，然后可以用电、也可以用油，而且我们时不时还喜欢出去自驾，所以续航是我很看重的地方，M5超过1000公里的综合里程足够我使用。,,[空间],,空间表现非常不错，家里五口人外出游玩特别宽松，自己1.75米的个头，在驾驶位置一点也感觉不到憋闷，正常座位调整好后，头顶距离车顶还会有一拳多的距离。后备箱的空间也很大，并排可以直接放2、3个大的收纳箱，所以平时使用是没问题的。,[动力],提车后直接上了高速，回100公里外的农村老家，感觉动力非常强劲，稍微给点油，马上就有响应，一路高速，轻松超车一点压力都没有。,https://newcar.xcar.com.cn/5440/review/comment-431592.html,展开全部
"
    发表于  2022-10    

            
    
    
",xuser1080839,https://image1.xcarimg.com/attachments/my/1/07/08/393_120.jpg,青铜长老,4.75,外观,5,内饰,5,续航,4,空间,4,舒适,5,动力,5,操控,5,性价比,5,购入信息,爱车车型,https://newcar.xcar.com.cn/m66248/,2022款问界M5纯电后驱标准版,购入时间,2022/8/1,购车地点, [河北省],裸车价格,25.98万  (厂商指导价 25.98万),续航里程,18.2km,爱车简评,,,,,爱车简评,与众不同的M5，给我不一样的享受，车型设计还是很运动的，有轿跑的风格。,实拍图片,https://img1.xcarimg.com//review/20221010/50cf8508df1dc4a3bd7d0350868dae6f.png-169x127.jpg,https://img1.xcarimg.com//review/20221010/8c1af3c7f3cd6021bf05e38e692679ff.png-169x127.jpg,爱车评价,[最满意],提车也还没几天，先说说我满意的地方：1、省！是真的省，以前燃油车百公里至少8、9个油，换了M5之后还没怎么用过油，一直用的纯电模式在开，电耗也就在18个上下，算下来一两毛钱一公里，和以前相比差距太大了。 2、舒适，新能源车开起来就是比燃油车安静，内饰设计完美，一上车我就很喜欢待在车里，就是这种感觉。,[不满意],,真没啥不满意的地方，想了半天，不知道储物空间偏少算不算，主要还是前排的储物格少了一些，随身带的包没地方放，平时一个人还好，可以放副驾上面，如果副驾坐人就只能放扶手箱上，感觉不怎么方便。,,[外观],[操控],外观肯定是喜欢的，不然我也不会买了，M5的车型设计还是很运动的，有轿跑的风格。,配置是很全面的，全系主被动安全功能很齐全，像车道偏离预警、主动刹车、前方碰撞预警这些都是很实用的，前后都有驻车雷达，360度全景影像也可以很清晰的看到车周围的情况，轻松倒车，内部还有手机无线充电功能，非常方便。,[性价比],[内饰],"一开始就想着选个20W左右的车子，看了许多最后选了问界M5，算了算价格，再结合配置动力方面去考虑，这个价格买个绿牌新能源的SUV,配置、动力、续航全部到位，这性价比还能说什么。",简约而不失豪华，以前的车是黑色内饰，这次换个颜色感觉非常温馨，车内的设计比较有科技感，最抢眼的就是中控的液晶大屏，可以通过语音来控制，很多功能用起来也更加方便，而且在用车过程中安全了很多，另外车内的用料以及做工也都很上档次，浅色内饰明显吸热少，M5的空调很给力，这几天的高温下车内的制冷很快。,[续航],提车到现在还没怎么用过油，仪表显示只有2个多，没有多大参考意义，因为平时主要还是用的纯电模式在开，电耗18个左右，平时上车就是空调，所以我认为这个电耗是可以接受的，主要是充电比较方便，这个天气充满一次能跑140、150的样子，实打实的续航，足够一两天使用。,,[空间],,前后排的乘坐空间是足够的，比我以前的君威要大，SUV的视野是要比轿车开阔些，我平时就一两个人坐，所以空间对我来说是完全足够的，后排地板平整，腿部有伸展空间，头部空间也很富裕，加上全景天幕，所以车内即便是满座也没有压抑的感觉，后备厢的装载能力还行，日常出行肯定没问题，当然，除了储物空间稍显不够之外。,[动力],我买的后驱版，动力肯定没有四驱的强，但我觉得也够用了，多几秒少几秒的提速对我来说影响不大，路上提速超车也是能够做到的，最关键的是价格要便宜好几万，剩下的钱别说用电，就是加油也够我用好久了。,https://newcar.xcar.com.cn/5440/review/comment-431591.html,展开全部
"
    发表于  2022-10    

            
    
    
",xuser1080928,https://image1.xcarimg.com/attachments/my/1/07/09/289_120.jpg,青铜长老,4.88,外观,5,内饰,5,续航,5,空间,4,舒适,5,动力,5,操控,5,性价比,5,购入信息,爱车车型,https://newcar.xcar.com.cn/m66249/,2022款问界M5纯电四驱性能版,购入时间,2022/7/1,购车地点, [河南省],裸车价格,29.48万  (厂商指导价 28.98万),续航里程,6.8km,购入用途,上班,购物,自驾游,跑长途,爱车简评,被实力征服，入手问界M5四驱性能版-小五的性能、配置都是顶呱呱的,实拍图片,https://img1.xcarimg.com//review/20221010/9231c4dddb9f58adb26b005a45b0d643.png-169x127.jpg,https://img1.xcarimg.com//review/20221010/e2c2feed88f0875b5b8c5719d0676fc8.png-169x127.jpg,爱车评价,[最满意],它的智能化非常吸引我，鸿蒙的车机系统，操作起来让人惊喜，一点都不带卡顿的，流畅度十足，反应很快，语音助手识别度非常地精准，下达的指令除了快，360倒车影像方便更多新手司机。,[不满意],,都挺满意的，跑了才2000多公里，也没有出现什么小毛病，驾驶感受不错。,,[外观],[操控],颜值肯定是满意，买车就是图个好看好开，真的！要不是小五够帅我也不会买了，开出去拉风，相对传统的燃油车型来说，小五看起来更飒，更加运动时尚。,1、华为软硬件加持，智能化是真不在话下，语音交互很有意思，我这带点方言的话都能听懂，精准度高达百分之九十五以上。 2、自带的花瓣地图是基于高德地图，很好用，而且语音指令可以直接导航，我选装了HUD，更加方便，所有导航信息都可看到。 3、自动泊车很好用，非常适合停车水平一般的车友们，而且车位还可以选择。 4、华为的车机，无敌，非常丝滑，也很顺。,[性价比],[内饰],价格方面按配置对标合资的话可以超出两个档次，四十万的车也不一定比小五强，性能、配置都是顶呱呱的，如果再给点优惠，那直接就是天花板了。,进车的第一件事就是在研究内饰和做工，这方面小五真的很够意思，材料过硬，做工也过硬，无论是细节处理，还是无处不在的软包，都让我很满意。,[续航],操控算是比较安逸的，真皮方向盘握着很舒服，指向灵敏，驾驶中的侧倾感抑制的好，我开朋友的车比这还小一号，操控能感觉到和我的小五有明显的差距，毕竟咱们家小五是双独立悬架，全铝合金底盘，调校方面也很给力。,,,,,[动力],动力这块绝对是值得我仔细说说，试驾的时候一脚油门下去，我就有点爱上小五了，真的架不住这推背感的畅快，响应贼灵敏，只要你想超车，一踩油门马上就有动力响应，开着舒服。,https://newcar.xcar.com.cn/5440/review/comment-431582.html,展开全部
"
    发表于  2022-10    

      
        
    
    
",xuser1080942,https://image1.xcarimg.com/attachments/my/1/07/09/429_120.jpg,青铜长老,4.88,外观,5,内饰,4,续航,5,空间,5,舒适,5,动力,5,操控,5,性价比,5,购入信息,爱车车型,https://newcar.xcar.com.cn/m64501/,2022款问界M5增程四驱至臻版,购入时间,2022/6/1,购车地点, [天津市],裸车价格,28.88万  (厂商指导价 28.88万),续航里程,6.5km,爱车简评,,,,,爱车简评,生活有你才快乐，问界M5。智能化操作非常简单，各种功能超级实用。,实拍图片,https://img1.xcarimg.com//review/20221010/366f8dfb4c3c24a2774c4f1642731528.png-169x127.jpg,https://img1.xcarimg.com//review/20221010/92551f6b8f69502c2094e5f501373bdb.png-169x127.jpg,爱车评价,[最满意],最满意的就是这款车的动力，响应速度非常之快，提速的时候很有感觉，只要轻点一下踏板，马上就有动力输出，驾驶体验感很强。,[不满意],,基本都很满意，就是有一点，车机系统要和华为匹配最佳，我用的华为、老婆用的苹果，体验感就没我用着舒服。,,[外观],[操控],我觉得它的前脸设计非常精致，侧面看上去很运动，整体看起来很有质感，如果我不说的情况下，很多人都会以为这车要4、50万。,智能化操作非常简单，15.6英寸的大屏幕很清晰，语音识别度也很高，前排座椅还有加热、通风、按摩功能，超级实用。,[性价比],[内饰],在同级车里面，M5没有特别明显的短板，可以说是很有竞争力，增程式的技术也让我完全没有里程焦虑，我觉得在这个价位，M5怎么说也算是新能源第一梯队，而且价格比起一些同级车型更具优势。,内饰对于这个价位来说基本上挑不出太大毛病，用料比较好，真皮材质用的也不少，虽然刚提车的时候有一点点味道，但不影响，多通风几天就行了。,[续航],我都是在自己住的城市跑跑，还没怎么跑过长途，最多去一下周边的区县，所以说续航对我来讲是够用的，按我平时的里程来看满油满电足够我开十来天，百公里油耗也就6个左右，完全不担心。,,[空间],,前排驾驶位还是蛮大的，我们一家人随便谁开坐在驾驶位都很轻松，像我178的身高坐前排空间很充足，活动自如，后排对于我来说也没有什么压力，后备箱的深度还是够的，它的容量比较大，对于我们一家人的出行很方便。车内的储物格规划得也挺好，平时放个手机、抽纸都比较方便。,[动力],这款车的动力表现我还是非常满意的，提速的时候也很迅速，超车的时候爆发力也非常地强，会觉得动力输出源源不断，这款车完全能够满足我们的日常生活出行。,javascript:;,展开全部
"
    发表于  2022-07    

            
    
    
",xuser1080913,https://image1.xcarimg.com/attachments/my/1/07/09/131_120.jpg,黄金长老,4.88,外观,4,内饰,5,续航,5,空间,5,舒适,5,动力,5,操控,5,性价比,5,购入信息,爱车车型,https://newcar.xcar.com.cn/m63649/,2022款问界M5增程后驱标准版,购入时间,2022/5/1,购车地点, [山东省],裸车价格,25.98万  (厂商指导价 25.98万),续航里程,180km,购入用途,上班,购物,,,爱车简评,这车各方面性能都还不错，主要是自动泊车功能我很喜欢，能省事干嘛还要自己费力；还有自定义车位，这个功能也是独一份，没有车位线或者车位线不清楚的地方也能停，真的是大爱了。,实拍图片,https://img1.xcarimg.com//review/20220715/4851f2bac53133d44b365e50fcb9732d.png-169x127.jpg,https://img1.xcarimg.com//review/20220715/c462fbe43202ef16d8208577a3f15edb.png-169x127.jpg,爱车评价,[最满意],看起来就感觉很精致、大气，内饰什么的有质感，用料也很实在，尤其是座椅按摩相当可以，上一天班坐在车里，真的有放松到，空调什么的还有车机系统真的是试驾这么多车来说最满意的一款车了，外观内饰都很良心。,[不满意],[舒适],感觉方向盘的手感不是很舒服，也可能是还不习惯。,这个车的舒适性是真的好，最喜欢的是座椅通风、座椅按摩，而且材质用料也不错，新车的气味小，我只开了几天基本上就没有明显的气味了，还有空调制冷快，特别喜欢他的扫风模式，有自然风的感觉，左右两分区空调，后排中间有出风口，相当可以了。,[外观],[操控],这款车感觉属于耐看型，我真是越看越喜欢，尤其是侧面，实车比照片好看多了，感觉每款颜色都不错，就是试驾的松霜绿不是很喜欢，白色和黑色一如既往地经典好看，感觉还挺有设计感的。,还可以，主要是在路况不好的时候，底盘的行驶质感上有些不是那么完美；整体开起来还是很灵活的，不会沉重，掉头转弯什么的也很轻巧。,[性价比],[内饰],我的是后驱车，不到27万的价格，也可以了，就是优惠不大；但综合车子的性能来看很值得，坐起来相当舒适，开起来同样如此。,当然不只是外观一眼相中，内饰也同样如此，简约风大爱，看起来也很高端大气上档次，做工很细致。,[续航],平时上下班电耗在17左右，纯电续航里程比较准，满电显示续航200公里，我平常使用自动模式，电量剩下30%的时候，增程器启动。平时油箱不满，备着一点就可以了，这可比燃油车节省。,,[空间],,空间我感觉可以的，有人反映说后排空间小，我是没这个感觉的，家里人坐着也都可以，可能个子过高会有点影响吧，后排的坐垫可能有点短，但也没啥影响，这个价位来说空间也是够了，出去旅行什么的足够了。,[动力],本来看车时还在担心后驱版动力会不会不够，毕竟少了个前电机，真正等到提了车之后才发现，真的够用了。而且是只要踩油门，动力立马响应；都不用开运动模式，仅仅是舒适模式纯电优先动力都是随踩随有，50的时候深踩油门立马就能加速到90，更不用提运动模式了，也不咋费油动力还强劲。,https://newcar.xcar.com.cn/5440/review/comment-430643.html,展开全部
"
    发表于  2022-07    

            
    
    
",xuser1080840,https://image1.xcarimg.com/attachments/my/1/07/08/406_120.jpg,黄金长老,4.88,外观,5,内饰,5,续航,5,空间,5,舒适,5,动力,5,操控,4,性价比,5,购入信息,爱车车型,https://newcar.xcar.com.cn/m64501/,2022款问界M5增程四驱至臻版,购入时间,2022/4/1,购车地点, [辽宁省],裸车价格,28.88万  (厂商指导价 28.88万),续航里程,8km,购入用途,上班,购物,,,爱车简评,其实最早的计划是只准备换一台电车，留一台油车在家。后来去试了岚图，一开始对岚图感觉更好，空气悬挂和更舒服的地盘但后来在车友群闲逛后发现了岚图的车机用起来特别卡说岚图的増程器用的是小康的，还是上一代的！,实拍图片,https://img1.xcarimg.com//review/20220715/1d057ab384443090fb1147c36e03cb86.png-169x127.jpg,https://img1.xcarimg.com//review/20220715/f2a349589cb2dd845c8780078db89f6e.png-169x127.jpg,爱车评价,[最满意],最满意的是车子的外观和内部配置，首先，车辆外观比较耐看，跟其他新能源品牌的设计理念不同，问界的设计显得比较低调，非常简约的车头设计，上下不同两个层次的前脸和格栅设计，迎合了智能轿跑流线型外观和SUV应有的稳重感，两侧的日行灯营造出穿过前杠的视觉效果，整体设计层次感十足。其次，搭载华为鸿蒙系统是这款车最大的亮点，登陆华为账号后，可以实现导航，音乐，视频畅连等功能在手机和车机之间的流转，这些都是非常方便的。再者就是续航上，官方宣传纯电可达150公里续航，经过近期驾驶体验，按照驾驶模式不同，纯电续航最远可达180公里左右，完全能满足日常上下班及市内出行。,[不满意],[舒适],感觉小艺还可以再聪明点，风声一大它就听不清我在说什么了。还有就是因为口音问题，有些词我会连读，把前一个字的韵尾直接省略掉，小艺会给我翻译成别的，哈哈，它明显是在考验我的普通话水平。,座椅是真皮的，可以全方位自由调整角度，座椅头枕也比较实用，还有头枕模式，开启后可以独享车内音乐，比较喜欢。座椅按摩，通风和加热等高端车有的功能配置，这款车都有，在冬天和夏天会方便很多。,[外观],[操控],外观很酷，很帅气！ 车灯设计不错，而且亮度非常哇塞！,首先，车身稳定性很好，过弯体验感觉不错，基本感受不到身体侧倾。其次，刹车很灵敏，虽然方向盘有点轻，但是操控起来没啥大问题。再就是车内系统功能多样，值得注意的是自动泊车功能，真的很强大，试了三四次，都停的很正。不过我也没试过其他车的自动泊车，不好做对比。最后就是行驶中，车内会有很多提示，比如有后方来车提示，超速提示，疲劳驾驶提示等等，增加了行驶安全性。,[性价比],[内饰],性价比挺高，因为购车体验不错，保养维护的话，首保免费，后期保养也不贵，且増程器两万公里才保养一次，这车是我的性价比之选了 。,就车子结构而言，运动属性比较足！内部空间相对够用，前排感受舒适，感觉操控性良好，兼具轿车的舒适性和SUV的视野。华为智能座舱，音响音质不错，比汉的丹拿强。全车真皮座椅，华为双电机，华为电驱，全车所有内饰都是软皮质包裹，用料十足！车机就不说了，非常流畅丝滑，语音交互感觉比较好，大家都知道！前排标配座椅通风、加热、按摩，后排标配加热。,[续航],充电：快充充电一个小时以内可以充好，一边充电一边车机享受，很舒服的～慢充还没试，华为充电桩还没安装好。能耗：我开车不算省油的那种，有动力为啥练习黄金右脚，哈哈…所以电耗大概23kw百公里，油耗在8升左右，提车到现在就充了一次电，然后一直在馈电模式下行驶，因为每天上下班只有2公里开～如果距离长一些，我想应该会更低一些。,,[空间],,实话实说如果是像我这样的三口之家，空间还是够用的。乘坐空间比较宽敞，前排空间非常充足，身高176调整好后，头部空间有2拳，腿部完全不格腿，体验非常好；后排腿部空间超过两拳。 后备厢容积家用足够，可以放4个22寸的行李箱，还能再放两包行李，婴儿车也不成问题，而且支持46比例放倒，放倒后空间不错。值得一提的是，空间设计亮点是前排不硌腿，地台纯平，天幕视野好。,[动力],动力很强劲，强烈推荐把驾驶模式切换成弹射模式，如同飞机启动，开起来感觉超棒，一定要体验一下。,https://newcar.xcar.com.cn/5440/review/comment-430642.html,展开全部
"
    发表于  2022-07    

      
        
    
    
",xuser1080784,https://image1.xcarimg.com/attachments/my/1/07/07/842_120.jpg,黄金长老,4.88,外观,5,内饰,4,续航,5,空间,5,舒适,5,动力,5,操控,5,性价比,5,购入信息,爱车车型,https://newcar.xcar.com.cn/m63650/,2022款问界M5增程四驱性能版,购入时间,2022/5/1,购车地点, [重庆市],裸车价格,28.98万  (厂商指导价 29.48万),续航里程,100km,购入用途,上班,购物,,,爱车简评,最开始本来想买比亚迪的混动车型，但是自从体验过问界M5后，让我这个老司机重新认识到原来一款优秀的座舱系统对于用车人来说多么重要！,实拍图片,https://img1.xcarimg.com//review/20220715/66b09c1b55b9b4e7c6408b51596ad268.png-169x127.jpg,https://img1.xcarimg.com//review/20220715/cfdd1e3d3ff25a0e425ab97709da9dc3.png-169x127.jpg,爱车评价,[最满意],对于外观的设计还是挺满意的，不过这台车的亮点不在于颜值，而是满满的智能和过硬安全系数，首先这个车可以绑定华为账号，互联后可以同步手机内容，而且不光可以用钥匙解锁还能用我的华为手机解锁，简直不要太方便，就算是忘记带钥匙，也不用担心开不了车，而且车内设计也非常简洁豪华，无线充电还是非常好用的，充的快也不会热，加了一个散热的出风口，非常实用。,[不满意],[舒适],最不满意的就是隔音效果了，并没有想象中那么好，风噪和胎噪都挺明显的。,座椅还是挺舒服的，包裹性好，座椅按摩和通风经常使用！车内也没什么异味，但是隔音效果没有想象中好，特别是速度上来后，胎噪和风噪有点明显。,[外观],[操控],外观时尚，问界M5的设计团队还是在线的，运动车身搭配20寸的大轮毂，辨识度很高。,操作起来还是的挺方便的，而且还支持四种模式，经济、舒适、运动和弹射，不过平时都是用经济模式，偶尔会开个运动模式或者弹射模式爽一下，而且还是支持自定义模式设置，可以调整方向盘和油门踏板的力度和灵敏度，非常的方便，但是语音控制一般般，没有实体按键好用，还有就是缺备胎。,[性价比],[内饰],感觉性价比还是挺高的，满满的科技感，再加上强大的动力，如果不追求豪华品牌的面子，这款车还是非常推荐的，价格方面也非常经济。,最吸睛的就是中控大屏。其次，车内几乎所有摸得到的地方都是软质材料很有质感。白色内饰帅呆了，可惜打理太麻烦就选了黑色。此外还可以app远程控制车门车窗空调，钥匙可以无感自动解锁锁车，华为手机手表还可以nfc解锁。新车没有啥异味和异响。车内有PM2.5过滤好评，值得一提是香氛，它的香氛我一直没闻出有啥味道，后来车友提醒要打开内循环。果然开了内循环气氛就有了。座椅是真皮的，门板内侧、前挡下，扶手箱处，都做了仿皮质处理，摸上去触感柔软。,[续航],提车时间不长，因为大部分时候都是在市区行驶，每天上下班加接送孩子，平时行驶基本用纯电模式出行，百公里电耗在22千瓦时左右，可以做到2天充一次电，感觉还是很方便的。,,[空间],,乘坐空间还可以，前排空间对高个子来说完全没有压力，头部空间还是挺充足的，后排腿部空间也可以，后备箱空间小点，而且离地高度有点高，放重物进去的时候会不太方便。,[动力],从家里的燃油车到这台新能源，动力上不得不说是质的飞跃。燃油车完全不敢想的强劲；市区用电长途用油，省钱；动力很足，一踩就能给到。,javascript:;,展开全部
"
    发表于  2022-07    

            
    
    
",xuser1080781,https://image1.xcarimg.com/attachments/my/1/07/07/817_120.jpg,黄金长老,4.88,外观,5,内饰,5,续航,5,空间,5,舒适,4,动力,5,操控,5,性价比,5,购入信息,爱车车型,https://newcar.xcar.com.cn/m63650/,2022款问界M5增程四驱性能版,购入时间,2022/3/1,购车地点, [山东省],裸车价格,29.48万  (厂商指导价 29.48万),续航里程,100km,购入用途,上班,购物,,,爱车简评,一直想尝试买一辆新能源车，但是纯电动车有公里数限制，跑长途不方便，带家里人自驾游根本不现实，而且经常充电还要排队，问界M5属于油电混合，不影响跑长途，百公里油耗又比燃油车低，何况也算是支持我们的国货。,实拍图片,https://img1.xcarimg.com//review/20220715/53ddea91b2b584b62da7a00558cc9378.png-169x127.jpg,https://img1.xcarimg.com//review/20220715/65dc5e22b50df4a9a949bf978665c384.png-169x127.jpg,爱车评价,[最满意],首先，续航里程长，满油满电续航超过1000公里，无里程焦虑。其次，操作轻松且乘坐舒适，跑长途车子还有座椅按摩，铝合金底盘调校优异，过坑洼路面颠簸感小，后排座椅可以放倒，大大提高储物空间，鸿蒙车机系统非常灵敏，操作平顺，流线型的车身动感十足，原厂红色卡钳和贯穿式尾灯非常漂亮。,[不满意],[舒适],最不满意的地方还没有发现，因为毕竟是自己一开始就看中的车，等之后发现不足的地方再来细说。,座椅柔软适中，用料扎实，值得注意是按摩、通风和加热的功能设计特别贴心，平时累的时候，按摩按摩感觉很不错。,[外观],[操控],外观时尚，辨识度高，车身做工挺好，漆水很亮，底盘也结实，避震效果非常不错，值得一提的是车灯设计，不突兀，并且夜晚光线很足，还可以根据环境自动调节。,操作起来方便，而且还支持多种模式，经济、舒适、运动、弹射，不过平时都是用经济模式，偶尔会开个运动或者弹射模式爽一下，同时还支持自定义模式设置，可以调整方向盘和油门踏板的力度和灵敏度，非常的方便，语音系统很灵敏，个人感觉没有实体按键好用，不过我老婆很喜欢语音控制，所以这还是看个人驾驶习惯。,[性价比],[内饰],售后服务到位，还有专门的售后群，有啥问题在群里咨询就可以，这点很方便，综合价格和车子的配置、功能来看，我觉得性价比还可以，至少我现在还没后悔过。,我买的是四驱性能版，带有全车座椅加热功能，而且前排座椅还支持通风和按摩，所以在座椅舒适及功能上，可以说是相当有诚意，我个人包括家里人都很满意，还有128色的氛围灯，还可以跟着音乐的律动而变化，比较意外的一点是，门上的灯带是带开门警示功能的，如果是有车从旁边经过，它会变成红色的，算是个小惊喜吧。,[续航],动力相当可以，4.6秒的百公里不是盖的，尤其是绿灯起步，只要舍得踩，绝对不会让你失望，高速上时速超过110，踩油门依旧动力充足，这点必须点赞。,,[空间],,空间不算很大，但是家用足够，主要受溜背造型的影响，毕竟鱼和熊掌不可兼得，但是后备箱很平整，开口大，放东西方便。,[动力],动力相当可以，4.6秒的百公里不是盖的，尤其是绿灯起步，只要舍得踩，绝对不会让你失望，高速上时速超过110，踩油门依旧动力充足，这点必须点赞。,https://newcar.xcar.com.cn/5440/review/comment-430639.html,展开全部
"
    发表于  2022-07    

            
    
    
",xuser1080859,https://image1.xcarimg.com/attachments/my/1/07/08/592_120.jpg,白银长老,4.75,外观,5,内饰,4,续航,5,空间,5,舒适,4,动力,5,操控,5,性价比,5,购入信息,爱车车型,https://newcar.xcar.com.cn/m64501/,2022款问界M5增程四驱至臻版,购入时间,2022/6/1,购车地点, [山东省],裸车价格,28.88万  (厂商指导价 28.88万),续航里程,7.6km,购入用途,上班,购物,接送小孩,,爱车简评,简单大气的外观和高科技的内饰是我最满意的。首先，问界M5外观设计简洁大气。,实拍图片,https://img1.xcarimg.com//review/20220715/f6c7ab41678565fae2ff695c2d74562d.png-169x127.jpg,https://img1.xcarimg.com//review/20220715/c749f116457de9351a387587905ac2ab.png-169x127.jpg,爱车评价,[最满意],简单大气的外观和高科技的内饰是我最满意的。首先，问界M5外观设计简洁大气，前保险杠采用较大梯形进气格栅，格栅用条横向镀铬装饰条进行点缀，辨识度极高。车身侧面采用双腰线设计，平直搭配，既有运动气息又不失优雅！其次，内饰做得很讲究，中控座椅以及门板处使用皮质，触感相当不错，座椅填充比较饱满，舒适度很高。,[不满意],[舒适],才买了不久的车子，还在新鲜期，没有特别不满意的地方。总体来说，没什么大的问题，小细节处理的也到位。,说到舒适性，必须要说说座椅。座椅的皮质不仅手感好，而且很显高级。值得一提的是，前排座椅加热通风按摩以及腰部支撑功能一应俱全，这样舒适度高的座椅，有谁不爱呢？,[外观],[操控],外观见仁见智，有人觉得外观没什么新意而感到不屑，但我个人觉得车子造型挺酷的，前后大灯相互照应，流畅的线条，简单又大气，反正是挺符合我的审美的。,底盘用料扎实，操控性就我个人而言还是十分满意的。开了一段时间了，现在可以很轻松的上手了，非常不错。,[性价比],[内饰],价格比一般国产车要贵，比高档车要便宜，但是配置上还是物超所值，能满足本人需求！个人感觉性价比还是挺高的。,首先，车机系统用的是华为的鸿蒙系统，使用起来不卡顿也没有延迟，语音识别系统灵敏。其次，座椅配有加热通风和按摩功能，分别有三个级别，开车过程中直接语音控制，小艺可以快速识别并完成指令。,[续航],能耗方面看了很多车主的评测，自己也开了快一个月，油耗表现不错，用电的话，更加环保而且省事。重要的是，充电挺快的，而且公司就可以充电，又节省了。,,[空间],,车内整体空间表现不错，首先是座椅空间足够宽敞，本人身高173，舒适坐姿之后，后排空间也宽敞。其次是后备厢容积够大，日常出行的话，容量还是挺大的。值得注意的是车内储物能力有待改善，中央扶手箱如果有功能分区就好了。,[动力],起步平稳，动力充足，加速超级快，瞬间可将同类车远远甩到后边。我买的是至臻版，搭配的双电机拥有更强大的加速性能，动力强劲，提速随叫随到，行驶中四个车轮都能提供强大的驱动力，就像我们爬山一样，手脚并用才能攀登更陡峭的山峰，防滑和脱困效果很好。驾驶有4种模式选择，运动模式下加速推背感油然而生，而且这个模式下方向盘会变沉，至于路况反馈的路感则没那么强，整体性能还是很出色的。,https://newcar.xcar.com.cn/5440/review/comment-430638.html,展开全部
"
    发表于  2022-07    

      
        
    
    
",xuser1080925,https://image1.xcarimg.com/attachments/my/1/07/09/251_120.jpg,白银长老,4.88,外观,5,内饰,4,续航,5,空间,5,舒适,5,动力,5,操控,5,性价比,5,购入信息,爱车车型,https://newcar.xcar.com.cn/m64501/,2022款问界M5增程四驱至臻版,购入时间,2022/4/1,购车地点, [重庆市],裸车价格,22.88万  (厂商指导价 28.88万),续航里程,100km,购入用途,上班,购物,,,爱车简评,选择这款车有两个原因，第一是因为外观中意，大气简约没有过多的设计，我个人比较喜欢。,实拍图片,https://img1.xcarimg.com//review/20220715/b7bf94e3f6ae74ca7c2d14b99bb589e6.png-169x127.jpg,https://img1.xcarimg.com//review/20220715/48434102616d4655e3844c88d763aa43.png-169x127.jpg,爱车评价,[最满意],最满意的就是问界m5充满科技感的内饰以及舒适的驾驶体验。提车快两个月了，真的被问界m5搭载的鸿蒙系统震撼到了，可以说是很香。对于这个系统最大的感触就是“流畅”，车机反应灵敏，无论是打开应用还是切换应用几乎没有卡顿，用着非常顺手。其次就是驾驶感受，增程式发动机完美解决了续航里程焦虑的问题，满油满电可以行驶过千，即使跑长途也不害怕。而且动力十足，随叫随到，提速的快感没得说。,[不满意],[舒适],说实话，开了这么长的时间，没有特别不满意的地方。就是价格有点小贵，但是用车体验确实超出预期，特别是车机和动力。,我买车比较重视舒适性，这车给我的体验首先就是座椅的舒适度很高，不仅有按摩，通风等功能，而且调节起来方便，其次，车内智能系统功能丰富，科技感满满。,[外观],[操控],外观我比较喜欢，我喜欢简洁一些的风格，M5的设计就很好，也许一开始看的时候，感觉没有亮点，但是多看一阵子发现车子其实蛮漂亮的，线条流畅，而且带有一丝运动感。,车子操控简单，易上手，方向盘手感真不错，开起来很轻松。车内智能系统使用起来很方便，尤其是车道保持辅助系统对我开车帮助很大，关键还有疲劳监测，这些功能都很贴心。,[性价比],[内饰],对比了别的新能源车，这款车要颜值有颜值，要实力有实力，虽然价格不算便宜，但综合来看还是值得入手。,内饰科技味很足，尤其是华为的鸿蒙系统在应用上做的很牛，虽然现在能下载的APP不多，但背靠鸿蒙生态，相信后期也会有更多应用上车。高度智能，小艺语音助手，可以在进行连续对话，不用在每次下达指令时重复唤醒，即便是插嘴打断系统也能够识别，更重要的是它能够实现一句话布置两个任务。在我说完我有点热后，马上又说播放一首本草纲目，它能够非常准确的识别这两个指令，并同时开启空调制冷和播放音乐。一般这种一句话两个任务，在我之前开的车子上根本不能精准识别。还有一点不得不提的就是华为音响，支持15个音响带来高保真、震撼低音、智能降噪的听觉体验，在车内看视频的话，堪比电影院，效果很赞。,[续航],总体来说，油耗方面表现不错，我现在平均百公里7个多，而且基本在市区开，这个油耗我个人是比较满意的。,,[空间],,空间整体感觉很不错，5个大男人坐在里面也没有拥挤的感觉，后备箱大小也够用。,[动力],没怎么跑高速，就上下班开开，动力很OK，超车啥的轻轻松松。,javascript:;,展开全部
"
    发表于  2022-07    

      
        
    
    
",Mey雨,https://image1.xcarimg.com/attachments/my/1/07/07/875_120.jpg,白银长老,4.75,外观,5,内饰,4,续航,5,空间,5,舒适,4,动力,5,操控,5,性价比,5,购入信息,爱车车型,https://newcar.xcar.com.cn/m64501/,2022款问界M5增程四驱至臻版,购入时间,2022/3/1,购车地点, [甘肃省],裸车价格,28.88万  (厂商指导价 28.88万),续航里程,8.5km,购入用途,上班,购物,接送小孩,,爱车简评,这款车确实没有里程焦虑，一次充电可以轻松跑一百七八十公里，整体的能耗蛮好的。其次，这款车动力强劲,实拍图片,https://img1.xcarimg.com//review/20220715/8c12ff41685d26fd32b6c64db6eca0b4.png-169x127.jpg,https://img1.xcarimg.com//review/20220715/8b68049e6e247d06be11ad31c9cb1dda.png-169x127.jpg,爱车评价,[最满意],最满意的主要有三方面，首先，这款车确实没有里程焦虑，一次充电可以轻松跑一百七八十公里，整体的能耗蛮好的。其次，这款车动力强劲，带着家人，我都是开舒适模式，运动模式只开过一两次，加速感很强烈，超跑的动力。普通加速也很快，上高速几乎是瞬间就可加到80 公里，操控很顺手，再次，M5的底盘很好，不管是过弯，过减速带，过颠簸路面，这款车都能从容应对，没有拖泥带水的感觉，车身也不会有太多的上下震动，坐在车子里面感觉很平稳舒适，这一点我特别喜欢，感觉不输豪车的底盘调校。,[不满意],[舒适],提车回来之后，朋友说空间不大，其实吧，个人感觉空间足够家用，我一般开车就是自己一个人，而且，后备箱容量挺大的，上次从老家回来时，后备箱可以装下几箱子蔬菜。,悬架很舒服，座椅也不错，出去玩，非常享受驾驶的感觉。,[外观],[操控],个人感觉车子外观属于耐看型，越看越好看，放在一堆车中 也特别能打。,操控感很好，方向盘手感不错，刹车表现灵活，起步快。值得注意的是车内配置齐全，而且功能多样，智能系统让整个车充满科技感。,[性价比],[内饰],在三十万这个级别的混动车里面，M5就算不是天花板，也可以说是在第一梯队，而且价格比起一些同级别车，更具优势。,内饰设计有豪华感，但也不花哨，科技感强烈，重要的是车内乘坐的舒适性和氛围都很好，做工方面比较细腻，用料考究。很多人都说国产车内饰材料差，长年有异味，这款车除了刚开始2-3天有点味道，之后就完全感觉不到，其次，车内配置丰富，座椅的功能，内饰的氛围，以及香氛系统等，都让车内的乘坐舒适、惬意。特别提一下这款车的“小憩”功能，里面具有几种休息模式，有各自的休息时长，均是一键完成，自动调节空调、座椅、灯光等。,[续航],城区的油耗比高速要低，因为在高速上增程器需要保持较高的转速，但比起燃油车还是要省一些，所以车友朋友们只管踩，没问题的。,,[空间],,大部分情况还是一个人坐，感觉还行，就是座位边上储物空间设计的再多一点就好了。,[动力],动力方面完全不用担心，4.6S的提速，五十万以内的燃油车谁敢来战，而且支持不同的驾驶模式选择，可萌可猛，重要的是，平时上个陡坡啥的，动力充足，表现不错。,javascript:;,展开全部
"
    发表于  2022-07    

      
        
    
    
",xuser1080937,https://image1.xcarimg.com/attachments/my/1/07/09/378_120.jpg,黄金长老,4.88,外观,5,内饰,5,续航,5,空间,5,舒适,4,动力,5,操控,5,性价比,5,购入信息,爱车车型,https://newcar.xcar.com.cn/m63650/,2022款问界M5增程四驱性能版,购入时间,2022/4/1,购车地点, [贵州省],裸车价格,29.48万  (厂商指导价 29.48万),续航里程,100km,购入用途,上班,购物,,,爱车简评,作为赛力斯和华为深度合作研发的车型，一直比较关注，加上流畅的外型、典雅的内饰、出色的车机系统让我一见钟情。试驾的时候感觉更满意，动力充沛、如臂指使的操控、推背感带来的热血沸腾、以及车机系统的灵敏度等。,实拍图片,https://img1.xcarimg.com//review/20220715/4094f708632d9bd017d93ba55f9a3ddd.png-169x127.jpg,https://img1.xcarimg.com//review/20220715/582d32a63241a749a98d6aa09b4161a4.png-169x127.jpg,爱车评价,[最满意],最满意的还是舒适感，底盘很结实，过坑洼的地方感觉避震很好，空间足够，还有就是动力很足，上坡不吃力，加速顺畅。,[不满意],[舒适],没有优惠，讲真，是一点都没有，虽然服务不错，但是在价格上咬死不松口，最后除了送了点礼品之外，就啥也没有了。,整车舒适性还算可以，全车采用人体工程学座椅设计，对身体的各个部位支撑都挺好的，特别是长时间开车，不容易感到身体疲劳，而且都采用的真皮面料，手感非常的好，坐起来也非常的舒适，前排还配有座椅通风功能，非常实用，特别是夏季用车，减少皮座椅烫屁股的尴尬，当然全车座椅加热功能只能到冬天才能感受了，相信也不会让我失望的。,[外观],[操控],外观大气，车漆很亮，做工没话说，钣金缝隙很小，不粗糙，车灯也不突兀，光线很足，可以根据环境自动调节。,不管是高速超车还是红绿灯起步，方向盘操控感精准稳定，2吨多的车身重量，低速过一般的烂路时，感觉车身很稳，没有上下弹跳或者左右摆动的感觉，不管是开车还是坐车，都很舒服。前面也说过这台车的动力非常充足，跑起高速来毫不费力，变线超车没有拖泥带水，非常流畅。特别是等红绿灯起步，那真的是超过路上90%的车辆，当然为了安全不建议大家弹射起步，我也是偶尔用用。由于M5采用前双叉臂悬架，后多连杆悬架，车辆在高速变道超车或过弯时，车身基本上没有侧倾，操控很稳，并且精准，泊车入库也很方便，有360全景辅助，非常好用。,[性价比],[内饰],性价比还行吧，就是没优惠，不知道是因为新车上市，还是销量好，反正就是一点价格也不少，不过售后服务到位，还有专门的售后群，有啥问题在群里咨询就可以了。,内饰整体比较简约，和外观相辅相成，属于极简风格，干净清爽。,[续航],符合预期吧，感觉还是比较省，毕竟是四驱，而且4秒几的提速，这个已经挺不错的了，总不能又要马儿跑又不给草吃吧。,,[空间],,我178的身高，感觉主驾座椅稍微有点短，后排空间倒是很大，车内储物格不少，在空间利用率方面看来还是用了心的，后备厢还可以，放上三四个行李箱没问题。,[动力],动力强劲，5秒内的百公里加速足以应付路上各种超车，买车到现在大多都是运动模式在开，买这车除了续航外，动力不也是我们追求的吗，提车后开过一次高速，全程200km 不到，高速上超别人一点都不在话下，再加上自适应巡航，开车真心省力了不少。,javascript:;,展开全部
"
    发表于  2022-07    

            
    
    
",你别吃宝剑,https://image1.xcarimg.com/attachments/my/1/07/07/816_120.jpg,黄金长老,4.75,外观,5,内饰,4,续航,5,空间,5,舒适,4,动力,5,操控,5,性价比,5,购入信息,爱车车型,https://newcar.xcar.com.cn/m63650/,2022款问界M5增程四驱性能版,购入时间,2022/4/1,购车地点, [宁夏省],裸车价格,29.48万  (厂商指导价 29.48万),续航里程,180km,购入用途,上班,购物,接送小孩,,爱车简评,鸿蒙的车机系统，操作起来十分顺滑，真的是一点都不带卡顿的，流畅度十足，反应特别特别快,实拍图片,https://img1.xcarimg.com//review/20220715/14c2871f33758a098888f3e108289a1d.png-169x127.jpg,https://img1.xcarimg.com//review/20220715/d47e5cb77a6fd8dfca8389bd73b07d3e.png-169x127.jpg,爱车评价,[最满意],鸿蒙的车机系统，操作起来十分顺滑，真的是一点都不带卡顿的，流畅度十足，反应特别特别快，还有小艺语音助手，识别度非常的精准，下达的指令除了快，还很准，第一次感叹车子也能做得这么智能。,[不满意],[舒适],有一点我不是太满意，不过也能接受，那就是我感觉方向盘回馈信息不是太清晰。特别是倒车入库时，转几把方向后再回轮感觉不到轮胎角度是否回正，虽然配合着M5虚拟的全透明底盘，看一眼中控屏就清楚轮胎的位置，但还是有一点别扭。,车内基本上没有异味，座椅有通风按摩加热功能，非常的舒服，还有PM2.5过滤系统，能保持车内空气的新鲜，加上不错的音质，开车途中不要太爽。,[外观],[操控],整车外观我感觉设计的还是比较中肯的，看起来比较简洁，但又不失时尚气息，前大灯采用的是现在流行的矩阵式设计，进气格栅除了镀铬饰条外，没有特别复杂的设计，这点挺好，车身侧面整体线条看着很流畅，车尾部的亮点非贯穿式尾灯莫属了，夜间点亮标识度高，也很好看。,方向盘操控轻便自如，多功能按键很清晰，方便操作，四驱启动很稳，加速情况下推背感明显，同时过弯很稳定，智能泊车经常用，感觉科目二的倒车入库白学了，现在是越来越懒。,[性价比],[内饰],最重要的还是自己喜欢，M5给了我想要的驾驶感和品质感，混动车型让它不再局限于续航焦虑，外观颜值和内饰品质同时在线，鸿蒙智能系统科技感十足，虽然我不是汽车发烧友，但是这些配置还是非常良心的，买车期间也对比了很多车型，这个车无论是从同级别还是同配置里来讲，都还是很有优势。,车机系统就不用说了，这个是这辆车的亮点之一，我比较满意的是这车的内饰设计和用料，处处透着质感，加上一个超大的全景天幕，还是很有豪车氛围的，老婆也说这个车是她开的车里面味道最小的，加上香薰系统，完美。,[续航],续航还是挺不错的，显示的是7.2升，没有实测过，满油满电跑一千公里应该没问题，这也是我选择这车的主要原因之一。,,[空间],,整车空间还是蛮大的，尤其是后排，一直担心自己个子高，前排开车要往后调座椅会影响到后排的舒适性，结果全然不会，后背箱空间更是绰绰有余，以后外出带露营的东西，肯定没问题。副驾驶有扶手箱，中间操控台还有隐藏空间，所以我对空间是一整个的满意。,[动力],舒适模式反响倒是中规中矩，运动模式这个油门只要敢给就有，推背感很强，高速下也能明显的加速。,https://newcar.xcar.com.cn/5440/review/comment-430634.html,展开全部
"
    发表于  2022-07    

      
        
    
    
",太阳系欧美,https://image1.xcarimg.com/attachments/my/1/07/09/349_120.jpg,黄金长老,4.75,外观,5,内饰,4,续航,5,空间,5,舒适,4,动力,5,操控,5,性价比,5,购入信息,爱车车型,https://newcar.xcar.com.cn/m63650/,2022款问界M5增程四驱性能版,购入时间,2022/6/1,购车地点, [山东省],裸车价格,29.48万  (厂商指导价 29.48万),续航里程,180km,购入用途,上班,购物,接送小孩,,爱车简评,很耐看越看越漂亮，内饰简洁高级，智能语音是真的不错，车机极致丝滑,实拍图片,https://img1.xcarimg.com//review/20220715/2be9628951bf4c11fbe0fceb7d70ec50.png-169x127.jpg,https://img1.xcarimg.com//review/20220715/2881087e87e3865db08ac47d9b90fb25.png-169x127.jpg,爱车评价,[最满意],外观是我的菜，很耐看越看越漂亮，内饰简洁高级，智能语音是真的不错，车机极致丝滑，一分钟内可以连续准确无误的执行6条语音指令，而且，音响效果巨好，配合优秀的隔音，简直就是移动音乐厅+移动影院。,[不满意],[舒适],可能是因为混动系统过于占空间，所以这台车如果与同尺寸的燃油车相比较的话，储物空间有点小。后备箱对于我们全家4口出行的话只能说够用。估计是考虑美观或是风阻，车顶没有行李架，也没办法拓展装载空间了。但总体来说，各方面还是可以接受的。,新车时也无任何异味，中控屏实时显示车内PM2.5值；座椅通风和加热都非常给力，尤其要点赞的是前排主副驾都有按摩功能，好几次有同事上车后我都要让他们体验一下，目前好多车辆还没舍得装上这一实用配置，或者只有所谓的豪车高配才能享受得到。值得一提的是，车内隔音效果很棒，不仅前后车窗都是双层夹胶玻璃，而且厂家还在车门接合处加装了隔音条，既增强了包裹性、隔音性还阻挡了灰尘，非常贴心。总之，车子舒适度很高。,[外观],[操控],外观线条流畅，饱满圆润，属于耐看型，前边日间行车灯也很漂亮，而且远看近看都很美观。,方向盘比我之前的车轻多了，开起来完全不像一台2.3吨的车，高速会自动变重，开起来让人放心。其余内部设备操控起来轻松快捷，而且简单方便。,[性价比],[内饰],个人感觉车子性价比高，同样的配置，同样的价格找不到比这更好的了。而且，现在国货更新换代，不断发展，相信咱国货有一个好的发展前景。,首先，座椅材质不错，而且功能也多，座椅通风加热以及按摩功能，谁用都说好。其次，40W手机无线充电，还有手机散热口。·再者就是，刹车很好，做工扎实，底盘调教很不错，一试驾便知道。值得注意的是，车内配置齐全，行车辅助系统，车道保持，主动刹车应有尽有。,[续航],日常使用动力说给就给，纯电跑下来城市道路百公里19度。充电：为了保护电池，每次只充到90%。小区慢充，从30%充到90%，3个半小时。续航里程：提车第一天去上牌加办事，城市道路100多公里，纯电足够使用。全程开按摩、座椅加热、听歌，使用成本很低。,,[空间],,"轴距够长，后排空间足够宽裕，后备厢容积：后备箱还行，日常家用放5,6个行李箱没问题。",[动力],4秒级的加速，用料十足的底盘，加速起来真的是随心所欲，弹射模式更像是坐过山车，开车的感觉超爽。,javascript:;,展开全部
"
    发表于  2022-07    

      
        
    
    
",的小猫f1s2,https://image1.xcarimg.com/attachments/my/1/07/08/573_120.jpg,黄金长老,4.75,外观,5,内饰,4,续航,5,空间,5,舒适,4,动力,5,操控,5,性价比,5,购入信息,爱车车型,https://newcar.xcar.com.cn/m63650/,2022款问界M5增程四驱性能版,购入时间,2022/6/1,购车地点, [河南省],裸车价格,29.48万  (厂商指导价 29.48万),续航里程,180km,购入用途,上班,购物,接送小孩,,爱车简评,出色的车机操作，几乎见过我这辆车的朋友都会说这车机流畅，对于他们而言，能够无障碍使用，学习成本低,实拍图片,https://img1.xcarimg.com//review/20220715/e0f9c369df4465d985e5f19139243d3e.png-169x127.jpg,https://img1.xcarimg.com//review/20220715/ee1ad20116af3b7b8f1d1ff159c55dd9.png-169x127.jpg,爱车评价,[最满意],提车快一个月，经历了一些小磨蹭后，终于算是对这车有了一定了解，最满意的地方其实很多，依次来说说吧。首先是出色的车机操作，几乎见过我这辆车的朋友都会说这车机流畅，对于他们而言，能够无障碍使用，学习成本低，可以看出华为团队对于系统逻辑的领悟。其次是车载音响，几乎能够给人一种耳目一新的快感，音响的震动感在驾驶过程只能说很爽。当然好音响必须去配合好音源，也需要华为团队更多去开发歌曲app软件，最后是驾驶，之所以把驾驶写在最后是因为一辆车的硬件部分能够做到80分90分是一件很微不足道的事情，但是如何在90的基础上去写更高分数，华为和赛力斯团队应该算是做到了，4.8s的提速对于我日常上班真的帮助很大，尤其是等绿灯的时候，蹭的一下领先其他车子半个车身，随后就是其他车子望尘莫及的时候了，其次是各类操作很灵敏，我几乎很少去自己停车了，全得益于这车的自动泊车功能。,[不满意],[舒适],说句实话，没什么特别不满意的地方，有人说空间不够大，但对于我来说足够了。,座椅非常棒，有加热按摩通风，非常爽，车内静音效果也很好，加上音质超棒的音响，让开车变成一种享受。,[外观],[操控],外观时尚大气，让人一眼就看中了，酷炫的造型，流畅的线条，这样的车，开出去很有范。,操控没难度，即便你是新手，也不用担心。自动泊车入位要给大大的好评，比理想和小鹏都更好用。,[性价比],[内饰],性价比可就要看个人的喜好了，同价位里我认为是无敌了。,内饰的设计简洁干练，搭配高档的用料，很有高级感，尤其到了晚上，氛围灯更是将内饰的高级感提高了不止一筹。,[续航],我对能耗不是特别敏感，买增程式的意义不就是不用担心没电嘛。40度电能开180km，跟理想差不多，发电机热效率比理想高好多，所以能耗这部分肯定是可以满意了。,,[空间],,前后排空间足够宽敞，后备箱容量也足够大，就是车内储物空间一般，但希望多设计些，哈哈，因为我想放些小零食。,[动力],说到动力的话，就绕不开几个模式，个人感觉节能模式的动力比我的1.4T途安好一点儿（适合我太太），舒适模式相当于2.0T的车，已经能够满足正常舒服的使用。运动模式下车子变得非常轻盈，感觉只要你想要随时给你用不完的力气，这段时间开下来街上基本没看在到比我快的，可能人家都让着我吧。至于弹射模式嘛，我还没敢试。,javascript:;,展开全部
"
    发表于  2022-07    

            
    
    
",xuser1080983,https://image1.xcarimg.com/attachments/my/1/07/09/830_120.jpg,黄金长老,4.75,外观,5,内饰,5,续航,5,空间,5,舒适,4,动力,5,操控,4,性价比,5,购入信息,爱车车型,https://newcar.xcar.com.cn/m63649/,2022款问界M5增程后驱标准版,购入时间,2022/5/1,购车地点, [重庆市],裸车价格,25.98万  (厂商指导价 25.98万),续航里程,100km,爱车简评,,,,,爱车简评,这车各方面性能都还不错，主要是自动泊车功能我很喜欢，能省事干嘛还要自己费力；还有自定义车位，这个功能也是独一份，没有车位线或者车位线不清楚的地方也能停，真的是大爱了。,实拍图片,https://img1.xcarimg.com//review/20220715/ec0bc574e40d4e5a398c597f9b562387.png-169x127.jpg,https://img1.xcarimg.com//review/20220715/8b5c3da580562f0bbe86f8e8c587a143.png-169x127.jpg,爱车评价,[最满意],看起来就感觉很精致、大气，内饰什么的有质感，用料也很实在，尤其是座椅按摩相当可以，上一天班坐在车里，真的有放松到，空调什么的还有车机系统真的是试驾这么多车来说最满意的一款车了，外观内饰都很良心。,[不满意],[舒适],感觉方向盘的手感不是很舒服，也可能是还不习惯。,这个车的舒适性是真的好，最喜欢的是座椅通风、座椅按摩，而且材质用料也不错，新车的气味小，我只开了几天基本上就没有明显的气味了，还有空调制冷快，特别喜欢他的扫风模式，有自然风的感觉，左右两分区空调，后排中间有出风口，相当可以了。,[外观],[操控],这款车感觉属于耐看型，我真是越看越喜欢，尤其是侧面，实车比照片好看多了，感觉每款颜色都不错，就是试驾的松霜绿不是很喜欢，白色和黑色一如既往地经典好看，感觉还挺有设计感的。,还可以，主要是在路况不好的时候，底盘的行驶质感上有些不是那么完美；整体开起来还是很灵活的，不会沉重，掉头转弯什么的也很轻巧。,[性价比],[内饰],我的是后驱车，不到27万的价格，也可以了，就是优惠不大；但综合车子的性能来看很值得，坐起来相当舒适，开起来同样如此。,当然不只是外观一眼相中，内饰也同样如此，简约风大爱，看起来也很高端大气上档次，做工很细致。,[续航],平时上下班电耗在17左右，纯电续航里程比较准，满电显示续航200公里，我平常使用自动模式，电量剩下30%的时候，增程器启动。平时油箱不满，备着一点就可以了，这可比燃油车节省。,,[空间],,空间我感觉可以的，有人反映说后排空间小，我是没这个感觉的，家里人坐着也都可以，可能个子过高会有点影响吧，后排的坐垫可能有点短，但也没啥影响，这个价位来说空间也是够了，出去旅行什么的足够了。,[动力],本来看车时还在担心后驱版动力会不会不够，毕竟少了个前电机，真正等到提了车之后才发现，真的够用了。而且是只要踩油门，动力立马响应；都不用开运动模式，仅仅是舒适模式纯电优先动力都是随踩随有，50的时候深踩油门立马就能加速到90，更不用提运动模式了，也不咋费油动力还强劲。,https://newcar.xcar.com.cn/5440/review/comment-430629.html,展开全部
"
    发表于  2022-07    

            
    
    
",awf社区,https://image1.xcarimg.com/attachments/my/1/07/09/965_120.jpg,黄金长老,4.75,外观,5,内饰,4,续航,5,空间,5,舒适,4,动力,5,操控,5,性价比,5,购入信息,爱车车型,https://newcar.xcar.com.cn/m63649/,2022款问界M5增程后驱标准版,购入时间,2022/5/1,购车地点, [重庆市],裸车价格,25.98万  (厂商指导价 25.98万),续航里程,200km,购入用途,上班,购物,接送小孩,,爱车简评,新能源车，M5能给我带来想要纯电起飞的驾驶感，又不用担心续航问题，外观内饰颜值同时在线，车机智能,实拍图片,https://img1.xcarimg.com//review/20220715/95e7273e885b199fd462c494b35f2303.png-169x127.jpg,https://img1.xcarimg.com//review/20220715/8326fc819aec9ed07272277b3fffbb2f.png-169x127.jpg,爱车评价,[最满意],先说说我最满意的地方，那就是车机，不接受任何反驳，车机使用很流畅，因为是电车的缘故而且玻璃也是双重隔音的所以基本上不会吵，比燃油车声音小太多了，倒车入库这些都可以自动，远程控制也很香，现在天气热，提前开好空调，上车的时候就舒服多了。,[不满意],[舒适],方向盘很灵活，可以自己选力度，后驱在急加速的时候有那么一丢丢打滑，这是后驱车的通病，还有就是全车座椅有些偏短，如果再长个3-5厘米会有更好的支撑感，后排座椅可以再向内倾斜一下，形成包裹最好了。,除了短了点，座椅的软硬度适中，可以多向调节，还支持座椅通风、加热，特别是这个通风功能，现在真是太实用了，遗憾的是我这款没有座椅按摩，另外悬挂的滤震效果非常好，过沟压坎都不会让人有不舒服的感觉。,[外观],[操控],外观的确没的说，就是好看，喜欢这个调调，实车比图片更好看。,方向盘可以自己调，运动或舒适，运动的话方向盘要紧一点这是肯定的，增加手感；还有这个自动泊车我要说两句，是真好用，它比我停得好，并且支持自定义选择停车位。,[性价比],[内饰],良心的配置用料配合上二十来万的价格，也没有明显短板，可以说是很有竞争力！增程式的技术也让我完全没有里程焦虑，我觉得在这个价位，性价比十足。,作为新兴品牌的新能源汽车，问界M5的内饰没有强调个性的张扬，而是显得沉稳、大气、高级，皮革和木纹营造出很高的品质感，科技只是这份品质的补充，而不是喧宾夺主的炫技。全车为电子设备供电都非常方便，整体做工细腻，没有异味，隔音非常优秀，关上门以后，车内车外仿佛两个世界。原车自带PM2.5过滤和3种味道香氛，十多个音响，舒适之余，都可以说是享受了。,[续航],油耗还是很良心的，我买回来到现在开了有一千多公里，基本就是在7个油左右，平时大多时候是在市区开，路况一般，畅通、堵车的情况都有，对于这个油耗我个人还是比较满意。,,[空间],,乘坐空间对我来说还可以，储物空间略小但也够用，这个尺寸城市停车比较方便，不过如果储物格这些能再稍微大一点就好了。,[动力],动力对我来说是还是比较满意的，虽然不是四驱版，但是日常驾驶完全不担心超车这些，动力储备十分够用，深踩油门提速感很强，还有多种驾驶模式可选，实现不同模式下不同的动力输出比例，总体来说是和纯电动汽车一样的动力，但又没有续航焦虑。,https://newcar.xcar.com.cn/5440/review/comment-430628.html,展开全部
"
    发表于  2022-07    

            
    
    
",司机yanny,https://image1.xcarimg.com/attachments/my/1/07/08/599_120.jpg,白金长老,4.75,外观,5,内饰,4,续航,5,空间,5,舒适,4,动力,5,操控,5,性价比,5,购入信息,爱车车型,https://newcar.xcar.com.cn/m63649/,2022款问界M5增程后驱标准版,购入时间,2022/5/1,购车地点, [重庆市],裸车价格,25.98万  (厂商指导价 25.98万),续航里程,180km,购入用途,上班,购物,接送小孩,,爱车简评,车子的外观就很喜欢，流线型的线条加上圆润的设计风格，没有那么锋芒毕露的感觉，属于低调但又不缺乏时尚的语言，车内舒适性极佳。,实拍图片,https://img1.xcarimg.com//review/20220714/257a81442854449595e9e7c98b5ec5ef.png-169x127.jpg,https://img1.xcarimg.com//review/20220714/70bc9a9177c70ff3c36d2bd2aa3db1fa.png-169x127.jpg,爱车评价,[最满意],首先对车子的外观就很喜欢，流线型的线条加上圆润的设计风格，没有那么锋芒毕露的感觉，属于低调但又不缺乏时尚的语言，车内舒适性极佳，特别是座椅，坐上去整体的包裹感很强，科技氛围也营造得很浓郁，除了个别的实体按键外，大部分功能都集成到了中控大屏上面，通过语音直接控制，可以说辅助相当到位。,[不满意],[舒适],首次启动呼唤小艺响应有点慢，后来用着感觉又挺快的，不知道是什么问题，另外部分车机小功能无法用户自定义，希望后期能够优化。,我个人有敏感性鼻炎，对内饰用料比较在意，问界M5做得还可以，内饰没什么异味，PM2.5的过滤也让人安心，空调表现很给力，制冷效果很快，座椅的话支撑高低、腰部的调节，总能找到一个满意的位置。,[外观],[操控],外观好不好看是一个很主观的事，纯属见仁见智，客观来说问界M5车身设计真的很运动，日行灯和尾灯在突出现代感的同时保持了一定的沉稳和克制，不像其他新兴品牌那样张扬，我喜欢。,自带能量回收功能、油门踏板灵敏度、方向盘力度都有不同，并且支持自定义，可以对这几项按自己喜好进行设置，个人感觉，在驾驶操控方面，M5考虑得还是很全面。,[性价比],[内饰],虽然买的是最低配，但是配置不差，不得不说M5还是有良心，四款车型在绝大部分配置上面都是标配，对于这点我是很满意的。,用料实在，设计也完全get到我的点，个人喜欢简约而不简单，低调大气又豪华的感觉，15.6英寸的中控大屏，科技感拉满，屏幕的触感佳，顺滑程度不比手机差，特别是屏幕画质很给力，至于音响也还不错，上下班听一下音乐，也是一种享受。,[续航],百公里7.3L左右，虽然可以当纯电车使用，但我还是不准备这样，一个是充电不方便，家里和单位附近都没有充电桩，还有我经常需要外出，单靠纯电还是不方便，还不如直接用增程，反正油耗也还算经济。,,[空间],,M5的空间在这个尺寸的SUV中算可以的，前后排都不拥挤，可以满足一般家用，前排两个座位调整好空间，后排还可以轻松坐下三个人，而且还能保证一拳以上的膝部空间，够用。,[动力],说起来动力的话，那肯定没毛病的，比起我以前的K3好太多，高速不经意间就是110、120了，但是只要继续踩电门，一样能够感受到动力的持续输出，平时我都只开舒适模式，因为这样不会轻点电门就立马向前冲，毕竟城市比较堵车，一不小心怼上去就不好了，哈哈~，运动模式加速很快，习惯高速或者快速路上用，也不怕跟不上节奏。,https://newcar.xcar.com.cn/5440/review/comment-430625.html,展开全部
"
    发表于  2022-07    

            
    
    
",xuser1080993,https://image1.xcarimg.com/attachments/my/1/07/09/931_120.jpg,青铜元老,4.88,外观,5,内饰,5,续航,5,空间,5,舒适,5,动力,5,操控,4,性价比,5,购入信息,爱车车型,https://newcar.xcar.com.cn/m63650/,2022款问界M5增程四驱性能版,购入时间,2022/5/1,购车地点, [上海市],裸车价格,29.48万  (厂商指导价 29.48万),续航里程,100km,购入用途,上班,购物,,,爱车简评,我算是华为的忠实粉丝，知道赛力斯和华为联合出了新能源车之后，刚好自己家想要换车，就去瞧瞧，说实话。,实拍图片,https://img1.xcarimg.com//review/20220714/020ebe1f93fd213173de52b84e45f138.png-169x127.jpg,https://img1.xcarimg.com//review/20220714/e48ac07119cbab6cba5ab100bc1f648d.png-169x127.jpg,爱车评价,[最满意],最满意就是外观和动力，从油车换到新能源，终于告别踩油门响应慢的问题，现在是一点油门就出发了，起步是真快。当初选了陶瓷白，太美了，特别是停在雨中的时候，内饰最亮眼的就是一块带着鸿蒙系统的超大屏，买车之前试驾过很多车子的系统，只有鸿蒙车机是我和老婆都满意的，操作方式和手机一样，流畅度也很好，很容易就上手，都不用熟悉的时间，还有语音控制，真的实现了可见就可说，最重要的是老婆孩子都很喜欢，至于车内的配置就更加不用说了，真皮座椅，座椅通风和按摩全部都有，油电混合增程式的设计，市区日常代步用电就行，就一个电费钱，省~！偶尔出远门开高速，还能用油来发电，没有续航的顾虑，实用性强。,[不满意],[舒适],总体来说都挺让人满意的，就是它的中控台下边的那个翻盖不知道是杯架还是眼镜盒的地方，感觉设计的有些不合理，我放大物件的话，他翻盖打开不好看，我放眼镜的话，感觉有点多余，实在是不知道放个什么好。,前排座椅加热通风按摩，可以说超级实用，而且有档次，坐过我车的朋友都这么认为，另外空调制冷很快，还有车身隔音做的不错，全车双层夹胶玻璃的效果很好。,[外观],[操控],外观简约大气，朋友说像保时捷，线条流畅，值得一提的是车标设计新颖独特，上档次。,操控简单，易上手，个人感触比较深的就是自动泊车入位，当初选M5也有一部分是因为它的可视化底盘和非标车位自动泊车，老婆就喜欢这个。,[性价比],[内饰],开了多年的车，同等价位增程式车型，我觉得M5最牛，性价比高。,内饰我就不多说了，用料扎实很有诚意，细节处理到位，加上高科技配置的加成，高级感十足。,[续航],续航不错，跑1000多公里没问题，充电也非常方便，平时上下班可以做到2天1充，油耗的话没有仔细算过，显示的是百公里8个的样子。,,[空间],,空间感觉还可以，前后排的空间足够，不会感觉挤，我身高178，体重150斤的体格坐前后排都不受影响，再有就是，后备箱容量够用，而且还能拓展，拉一些大件的东西也能够装的下，值得注意的是，车内储物能力不错。,[动力],节能模式，动力比较一般，舒适模式也是中规中矩，但适合日常使用，运动模式这个油门只要敢给就有，推背感很强，高速下也能感受到明显的加速。,https://newcar.xcar.com.cn/5440/review/comment-430624.html,展开全部
"
    发表于  2022-07    

      
        
    
    
",今日份快乐,https://image1.xcarimg.com/attachments/my/1/93/77/970_120.jpg,三星会员,4.38,外观,5,内饰,4,续航,5,空间,3,舒适,5,动力,5,操控,4,性价比,4,购入信息,爱车车型,https://newcar.xcar.com.cn/m63649/,2022款问界M5增程后驱标准版,购入时间,2021/8/10,购车地点, [浙江省],裸车价格,27.5万  (厂商指导价 25.98万),续航里程,6.2km,购入用途,上班,购物,,,爱车简评,一开始我就是奔着他续航能力而来，别的车有过考虑，比较之下还是选择了它，在此用车一个月以来，发现优点缺点都有，还好在接受范围之内，总体较好。,实拍图片,https://image.xcar.com.cn/attachments/a/day_220712/2022071204_016f1b572c76503912b9Pjo4FdhIwyai.jpg-169x127.jpg,https://image.xcar.com.cn/attachments/a/day_220712/2022071204_cea8c91bd748fe7118a8q2qo7CBn1Ctc.jpg-169x127.jpg,爱车评价,[最满意],做工质感很好，配置都很高档，最重要的一点，科技感很足,[不满意],[舒适],储物空间真的是个很大的问题，中央扶手的设计也不算特别合理，杯架只有一个，那个盖子打开里面实际放不了东西，而且那个盖子不能靠，会按压打开，操作车机的时候经常会误靠。m7的中央扶手就做的很高，很好，不过这点应该在现款的m5里面不会改变了。,开着舒适感十足，有三个模式，运动模式开起来起步很快，有种开保时捷的错感，车有减风阻，开起来说实话就是稳如老狗，起步减速很平缓，看自己想选啥模式了。,[外观],[操控],外观很耐看，方向盘是那种比较轻的，没有笨重的感觉，外观看起来也很大气,方向盘较轻，行驶方面变道时后方有车会滴滴提醒，非常贴心，还有自动泊车，这个真的很省心。,[性价比],[内饰],性价比算比较高的了，有有些豪车才有的功能，可以体验到,有的车有那种塑料感，这个没有，内饰空间还行，也挺大的，不过前排空间相对有点小,[续航],续航很长，就是冲着m5的续航来的，这点不用担心，纯电优先跑，我是上下班跑，一点不担心，加了两次油，根本不担心把油跑完,,[空间],,空间较大，前排空间较小，前排储物盒空间是真的小，整体来说很大，只有前排这一个不足。,[动力],三个模式，节能模式和舒适模式开起来很稳，起步和减速比较平缓，没有一冲一冲的感觉，运动模式起步快，动力足，真的攻守兼备。,javascript:;,展开全部
