字段1_文本,字段2,字段3
黔北刁民,2024-02-28 首次发表,"
            
                
                    5000km
                    
                    行驶里程
                
                
                    5.8L
                    百公里油耗
                
                
                
                
                
                
                    20.0kWh
                    冬季电耗
                
                
                
                
                
                
                     63公里
                     冬季续航
                
                

                
                
                    20.00万
                    裸车购买价
                
                
                    2023-12
                    购买时间
                
                
                    遵义
                    购买地点
                
            
            
    
        
            
        
        
            
        
    
    

    
        $(document).ready(function () {
            var koubeiid = 5303016;

        });

    


            
                最满意
                车辆外观很漂亮，驾乘感受也很好，提速快，底盘有质感，亏电油耗低。
            
            
                最不满意
                原车轮胎胎噪声音有点大。平滑的路面不影响，比较粗糙的路面胎噪声大。
            

            

    空间
        
            
            
        
        5
    
    
    我身高1.72米，坐到后排很宽敞，后排座椅还可以前后移动和靠背调节，赞。其它的储物空间也足够。CRV是空间魔术大师，名不虚传。很满意。
    
    
    
    4.7米长的车身，空间肯定不会差。
    


    
    
    尾箱开口低，装载空间大
    


    
    
    后门开启角度达90度，上下车很方便。
    


    






                

    驾驶感受
        
            
            
        
        5
    
    
    由于有电机的加持，起步很轻快，加速动力随叫随到，超车很轻松，转急弯很稳，基本没有侧倾，底盘支撑性很好，开空调一点也不影响动力，高速路上超车动力也是随叫随到，这个混动系统逻辑性很好，发动机介入完全没有感觉，刹车很线性，完全没有突兀感，制动效果也很不错，唯一方向机有一点重，习惯了到也没事。插混还带悬挂软硬调节，很大程度上提升了驾乘质感，大大的福利。
    
    
    
    2.0阿特金森发动机，亏电时动力也足够，本田发动机名不虚传。
    


    
    
    刹车效果很好，双活塞卡钳刹车很线性，100-0公里制动距离37米多，秒杀好多同级车。关键时刻能救命。
    


    
    
    前悬挂下面带二个大大的减震胶套，配合电磁减震技术，行车质感大大提升。
    


    






            

            




            

    续航
        
            
            
        
        5
    
    
    满电满油800多公里以上，实测可以达到900公里，完全没有了续航焦虑。而且纯电续航里程比厂家标的73公里还要高，不玩虚标，赞一个。唯一缺点是只有慢充，有家用充电桩到是不影响。充满电一般需要2.5小时。优点是厂家包充电桩安装，距离30米以内自己不用花一分钱，节约几大千。
    
    
    
    市区冬季实测亏电情况的油耗不会超过6个，很满意。
    


    
    
    厂家送的充电桩看起来质量很不错，安装人员安装得也很规范。
    


    
    
    自己还买了一个外箱，更加安全。
    


    





            
            

    外观
        
            
            
        
        5
    
    
    我选的黑色，沉稳大气，线条流畅，2023款比之前的外观有了很大的进步，更加年轻时尚，动感。尾灯比之前的造型也漂亮很多。车身质感也很好。
    
    
    
    车头年轻时尚，与老款相比，改变很大。
    


    
    
    各个角度都很耐看。
    


    
    
    帅气的尾灯，辨识度很高。
    


    





            

    内饰
        
            
            
        
        5
    
    
    车内座椅座垫够长，长途驾驶不感觉累，内饰用料一般，本田向来不重视内饰的设计和用料，家用确实不影响啥，空调效果不错，很短时间内就有明显的感觉，空间是确实大，后排乘坐空间足够。
    
    
    
    其实中控看起来还可以，简单大方。也不是啥豪华车，感觉不错啦。
    


    
    
    还带可开启全景天窗，面积也足够大。
    


    
    
    按键式换档，用习惯挺好。
    


    





            

    性价比
        
            
            
        
        5
    
    
    买这车当时就看中它的性价比，官降2万，4S优惠3万多，等于优惠了差不多6万，一二年前这个价格想都不敢想，关键是这车的发动机很好，本田的发动机口碑很好，省油耐用，用着心里踏实，后期保养费用也不高，烧的是92号粗粮，省钱省心。
    
    
    
    后排也带出风口和充电接口，这些都是比较实用的配置。
    


    
    
    R18的轮圈，可是比以前的大了一圈，还做了熏黑处理，帅。
    


    
    
    底盘也很规整，比燃油版的底盘做得好很多。
    


    





            
                

    智能化
        
            
            
        
        5
    
    
    带L2辅助驾驶，碰撞预警，车道偏离预警等都很好用，提示及时，不习惯的可以手动关闭，车机流畅度也很好，带全速自适应巡航，实测效果很好，倒车影像也很清晰，也带OTA升级，这个不错，后期地图，系统等有什么需要升级的方便很多，唯一的是车载导航基本不能用，误差太大，只能自己手机导航，但可以用数据连接手机使用车载的百度地图。
    
    
    
    最后大鹏展翅一个，祝车友们2024心想事成。
    


    
    
    另外，这车全系没有行李架，批评一个，自己花钱安装了一套。
    


    




            

            



        "
lw维啊,2024-03-05 首次发表,"
            
                
                    100km
                    
                    行驶里程
                
                
                    3.0L
                    百公里油耗
                
                
                
                
                    12.2kWh
                    春秋电耗
                
                
                
                
                
                
                    73公里
                    春秋续航
                
                
                
                

                
                
                    22.50万
                    裸车购买价
                
                
                    2024-03
                    购买时间
                
                
                    凉山
                    购买地点
                
            
            
    
    

    
        $(document).ready(function () {
            var koubeiid = 5305952;

        });

    


            
                最满意
                最满意的是可油可电，完全没有续航焦虑，前期买车贵，后期用车成本低，放心耐用。底盘质感好，很好开。
            
            
                最不满意
                胎噪较大，车内的静谧性略差，是略，满电情况下还是很安静的。
            

            

    空间
        
            
            
        
        5
    
    
    空间魔法师称号不是浪得虚名。紧凑车做出了中型车的空间
    
    
    
    
    


    






                

    驾驶感受
        
            
            
        
        5
    
    
    省油好开，动力随叫随到，加速顺滑，
    
    
        起步/加速动力
        平顺，低速电，
        
        
    
        刹车灵敏性
        加减速都很线性，加减速都很线性，加减速都很线性，
        
        
    






            

            




            

    续航
        
            
            
        
        4
    
    
    在四川这边，方便且实用。油⚡️混合动力，节省用车成本。
    
    
        表显续航准确性
        表现里程准确，
        
        
    





            
            

    外观
        
            
            
        
        5
    
    
    不太喜欢老款圆润的感觉，新款的设计一下子就长到了我的心窝上。有棱有角甚是喜欢
    
    
    
    
    


    
    
    
    


    
        车头造型
        车头设计很中庸，说不上哪里好说不上哪里不好，像是长在你心上，很耐看。
        
        
    
        车尾造型
        车尾很好看。也很实用。
        
        
    
    
    
    


    





            

    内饰
        
            
            
        
        3
    
    
    用料很好啊，并不像网上说的那么差，空调冷暖快。座椅包裹性很好。坐上去不会塌腰，支撑性很舒服。
    
    
    
    
    


    
        第二排舒适性
        第二排可以前后移动。靠背角度多角度调节真的是太爱了，座姿可以调到一个很舒服的角度，不会觉得累，后备箱空间绰绰有余。带加热，属实很贴心。
        
        
    





            

    性价比
        
            
            
        
        3
    
    
    落地下来23万多，在国产里面有很多的选择，无论是车身尺寸还是车机功能，都好很多。怎么说呢，千金难买我喜欢，在这个把车越做越大，内饰越做越豪华的主流下，坚持本心就好。千金难买我喜欢。
    
    





            
                

    智能化
        
            
            
        
        5
    
    
    智能化相较国产车而言差很多。无论是流畅度，还是功能性像是3G时代的智能手机，在5g的今天多少会显得有些简陋。车的职能就是路上跑，功能越多越是容易让驾驶者分神。不得不表扬一下本田造车的理念，我没有花里胡哨的功能，但是我注重安全。很多人说他车薄，接近两吨的车身我也不知道从哪里来的，总之千金难买我喜欢，看了他的前防撞梁，有人说他防撞梁薄，殊不知他有两个防撞梁，前面为了保护一般小的冲击，如电瓶车，试想一下如果用硬的防撞梁去和这些电瓶车对冲，车身损失倒是小了，可是人员所受的伤害就会增大很多，车值钱还是人值钱，

当车身经历了较大的冲撞，他就会越过第一层防撞梁，来到第二层全铝防撞梁，吸能的同时，油能很突入其来的能量对抗，凭心而论，本田还是很重视驾乘人员的安全保护，全系该有的气囊不会因为配置不同而增减安全配置。
    
    




            

            



        "
陈果果的老爸,2023-03-30 首次发表,"
            
                
                    
                    暂无
                    行驶里程
                
                
                
                
                
                
                
                
                
                
                
                
                

                
                
                    28.99万
                    参考价格
                
                
                    2023-03
                    探店时间
                
                
                    郑州
                    探店地点
                
            
            
    
        
            
        
    
    

    
        $(document).ready(function () {
            var koubeiid = 4886691;

        });

    


            
                新车好评
                新车的造型进行了细节上的升级，中网的造型使用了大尺寸多边型网状结构的设计，在车头的LOGO标志添加了象征新能源的蓝色来点缀还是很好看的，车内我最喜欢的就是后排座椅了不仅空间大，而且座椅靠背的可调节角度也是很大的。
            
            
                新车槽点
                纯电续航只有71公里，而且这个还不支持外放电的功能，这也让开车自驾外出少了很多的乐趣。
            

            

    空间
        
            
            
        
        5
    
    
    作为一台紧凑型SUV，车内的空间还是很大的，前排在座椅调整好坐姿后头顶还有十多公里的距离，而且坐在车里视野也是非常好。在座椅不变的情况下二排的空间那是很大，头顶的空间大概是一拳距离，腿部空间大概有二十多公里的距离，后备箱的空间表现也是相当不错的。
    
    
    
    
    


    
    
    
    


    
    
    
    


    






                

    驾驶感受
        
            
            
        
        4
    
    
    作为老牌畅销SUV，整车的驾驶质感还是非常好的，起步和加速的平顺性都是没有问题的。
    
    






            

            




            

    续航
        
            
            
        
        4
    
    
    纯电续航真的有点不尽人意，不过好在满油满电的综合续航还算不错。
    
    





            
            

    外观
        
            
            
        
        5
    
    
    车的前脸主要是在细节上有些差异，大尺寸多边型网状结构的进气格栅，在车头的LOGO标志添加了象征新能源的蓝色来点缀。这个晶耀白的车漆也是CR-V专属车漆，看上去确实很有质感。
    
    
    
    
    


    
    
    
    


    
    
    
    


    





            

    内饰
        
            
            
        
        4
    
    
    在内饰方面车内采用了10.2英寸的全液晶仪表盘和10.1英寸的中控屏，座椅采用了黑白拼接的皮质材质，坐上去的感觉稍微有点偏硬，不过后排的座椅给我很大的惊喜，座椅靠背可调节角度比较大，能够找到舒服的乘坐姿势。
    
    
    
    
    


    
    
    
    


    





            

    价格政策
        
            
            
        
        4
    
    
    就以最高配28.99万元的锐 混动e+2.0L为例，新车上市基本上没有优惠，所以这个车的落地价基本上就要30了，不过现在店里有置换补贴政策和分期政策，感兴趣的可以咨询一下当地政策。
    
    





            
                

    智能化
        
            
            
        
        5
    
    
    车上常用的智能化配置，前后雷达、360全景影像、倒车预警、自动泊车、可变悬架、HUD抬头显示、手机无线充电、ETC等这些配置在顶配车型上都是有的。
    
    
    
    
    


    




            

            



        "
徒脚走遍世界,2023-03-29 首次发表,"
            
                
                    
                    暂无
                    行驶里程
                
                
                
                
                
                
                
                
                
                
                
                
                

                
                
                    28.98万
                    参考价格
                
                
                    2023-03
                    探店时间
                
                
                    哈尔滨
                    探店地点
                
            
            
    
    

    
        $(document).ready(function () {
            var koubeiid = 4885798;

        });

    


            
                新车好评
                我是丰田荣放2.0汽油版车主，当成买车时也是最先开的本田CR-V。
但由于当时荣放优惠比较大，当时现金优惠38000元，本田那会销量应该在荣放之上，优惠10000元。
所以本着价格优势选择了荣放。
但不可否认的是CR-V的其它优势存在。
这次新款CR-V的新能源上市也是备受瞩目，我觉得给我眼前一亮的是它的外观设计，看着非常舒服，我就比较喜欢简单的外观设计，比如理想品牌。
            
            
                新车槽点
                新款CRV的缺点我认为就是价格偏高，新上市车型优惠力度比较小，在这个内卷的车市，这个价位很难有市场老百姓都会擦亮眼睛。
按照丰田荣放的插电混去对比，预计优惠到油电混的价位估计会受欢迎。
            

            

    空间
        
            
            
        
        4
    
    
    相比老款crv新能源,新款电池做了优化,这使得内部空间使用率更大了，
    
    
    
    
    


    
    
    
    


    






                

    驾驶感受
        
            
            
        
        4
    
    
    新款和老款也有了一定的升级,搭在2.0缸内直喷阿特金森循环发动机,最大功率110kw,老款是107kw,匹配高功率双电机,驱动电机最大功率是135千瓦最大扭矩335牛米,发电机功率120kw,采用宁德时代电池,纯电续航73km,这个续航指数一般般啊,热效率达到41%。急速可达193km,这一方面还是很厉害的。充电方面从原来的4小时缩短到2.5小时,其实最可观的是油箱体积的增加，有原来的26升增加到46.5升油耗。
    
    






            

            




            

    续航
        
            
            
        
        4
    
    
    内饰整体年轻的许多,方向盘的皮手感很好,关键四驱配置第二排地板也是很平整的,而且第二排座椅可以前后移动很多,而且靠背的角度移动幅度也不错,然后流媒体后视镜, HUD, AR实景导航都有,另外这个车最良心的地方是配了10个安全气囊,陡坡缓降也都有。官方百升油耗5.5L,但在北方一般实际油耗都会虚高,综合油耗在6.1L这样。
    
    





            
            

    外观
        
            
            
        
        5
    
    
    我个人比较喜欢本田的外观设计。
看起来更简单一些，而且黑色轮毂配黑色倒车镜先得更年轻，这一点要比荣放好看的多。
    
    
    
    
    


    
    
    
    


    
    
    
    


    





            

    内饰
        
            
            
        
        3
    
    
    纯黑内饰说实话很压抑，而且特别不耐脏。
而且中控的设计已经跟不上现在主流的大连屏了。
只能靠稳定和耐用来实现它最后的价值了。
这一点和荣放旗鼓相当了。
    
    
    
    
    


    
    
    
    


    
    
    
    


    





            

    价格政策
        
            
            
        
        3
    
    
    目前新车优惠2万元，订车周期3周。无赠品。
    
    





            
                

    智能化
        
            
            
        
        3
    
    
    搭在本田3.0智导互联系统,新增液晶仪表卡片钥匙和自动泊车功能,比较实用的一些配置、而且安全方面搭在360安全超感系统，而且这个crv360我发现比我的荣放360清晰度和智能性都高了很多,这一点丰田是真的很无奈啊。
    
    
    
    
    


    
    
    
    


    




            

            



        "
只爱全球车型,2023-08-31 首次发表,"
            
                
                    1680km
                    
                    行驶里程
                
                
                    3.9L
                    百公里油耗
                
                
                
                
                
                    4.3kWh
                    夏季电耗
                
                
                
                
                
                
                    75公里
                    夏季续航
                
                
                

                
                    75公里
                    冬季续航
                
                
                    23.00万
                    裸车购买价
                
                
                    2023-06
                    购买时间
                
                
                    无锡
                    购买地点
                
            
            
    
    

    
        $(document).ready(function () {
            var koubeiid = 5129940;

        });

    


            
                最满意
                才开了1600多公里，总体来说都挺满意的，我上一辆也是CRV，开了15年真的没出现过问题，所以这次换车还是考虑的CRV，别的车我看都没去看，我呢喜欢每年出去自驾游，纯电车不考虑，CRV又是全球车型，23款的插电混动外观真的太吸引我了
            
            
                最不满意
                暂时还没有不满意的地方，等再开个几千公里再来给大家汇报吧
            

            

    空间
        
            
            
        
        5
    
    
    5座空间挺宽敞的，后尾箱又宽又大，非常适合我的用途
    
    






                

    驾驶感受
        
            
            
        
        5
    
    
    动力真的很充沛的，油门提速贼快，挺满意的，谢谢大家的支持
    
    
    
    
    


    
    
    
    


    






            

            




            

    续航
        
            
            
        
        5
    
    
    续航马马虎虎吧！70多到80公里也够了，就算不够亏电油耗也低的很
    
    





            
            

    外观
        
            
            
        
        5
    
    
    买这车首先就是冲着这个外观去的，无论前面还是后面，真的越看越喜欢
    
    





            

    内饰
        
            
            
        
        5
    
    
    内饰颜色挑的全黑，另外还有一个白色，白色不喜欢，所以选的黑色
    
    





            

    性价比
        
            
            
        
        5
    
    
    还行吧，插混官降两万，4S店再优惠两万，又没有购置税，性价比超高
    
    





            
                

    智能化
        
            
            
        
        5
    
    
    用着还可以，没有其它纯电车这么花里胡哨的大电视，不过我就喜欢这样的小屏，毕竟还是专心开车为好，本人觉得大屏有安全隐患🫠
    
    




            

            



        "
donkevin,2021-03-21 首次发表,"
            
                
                    2540km
                    
                    行驶里程
                
                
                    6.2L
                    百公里油耗
                
                
                    14.4kWh
                    百公里电耗
                
                
                
                
                
                
                
                
                
                
                

                
                
                    28.88万
                    裸车购买价
                
                
                    2021-01
                    购买时间
                
                
                    广州
                    购买地点
                
            
            
    
        
            
        
        
            
        
        
            
        
        
            
        
        
            
        
    
    

    
        $(document).ready(function () {
            var koubeiid = 3545189;

        });

    


            
                最满意
                最满意的当然是我这款插电混动的CR-V的燃油经济性。充电情况下，满电能跑80多公里，市区代步出行足够用。出远门的话，油耗又很经济，不充电的情况下，百公里油耗也就是6L出头，非常省钱。
            
            
                最不满意
                没有全液晶的仪表，中控屏尺寸也不算大，内饰设计上不够新潮，还是比较偏传统的造型，没有突出新能源车的前卫。另外就是价格方面，毕竟动力系统更复杂，加入了电机和电池，成本更高了，所以价格对比同级别的汽油版本要贵一些。
            

            

    空间
        
            
            
        
        5
    
    
    本田的车，没有哪辆空间小的，我的CR-V也是一样，后排很宽敞。上个礼拜才带着几个同事，公司一起自驾去团建，车上坐满5个成年男性一样不拥挤。后备箱尺寸很大，而且对比其他的SUV，感觉我这车的地板要更低，放东西的时候不需要抬的更高，很省力。
    
    






                

    驾驶感受
        
            
            
        
        5
    
    
    初段的加速很快，在市区里面80km/h以下的路况行驶，感觉动力很猛。高速上相对低速要弱一些，不过满足超车还是完全够了。总体来讲，如果要和一些动力强劲的2.0T车型比加速，CR-V的优势或许并不明显，但是在同级对比，也能排的上中上水准，对于我的驾驶习惯而言足够。
    
    






            
                

    操控
        
            
            
        
        5
    
    
    开起来和普通的汽油车没有太大的区别，油门和刹车踏板的行程都比较线性，在我的掌控之中。原厂还有可变转向比，低速下打方向的圈数会减少，感觉更灵活，掉头停车很方便。
    
    




            

            




            

    续航
        
            
            
        
        5
    
    
    我平时充电挺多的，因为单位就有充电桩，很方便。市区里面开，满电不开空调的话，跑到80km很轻松，经常都是几天充一次电，也不麻烦。有时候忘记充电，烧油行驶，平均油耗也就是6L多，其他同事朋友都很羡慕我这个油耗。
    
    





            
                

    舒适性
        
            
            
        
        5
    
    
    本田的车一贯不算安静，不过我这款插电式混动的系统因为本身噪音来源就小，所以隔音效果有所提升，观赏窗户之后也还是很安静的。底盘调教很紧凑，整个车身都很稳，没有那种走烂路摇摇晃晃的感觉。
    
    




            
            

    外观
        
            
            
        
        5
    
    
    外观总体和汽油版的CR-V保持一直，不过前脸多了些镀铬饰条，算是作了些区分。我喜欢它的侧面，双色轮毂很漂亮，视觉效果上也十分修长，线条很流畅。
    
    
    
    
    


    





            

    内饰
        
            
            
        
        4
    
    
    按键式的换挡机构很独特，习惯以后操作挺方便的。就是整体的布局造型比较老套，看着没有什么新鲜感。中控的触控反应不算太快，有时候会卡住，像是几年前的安卓机，还不够流畅。
    
    





            

    性价比
        
            
            
        
        4
    
    
    价格肯定算不上便宜，毕竟同价位甚至能买一些豪华品牌SUV的低配了。不过考虑到日后用车能帮我节省回来一些，想象心里也平衡一些
    
    





            

            
                



            



        "
梦想启航16888,2022-10-10 首次发表,"
            
                
                    1980km
                    
                    行驶里程
                
                
                    5.5L
                    百公里油耗
                
                
                
                
                    20.0kWh
                    春秋电耗
                
                
                
                
                
                
                    69公里
                    春秋续航
                
                
                
                

                
                    60公里
                    冬季续航
                
                
                    22.00万
                    裸车购买价
                
                
                    2022-09
                    购买时间
                
                
                    辽阳
                    购买地点
                
            
            
    
        
            
        
    
    

    
        $(document).ready(function () {
            var koubeiid = 4622751;

        });

    


            
                最满意
                用车过程中最满意的就是外观漂亮大气、隔音和细节方面要比燃油版好太多、空间超大、动力方面给力
            
            
                最不满意
                中央扶手箱不喜欢、没有URV大气、中控屏幕太小、只能说够用、
            

            

    空间
        
            
            
        
        4
    
    
    本人身高180、空间那是绝对够用、驾驶位置调好后排可以葛优躺了、为啥没给五星？就是因为中央扶手箱减一分、是真的不喜欢、没有URV、冠道那么大气、最主要按键式档位中间凹下去那么多、要抬起手去点档位
    
    
    
    
    


    
    
    
    


    
    
    
    


    






                

    驾驶感受
        
            
            
        
        5
    
    
    不管是纯电模式还是混动模式都没有顿挫感、运动模式适合超车、动力输出那是相当给力
    
    
        跑高速
        跑高速想超车就按运动模式、
        
        
    
        起步/加速动力
        纯电和混动模式动力都很强劲、想要推背感就选运动模式
        
        
    
    
    
    


    






            

            




            

    续航
        
            
            
        
        4
    
    
    我生活在北方地区、9月份刚买完车、10月初就开始下雪了、天气一直在0度左右、刚提车那会比较热、200块钱油续航里程显示604公里、天冷200块钱油续航500左右、
    
    





            
            

    外观
        
            
            
        
        5
    
    
    外观大气、漂亮、比燃油版要好看很多、车漆薄所以第一时间贴了车衣、要不然崩个石子都能掉块漆
    
    
    
    
    


    
    
    
    


    
    
    
    


    





            

    内饰
        
            
            
        
        4
    
    
    内饰颜色、做工、用料都很喜欢个人觉得很高档、触手都是软皮的、车内异味说真心话不大、我特意买的飞利浦净化器、从开始到现在车内甲醛都没超标过、我以前的车是起亚、座椅真的很硬、日系车的座椅说是沙发一点不过分、很舒适、隔音不能说有多好、至少比燃油版好太多、细节也比燃油版要好不少、跑高速的时候不吵、说话很正常的沟通就可以主动降噪确实很实用、
    
    
    
    
    


    
    
    
    


    





            

    性价比
        
            
            
        
        5
    
    
    性价比没得说、正好国家政策补贴、还免购置税、个人觉得值得入手
    
    
    
    
    


    
    
    
    


    
    
    
    


    





            
                

    智能化
        
            
            
        
        5
    
    
    主要是安全性上面、车道偏离预警、跟车距离、全自适定速巡航、L2级道路辅助驾驶、对于新手来说绝对是安全的保障、对于老司机来说绝对不用因为长时间驾驶感觉疲劳
    
    
    
    
    


    
    
    
    


    
    
    
    


    




            

            



        "
忧郁的小卷羊,2022-05-04 首次发表,"
            
                
                    8000km
                    
                    行驶里程
                
                
                    6.2L
                    百公里油耗
                
                
                
                
                
                
                
                
                
                
                
                

                
                
                    26.00万
                    裸车购买价
                
                
                    2021-10
                    购买时间
                
                
                    咸宁
                    购买地点
                
            
            
    
    

    
        $(document).ready(function () {
            var koubeiid = 4317688;

        });

    


            
                最满意
                乘坐空间大，座椅相对于强混坐起来要舒服很多，家里安了充电桩上下班开充电很方便，充满一次电费八块左右
            
            
                最不满意
                发动机噪音大，后备箱空间因为电池占了一部分所以缩水了很多，放不了多少东西，温度稍微低一点纯电续航就会缩水很多，冬天的时候充满电四十公里不到，车机放音乐经常出现卡顿，要重启才会好，油箱26l太小了，跑个一百公里的地方来回一趟就得往加油站跑，车子不支持快充，要是家里不方便充电的话根本就没办法充电使用，不充电开起来体验极差，车子动力弱，开久了完全没有开快的欲望，车漆薄，新车回来没多久上面很多地方都是小洞洞露出里面的铁皮
            

            

    空间
        
            
            
        
        5
    
    
    本人180，前排后排空间都很大，后排坐下来还有一两拳的距离
    
    






                

    驾驶感受
        
            
            
        
        2
    
    
    动力很慢，开本田的车子已经习惯了老头乐，爬坡有点吃力，日常超个车只要肯给油门都没有太大问题
    
    






            
                

    操控
        
            
            
        
        4
    
    
    方向稳定，车子悬挂偏软，转弯侧倾很大必须减速
    
    




            

            




            

    续航
        
            
            
        
        3
    
    
    刚开始没充电用了两个月平均油耗八九个点，后面充电了现在在5.2
    
    





            
                

    舒适性
        
            
            
        
        5
    
    
    空间大，座椅支撑强，经常会停好车再跑到后排坐着休息
    
    




            
            

    外观
        
            
            
        
        5
    
    
    稳重，黑色的好看，送了行李架，装起来就有越野那个味了
    
    
    
    
    


    





            

    内饰
        
            
            
        
        4
    
    
    中规中矩，空调边上的小饰条没有安紧，会有异响，手按一下就好了，顶配好多东西都用不上，但是必须得有！
    
    





            

    性价比
        
            
            
        
        1
    
    
    没有性价比，不如强混的省心，但是用着也还不错，个人觉得比强混的好看
    
    





            

            
                



            



        "
天一生水2386,2021-08-10 首次发表,"
            
                
                    1286km
                    
                    行驶里程
                
                
                    5.0L
                    百公里油耗
                
                
                    10.0kWh
                    百公里电耗
                
                
                
                
                
                
                
                
                
                
                

                
                
                    24.68万
                    裸车购买价
                
                
                    2021-07
                    购买时间
                
                
                    枣庄
                    购买地点
                
            
            
    
        
            
        
    
    

    
        $(document).ready(function () {
            var koubeiid = 3780219;

        });

    


            
                最满意
                开着静，用着省，提速快，空间大，经常市内开的话最划算的一款车。
            
            
                最不满意
                暂时没发现有什么不满意的地方，油箱小点算一个的话，就这一个。
            

            

    空间
        
            
            
        
        5
    
    
    本人1.83米，以前开思域，轿车的高度跟CRV还是没法比的，后排空间也大，座椅放倒后可当床用，后备厢虽有个突起，并不太影响储物，其实不出远门的话，车里也不太放大件东西。
    
    






                

    驾驶感受
        
            
            
        
        5
    
    
    加速很快，停在有坡的地方换档时有顿挫感，变速厢有声音，问四S店说这很正常，不值得大惊小怪。没跑过高速，不知感受如何。
    
    






            
                

    操控
        
            
            
        
        5
    
    
    操控很灵敏，刹车反应很快，好几个功能还没用过，慢慢用了再写。
    
    




            

            




            

    续航
        
            
            
        
        5
    
    
    厂家送的充电桩，就在家门口，充电很方便。能耗有接受的范围之内，比之前的车省心多了。充电一次十度左右，民用电一度五毛五。
    
    





            
                

    舒适性
        
            
            
        
        5
    
    
    座椅很舒适，后排空间也大，减震很好，新车有点异味，想也正常，空调自动调节温度，很舒服。
    
    




            
            

    外观
        
            
            
        
        5
    
    
    大气，新颖，颜色也很满意，感觉几年内外观方面也不会过时。
    
    





            

    内饰
        
            
            
        
        5
    
    
    传统内饰，没感觉哪里不好，手机互联很方便，车联网响应迅速，内饰材料都差不多，音响效果挺不错，可能高一档的更好些，低配的少几个喇叭。
    
    





            

    性价比
        
            
            
        
        5
    
    
    店员服务态度很好，还专门建了个群，回复我的种种问题，没保养过，以前就开本田，对这个品牌认可度很高。
    
    





            

            
                



            



        "
济南30193,2022-03-29 首次发表,"
            
                
                    17500km
                    
                    行驶里程
                
                
                    1.5L
                    百公里油耗
                
                
                    16.0kWh
                    百公里电耗
                
                
                
                
                
                
                
                
                
                
                

                
                
                    25.98万
                    裸车购买价
                
                
                    2021-07
                    购买时间
                
                
                    济南
                    购买地点
                
            
            
    
        
            
        
    
    

    
        $(document).ready(function () {
            var koubeiid = 4232697;

        });

    


            
                最满意
                电动车的丝滑体验，不是油车所能具备的，360度全景影像必须有，那叫一个满意！家用商用都不掉价，
            
            
                最不满意
                刚购买一段时间导航系统死机，显示内存不足，后换模块解决问题，后备箱错台影响使用功能，稍感遗憾
            

            

    空间
        
            
            
        
        5
    
    
    乘坐空间实至名归，紧凑车型，中大型车的感受，满意
    
    
        ☆ 空间设计亮点
        百变魔术空间实至名归，后排商务体验
        
        
    






                

    驾驶感受
        
            
            
        
        5
    
    
    加速顺滑，只要不是一脚踩到底，发动机一般不会介入
    
    






            
                

    操控
        
            
            
        
        5
    
    
    电子按钮式操控，高科技感，当有乘员满满的新奇发问，也是蛮自豪的
    
    
        ☆ 自动泊车入位
        自动泊车入位体验新鲜，总体评价不错
        
        
    
        ☆ 主动刹车
        多数都能提前警告音提醒，紧急情况下安全带束紧，让人体会到即将发生碰撞
        
        
    
        刹车表现
        刹车舒服，不跑偏
        
        
    
        底盘稳定性
        只要不是急转弯，感觉都蛮舒服舒适，车体厚重感十足
        
        
    




            

            




            

    续航
        
            
            
        
        5
    
    
    小熊油耗，截止今天里程17500公里，电度表跑码2800度左右
    
    
    
    
    


    
    
    
    


    
    
    
    


    
        充电
        多数3个小时左右即可充满
        
        
    
        冬季能耗
        冬季满电60公里左右
        
        
    
        续航里程
        满电满油续行里程大约在450公里左右
        
        
    
    
    
    


    





            
                

    舒适性
        
            
            
        
        4
    
    
    座椅加热，让全家人肯定，尤其是冬季，怎一个舒服来表达
    
    
        ☆ PM2.5过滤装置
        没感觉到噪音
        
        
    
        座椅舒适性
        座椅加热全家人喜爱
        
        
    




            
            

    外观
        
            
            
        
        5
    
    
    外观造型非常满意，尤其是前面和侧面，非常喜欢
    
    
        车灯设计
        喜欢LED，喜欢弯道自动跟随调节功能
        
        
    
        车身做工
        尾门缝隙不均匀是通病，喜欢车体的侧向观感，大气上档次
        
        
    
        车轮设计
        大大方方的米胖子轮胎，满满的喜欢
        
        
    





            

    内饰
        
            
            
        
        5
    
    
    内饰不高调不张扬，满足居家需求，商务也不掉价，知足常乐！
    
    
        ☆ 车联网
        天气预报实时提醒，语音控制等都不错，比我前两台车功能强大多了，还是满满满满的幸福感，知足！
        
        
    





            

    性价比
        
            
            
        
        5
    
    
    车买来是自己用的，不比对比任何人，自己喜欢就是最好的车！
    
    





            

            
                



            



        "
pj风中凌乱,2022-02-02 首次发表,"
            
                
                    8100km
                    
                    行驶里程
                
                
                    5.5L
                    百公里油耗
                
                
                
                
                
                
                
                
                
                
                
                

                
                
                    25.80万
                    裸车购买价
                
                
                    2021-06
                    购买时间
                
                
                    盘锦
                    购买地点
                
            
            
    
    

    
        $(document).ready(function () {
            var koubeiid = 4125976;

        });

    


            
                最满意
                车子外观稳重、大气又不失现代元素，给人一种高端的感觉。车子充电后，在使用上动力强劲，油门反应迅速，发动机运行平顺，无顿挫感，车内空间大，座椅舒适。
            
            
                最不满意
                车子在馈电状态下，发动机噪音和胎噪声音过大，有那种轰鸣声，另外在冬季开空调使用时，电池衰减严重。
            

            

    空间
        
            
            
        
        5
    
    
    车内空间足够大，本人身高178，头部距离车顶还有一拳高，后排空间座三个人不拥挤
    
    






                

    驾驶感受
        
            
            
        
        4
    
    
    亏电状态下，夏季动力表现不错，在冬季时动力偏弱
    
    






            
                

    操控
        
            
            
        
        5
    
    
    方向盘转向清楚，使用时很轻而不飘，用起来很舒服
    
    




            

            




            

    续航
        
            
            
        
        5
    
    
    如果自己习惯了使用充电桩，绝对会为你省钱，夏季的时候，我一个月就加了一次油
    
    





            
                

    舒适性
        
            
            
        
        5
    
    
    车子座椅不论是驾驶还是乘坐都很舒适，不愧有移动式沙发的美誉
    
    




            
            

    外观
        
            
            
        
        5
    
    
    我比较喜欢插混的外观，稳重、大气又不失运动元素
    
    





            

    内饰
        
            
            
        
        5
    
    
    内饰跟外观完美契合，端正又大方，没有过多花里胡哨的东西
    
    





            

    性价比
        
            
            
        
        5
    
    
    从目前看还算满意，支持国家的新能源战略嘛
    
    





            

            
                



            



        "
路尽千帆,2021-11-19 首次发表,"
            
                
                    5884km
                    
                    行驶里程
                
                
                    5.5L
                    百公里油耗
                
                
                    15.0kWh
                    百公里电耗
                
                
                
                
                
                
                
                
                
                
                

                
                
                    25.40万
                    裸车购买价
                
                
                    2021-05
                    购买时间
                
                
                    郑州
                    购买地点
                
            
            
    
    

    
        $(document).ready(function () {
            var koubeiid = 3973059;

        });

    


            
                最满意
                外观 整体优雅，整体看着挺好的，后排空间大 坐五个人依旧不挤
            
            
                最不满意
                屏幕，内饰不像25W的车，车的屏幕也太小了吧，音响也不像国产车那样，其他的也就凑会
            

            

    空间
        
            
            
        
        5
    
    
    车内空间很大 不局促，后排可以翻下来，后期开长途时，可以
    
    






                

    驾驶感受
        
            
            
        
        5
    
    
    加速还可以 跑高速省油 动力不错错，一踩油门没有迟钝感
    
    






            
                

    操控
        
            
            
        
        5
    
    
    操纵轻盈的，操纵感不错 推荐，有主动刹车，让安全的
    
    




            

            




            

    续航
        
            
            
        
        5
    
    
    充电4个小时行驶70，80公里 加满油能跑460，加起来能跑560
    
    





            
                

    舒适性
        
            
            
        
        4
    
    
    有过滤装置，空调温度还行 就是后排控制温度有点low，不像20多的车
    
    




            
            

    外观
        
            
            
        
        5
    
    
    车身比普通的CRV要长，看着就很优雅，不像其他的SUV臃肿，这一点很喜欢
    
    





            

    内饰
        
            
            
        
        3
    
    
    氛围灯是啥 没有 车联网一般 车机屏幕很一般
    
    





            

    性价比
        
            
            
        
        4
    
    
    保养还可以 买了个终身机油免费，性价比还是可以的
    
    





            

            
                



            



        "
郑州恒信东本,2021-08-05 首次发表,"
            
                
                    700km
                    
                    行驶里程
                
                
                
                
                
                
                
                
                
                
                
                
                

                
                
                    25.00万
                    裸车购买价
                
                
                    2021-07
                    购买时间
                
                
                    郑州
                    购买地点
                
            
            
    
    

    
        $(document).ready(function () {
            var koubeiid = 3770433;

        });

    


            
                最满意
                发动机性能和混动系统相当不错，内部空间很大，油耗低（可油、可电、可混动），在郑州这种限号的城市里，又能上绿牌不限行，还免购置税
            
            
                最不满意
                优惠少，没有地方补贴， 外观与燃油版CRV区别不大
            

            

    空间
        
            
            
        
        5
    
    
    我180的身高坐在主驾时，头顶距离车顶还能有一拳的距离，飞机航空式座舱，获得沃德十佳设计奖。
    
    
        乘坐空间
        后排接近0凸起，座椅包裹感很强，很软很舒服。
        
        
    






                

    驾驶感受
        
            
            
        
        5
    
    
    起步的时候用电，提速比较快，中途需要加速时，发动机和电机同时工作，响应速度比较快
    
    






            
                

    操控
        
            
            
        
        4
    
    
    全系配备HONDA SENSING安全系统。液晶仪表，文字数字化显示，科技感强。
    
    




            

            




            

    续航
        
            
            
        
        5
    
    
    天天上下班，来回路程20公里，纯电模式下，可以用四天，只用电不用油。
    
    





            
                

    舒适性
        
            
            
        
        5
    
    
    后排座椅比汽油版座椅要厚 坐起来和沙发差不多
    
    




            
            

    外观
        
            
            
        
        4
    
    
    前脸时尚大气，力量感十足。线条流畅自然，运动感十足。犀利的前大灯。颜值高，性价比高，配置丰富，动力强劲。
    
    
        车灯设计
        车尾灯也很好看，晚上打开车灯后识别度很高。
        
        
    





            

    内饰
        
            
            
        
        5
    
    
    多功能应用储物空间。超大全景天窗，夜晚仰望星空的美。后排人性化USP接口
    
    





            

    性价比
        
            
            
        
        5
    
    
    全球车型CRV,免购置税不限行,省油，省油，还是省油。
    
    





            

            
                



            



        "
NxiaoN,2022-10-31 首次发表,"
            
                
                    1056km
                    
                    行驶里程
                
                
                    5.5L
                    百公里油耗
                
                
                
                
                    12.8kWh
                    春秋电耗
                
                
                
                
                
                
                    660公里
                    春秋续航
                
                
                
                

                
                
                    27.38万
                    裸车购买价
                
                
                    2022-10
                    购买时间
                
                
                    保定
                    购买地点
                
            
            
    
        
            
        
        
            
        
        
            
        
        
            
        
        
            
        
        
            
        
        
            
        
        
            
        
    
    

    
        $(document).ready(function () {
            var koubeiid = 4660672;

        });

    


            
                最满意
                我最满意的就是CR-V的外观设计，整体的造型不仅非常的帅气，而且很有时尚感，CR-V的设计属于比较耐看型的，轮毂造型也都很大气，车身的线条很流畅，看着就很漂亮，越看越喜欢，而且尾部它的设计很有特色，非常的饱满，辨识度非常的高，整体的设计很符合我的审美。
            
            
                最不满意
                这车子我也用了有一段时间，总的来说都挺满意的，唯一令我不太满意的就是车子内饰的设计，看起来有点小里小气的感觉，因为它触控液晶屏小了点，只有7英寸，导致整体看起来没有很高级的感觉。
            

            

    空间
        
            
            
        
        5
    
    
    挺大的一个空间，平时我一家人坐着也不会觉得拥挤，坐着头部和头部都还有活动的空间，后备箱的储物空间也是足够的大，挺能装的。
    
    






                

    驾驶感受
        
            
            
        
        5
    
    
    驾驶的时候完全没有顿挫感，起步的很快速，给到的推背感也强，而且车子的静谧性做的很好，在车上驾驶的时候完全听不到外面的任何噪声，给到了一个很安静的驾驶环境，我是挺满意的。座椅的包裹性很好，腰部的支撑也做的很到位，座椅的材质虽是仿皮的，不过坐着也是非常的舒服。
    
    






            

            




            

    续航
        
            
            
        
        5
    
    
    CR-V的油耗整体表现还是挺不错的，对于目前这个油耗我还是挺满意的，油耗非常的合理，这个油耗目前来说，现在的油耗也保持的很稳定，加满一箱油可以用挺长时间的，综合下来的油耗比较低，不会给我带来太大的经济压力，很符合我的用车标准。
    
    





            
            

    外观
        
            
            
        
        5
    
    
    这款车子的外观设计风格比较稳重，轮廓看起来也很时尚大气，颜值超高，开出门特别有面子。
    
    





            

    内饰
        
            
            
        
        4
    
    
    内饰的用料倒是还不错，做工也挺细致的，不过呢，就是设计方面稍有欠缺，不是我喜欢的风格，总的来说没啥设计感，设计的很一般，还有它的触控液晶屏感觉有点小，车子的整体看起来没有什么高级感。
    
    





            

    性价比
        
            
            
        
        5
    
    
    价格我挺满意的，而且当时购车的时候优惠力度很大，价位也符合我的预算，店员的服务态度也是非常的好，还给我送了好几次保养，而且油耗低，大大的降低了后期的用车成本，我觉得这个价位能买到CR-V这么优秀的车子，性比价还是挺高的。
    
    





            
                

    智能化
        
            
            
        
        5
    
    
    智优化也是CR-V的一大亮点，特别是它的安全配置非常的丰富，像主副驾驶座安全气囊，胎压报警，车道偏离预警系统，车道保持辅助系统，车道居中保持，道路交通标识识别，主动刹车，前方碰撞预警，等等这些给我们驾驶带来了超高的安全保障。
    
    




            

            



        "
Paranoid思思,2022-10-27 首次发表,"
            
                
                    875km
                    
                    行驶里程
                
                
                
                
                
                    13.5kWh
                    春秋电耗
                
                
                
                
                
                
                    120公里
                    春秋续航
                
                
                
                

                
                
                    28.98万
                    裸车购买价
                
                
                    2022-10
                    购买时间
                
                
                    阿坝
                    购买地点
                
            
            
    
        
            
        
        
            
        
        
            
        
        
            
        
        
            
        
        
            
        
        
            
        
    
    

    
        $(document).ready(function () {
            var koubeiid = 4654675;

        });

    


            
                最满意
                最满意的就是这款CR-V的续航油耗，插电式混合动力的车子，不仅续航给力，从一次电可以跑上个好几天呢，而且它的油耗也非常的低，综合下来才5个油出头，加满一箱油可以开很长时间了，完全放心去开，不用想着油费贵，不舍得开，比我预期的油耗还低，开着也不会心疼啦哈哈。
            
            
                最不满意
                不太满意这款车子的车漆吧，我觉得有点太薄了点，得多注意点，不小心碰到了刮花就不好了。
            

            

    空间
        
            
            
        
        5
    
    
    CR-V这车子虽说是紧凑型的SUV，但是，我觉得这车的空间挺大的，车内坐满人也完全不会感觉拥挤，坐着挺舒服的，头部腿部都还有活动的空间，这设计就很人性化了，不喜欢那种坐着人挤人那种，会感觉很不舒服，而且它的后备箱储物空间也很大，后排的座椅还能比例倒放，放点大件的行李什么的都没问题，完全不用担心不够用。
    
    






                

    驾驶感受
        
            
            
        
        5
    
    
    CR-V这车的动力足，起步特别的快，虽然是SUV，但是并不会比燃油车的动力差，驾驶的时候也完全不会感觉到肉，推背感也是有的，能满足我的驾驶需求。它的操控也是挺可以的，就算你是刚拿到驾照的新手司机也能轻松驾驭。
    
    






            

            




            

    续航
        
            
            
        
        5
    
    
    主要我就是上下班开一下，平时开的比较少，就算是休息也懒得出去玩，CR-V的续航对我来说是够用的，油耗也不高，油耗挺经济实用的。
    
    





            
            

    外观
        
            
            
        
        4
    
    
    CR-V的颜值不是一般的高，外观挺符合我审美的，造型很有运动感，而且稳重大气，也是车子的一种气质体现吧，辨识度也高，反正我是挺喜欢的，不过呢，就是车漆有点太薄了，就这点令我不太满意。
    
    





            

    内饰
        
            
            
        
        5
    
    
    内饰很有设计感，整体的设计简单大方，色彩的搭配也让人看着非常舒服，而且座椅的包裹性很强，整个中控看起来充满科技感。
    
    





            

    性价比
        
            
            
        
        5
    
    
    CR-V的性比价总的来说还是蛮高的，因为它的配置丰富，外观的颜值也高，空间也够用，油耗也低，价格也实惠，符合我的预算，也不会给我带来太大的用车经济压力，我觉得挺不错的。
    
    





            
                

    智能化
        
            
            
        
        5
    
    
    我觉得CR-V这款车的配置上还算是挺高的，特别是安全方面和辅助操控方面的，特别的丰富，像胎压报警，车道偏离预警系统，360度全景影像，全速自适应巡航，自动泊车入位，自动驻车，上坡辅助等这些，这些对于日常驾驶比较实用的功能，都具备了！
    
    




            

            



        "
ax4p3kd,2022-10-26 首次发表,"
            
                
                    633km
                    
                    行驶里程
                
                
                    5.6L
                    百公里油耗
                
                
                
                
                    14.0kWh
                    春秋电耗
                
                
                
                
                
                
                    450公里
                    春秋续航
                
                
                
                

                
                
                    25.50万
                    裸车购买价
                
                
                    2022-10
                    购买时间
                
                
                    北京
                    购买地点
                
            
            
    
        
            
        
        
            
        
        
            
        
        
            
        
        
            
        
        
            
        
        
            
        
        
            
        
    
    

    
        $(document).ready(function () {
            var koubeiid = 4652454;

        });

    


            
                最满意
                都说本田汽车很省油，事实证明这不是口说无凭。我家里有一款比较老的本田车，开了这么多年也没什么毛病，保养也不算太贵，总的来说用车成本还是很经济实惠的。也就是因为本田各方面都不错的表现，让我买新车的时候再次选择了这个品牌。现在不是流行油电混合的车型，我也入手了一台本田新能源车型，本田CR-V。无论是外观还是空间，都是我非常满意的，以后家里那台老爷车就留给爸妈代步用吧。
            
            
                最不满意
                本田的车漆比较薄，容易刮伤。车身比较轻，隔音方面也做的比较一般。
            

            

    空间
        
            
            
        
        5
    
    
    本田的所有车型我觉得都是比较大的，包括我家里那台老爷车也是一样，空间没得说。别看它是一台紧凑型SUV，车内空间其实非常的宽敞，我一米八的个子坐在前排驾驶位头部空间还有足足一拳多的空余，平时开车也不会觉得有拘束感。副驾驶也一样的宽敞，相比于主驾驶少了一个方向盘的占用空间显的更加的大，平时老婆最喜欢坐副驾驶了，不但舒适而且坐在前排的视野也比较开阔，能看到更加多美丽的风景。车内的小储物槽设计的也是很多，能放较多的东西，能让车内看起来不那么乱，舒适度大大的提高。后备箱很大，如果把第二排的座椅放倒会更宽敞，过年过节回老家放我和我老婆的行李箱，也完全是绰绰有余。
    
    






                

    驾驶感受
        
            
            
        
        5
    
    
    虽然它是一款SUV，但是给我的感觉它不肉，市区行驶纯电模式下，起步也很快，动力也很充足。就算切换到纯油模式，高速行驶下动力也能源源不断的输出。操控方面也是很容易上手，我和我老婆平时两个人轮流开，她驾驭起来这么大一台车也是毫无压力，得心应手。整体的驾驶体验我觉得还是不错的！！
    
    






            

            




            

    续航
        
            
            
        
        5
    
    
    纯电模式下电耗表现还不错，就算开空调也不会消耗很多的电，能满足平时上下班用车的需求，充一次电能跑好久咯。油耗在5个左右，基本上加一次油能用一个月，非常的省油。
    
    





            
            

    外观
        
            
            
        
        5
    
    
    本田SUV设计的都是比较稳重大气的，这款车也不例外。我个人就是喜欢成熟风格的设计，所以我选择了它，萝卜青菜各有所爱，自己喜欢就够了。
    
    





            

    内饰
        
            
            
        
        4
    
    
    在内饰方面我觉得本田还是做的不够好，塑料感很强，仪表盘和中控屏幕尺寸也不大，总体来说一般般吧。
    
    





            

    性价比
        
            
            
        
        5
    
    
    总体的用车成本会比燃油车低很，而且保值率也比较高，比较稳定，性价比还是挺不错的。
    
    





            
                

    智能化
        
            
            
        
        5
    
    
    主副驾驶座椅都带电动调节，自动驻车，上坡辅助，L2辅助驾驶配置方面还不错。
    
    




            

            



        "
大风吹9234,2022-03-30 首次发表,"
            
                
                    1200km
                    
                    行驶里程
                
                
                
                
                
                
                
                
                
                
                
                
                

                
                
                    23.38万
                    裸车购买价
                
                
                    2022-02
                    购买时间
                
                
                    西安
                    购买地点
                
            
            
    
        
            
        
    
    

    
        $(document).ready(function () {
            var koubeiid = 4236687;

        });

    


            
                最满意
                最满意的是我这款插电混合动力CR-V的燃油经济性了！本人自己装了个充电桩，本田厂家免费赠送，免费安装，服务还是非常不错的！但是充电柱安装电线超过30米的话就有费用了！如果主要在市区或者短途行驶的话，基本上都是在家充电，完全不用油，只用电！满电情况下基本上跑80公里左右！也是满足自己日常代步的！如果是长途或者出远门的话，电能消耗完之后，发动机开始提供动力，油电混动模式下百公里油耗差不多6L左右！油耗也能接受，非常省油，非常经济！还有就是车辆外观也是比较稳重的，比较优雅，本人是比较喜欢的！相比纯汽油的车型的话，前脸能大气稳重一些的！中网是三条横杠的设计区分，本田的车标有一圈绿色包围，来凸显新能源的标志！本田的设计师还是比较细心的！车灯的话远近都是LED的，比较大气上档次！轮毂也是要比其他车型要大一些，轮毂的造型也挺不错的！然后就是本田的车内空间非常的大！之前就听说本田是空间大师！果然是真的！整车的空间非常宽敞，后排坐三个人的话，也是比较宽裕的！家人坐在后排也是比较舒适的，腿部空间也是有一些的！不是很拥挤！后排的地板是几乎完全平整的，没有凸起，也是非常完美！再就是驾驶感受，新能源版本的话，地盘的调教感觉整体要稳，很浑厚，有可能是车自身比较重的原因吧！开起来纯电模式情况下，还是比较安静的！动力强劲，油门反应比较快，迅速，随叫随到。发动机和电机的配合比较好，自己完全感觉不出来！完全没有顿挫感！最后就是这个车可以挂绿牌，不用交购置税，免挂牌费，不用限行，又可以省一笔费用！
            
            
                最不满意
                最不满意的地方就是车内饰的整体材质有点差，塑料感太多！感觉不是很豪华，中规中矩的中空设计，感觉不上档次！二十多万的还用的是塑料方向盘，有点太省成本了！中控显示屏这个车机反应速度不是很快，有点跟不上，要慢慢触摸！不能太快！再就是这个车的油箱有些小了，二十多升的油箱，希望再大一点！高速行驶当中，发动机介入以后发动机的声音比较明显！还有就是这个车型没有备胎，就比较难受了，感觉有点不安全的感觉！
            

            

    空间
        
            
            
        
        5
    
    
    整体乘坐，储物空间很大！本人180身高，乘坐也没有压抑感！后排乘坐三个人空间也是够用的！
    
    
    
    
    


    
        ☆ 空间设计亮点
        门板内侧设计储物空间非常大！设计的很深！中间水杯架设计本大！中央扶手下方储物空间很大！
        
        
    
    
    
    


    
        乘坐空间
        本人身高180cm！头部空间还有一拳左右！后排乘坐空间非常大，腿部基本上两拳左右！
        
        
    
        后备厢容积
        后备箱不是很平整！有个台阶！但是储物空间也是不错的！
        
        
    
    
    
    


    
        家人乘坐评价
        家人乘坐后排三个人还是挺舒服的！腿部有两拳左右！左右也不是很拥挤！高度也可以！一拳左右的距离！
        
        
    






                

    驾驶感受
        
            
            
        
        5
    
    
    加速很平顺，动力强劲！换挡很平顺！满载爬坡有点吃力！车身也比较重！
    
    
        跑高速
        跑高速的话，油电混合动力，动力也是不错的！
        
        
    
        开空调/满载动力
        开空调和满载的话！起步和超车过程中，动力有些不足，有些下降！
        
        
    
        起步/加速动力
        这个车动力强劲，起步很稳，地盘很扎实！
        
        
    
        动力平顺性
        拥堵路段，低速行驶基本没有顿挫感！感觉不到！
        
        
    
        上坡动力
        上坡可以切换到运动模式！动力很充沛！
        
        
    






            
                

    操控
        
            
            
        
        5
    
    
    方向盘操控很好，方向很准，不模糊！油门响应很快，随踩随有，刹车也很灵敏！高速过弯刹车的话！车身还是很平稳的！
    
    
        ☆ 车道保持辅助系统
        车道保持辅助系统可以准确的纠正和提醒！
        
        
    
    
    
    


    
        底盘稳定性
        高速行驶，过弯地盘还是很稳定的！整体操控还是不错的！
        
        
    
        方向盘操控感
        方向盘很准，打方向不模糊！
        
        
    
        刹车表现
        刹车响应很快！制动效果很好！
        
        
    




            

            




            

    续航
        
            
            
        
        5
    
    
    能耗非常低！本人基本都是电能！非常经济！
    
    
    
    
    


    
        充电
        充电基本三个小时就可以充满了！
        
        
    
        续航里程
        纯电续航基本80公里左右！
        
        
    





            
                

    舒适性
        
            
            
        
        4
    
    
    纯电模式静音效果不错！发动机介入以后，会有一些声音！
    
    
        ☆ 后座空调出风口
        后排出风口很实用！
        
        
    
        座椅舒适性
        座椅整体很软，很舒适！
        
        
    
        车内噪音/异味
        新车的话有一些味道，一个月以后差不多就没有！
        
        
    




            
            

    外观
        
            
            
        
        4
    
    
    外观整齐比较大气，前脸设计大气！
    
    
    
    
    


    
        车轮设计
        车轮大小设计适中
        
        
    
    
    
    


    
        车灯设计
        车灯很亮很漂亮
        
        
    
    
    
    


    





            

    内饰
        
            
            
        
        4
    
    
    内饰设计中规中矩！每个人的审美不同！本人是可以接受的！
    
    
    
    
    


    
    
    
    


    





            

    性价比
        
            
            
        
        4
    
    
    
    
    
        购车
        目前购车有优惠！力度还行！每个地区不一样！
        
        
    
        4S店售后服务
        本田售后服务很好！
        
        
    





            

            
                



            



        "
小膘品车,2023-03-14 首次发表,"
            
                
                    2438km
                    
                    行驶里程
                
                
                    3.0L
                    百公里油耗
                
                
                
                
                    20.0kWh
                    春秋电耗
                
                
                
                
                
                
                    75公里
                    春秋续航
                
                
                
                

                
                    40公里
                    冬季续航
                
                
                    27.38万
                    裸车购买价
                
                
                    2023-02
                    购买时间
                
                
                    盘锦
                    购买地点
                
            
            
    
        
            
        
    
    

    
        $(document).ready(function () {
            var koubeiid = 4861563;

        });

    


            
                最满意
                外形很满意，圆润中不失硬派，优雅中不失大气，纯电模式坐在车内好安静，整车的底盘调校，底盘滤震，隔音，做的都很好，车内也充满高级感，按键式挡位增加了许多新鲜感，车内空间没的说，前排后排都很宽敞，
            
            
                最不满意
                最不满意的地方当属导航系统，声音大小调不了，放音乐，音乐的字幕挡住了地图搜索目的地，油箱太小，26L，跑高速2个服务区一加油，高速上费油，
            

            

    空间
        
            
            
        
        4
    
    
    空间没得说，后排也很宽敞，美中不足的是后备箱，有一点凸起，后备箱空间不是很大，也没办法，某迪的插混车型后备箱也不大，
    
    






                

    驾驶感受
        
            
            
        
        5
    
    
    提速真快，在市区可以秒天秒地，迈腾加速都没这个给力，并且没有任何声音，
    
    






            

            




            

    续航
        
            
            
        
        4
    
    
    纯电75公里，满油满电350公里左右，主要是油箱太小，如果光跑市内，每天充电，很不错，跑高速费油，油耗9个左右
    
    





            
            

    外观
        
            
            
        
        5
    
    
    完美，硬派，大气，时尚，典雅，喜欢白色，珍珠漆很亮，没有贴车衣，觉得好贵，平时注意点呗，去高档一点的洗车场，因为20块钱洗车的地方，怕抹布里有沙子，把车漆划伤，
    
    





            

    内饰
        
            
            
        
        5
    
    
    我觉得内饰就不错了，有桃木地方，按键设计也很好，并且没有延迟，把空调系统集成到中控大屏，节约了很多案件，整体内饰简约，
    
    





            

    性价比
        
            
            
        
        5
    
    
    性价比我给95分，我觉得这款比纯油的都便宜，直接就上了插电混合版本，其实它的指导价很高，确实性价比不高，但是优惠完了，性价比就高了，没有卖不出去的车，只有接受不了的价格，提车半个月，开了2400公里，整体感觉很好，很安静，隔音滤震做的都很好，唯一不足的就是油箱小，看到下一代提升了，2023款油箱46.5L，就很香，没有任何瑕疵就，买这台车也是出于对本田的信任，至于某迪，不太相信国产品牌的自主研发，最终还是选择了本田，买了这台车，我也开始了段视频生涯，如果想了解这台车的，我从0公里为大家测评这台车，每天至少100公里，想了解这台车的小伙伴，可以关注我KS：小膘品车 。为大家带来深度测试。
    
    





            
                

    智能化
        
            
            
        
        5
    
    
    整体车机系统很灵敏，连接蓝牙秒连接，语音交互功能也很流畅，并且操作简单，屏幕灵敏，没有卡顿，即使零下的气温，也不卡顿，整体感觉很好，美中不足的就是，作为27.38指导价的车，居然连座椅电动调节都没有，真是令我匪夷所思，细思极恐，反正都买了，就这样吧
    
    
    
    
    


    
    
    
    


    
    
    
    


    




            

            



        "
广州车友2505131,2022-09-11 首次发表,"
            
                
                    24000km
                    
                    行驶里程
                
                
                
                
                
                    16.0kWh
                    春秋电耗
                
                
                
                
                
                
                    60公里
                    春秋续航
                
                
                
                

                
                    65公里
                    冬季续航
                
                
                    22.50万
                    裸车购买价
                
                
                    2021-12
                    购买时间
                
                
                    广州
                    购买地点
                
            
            
    
    

    
        $(document).ready(function () {
            var koubeiid = 4576719;

        });

    


            
                最满意
                行驶质感可以，车辆重，开着确实舒服，高速相对燃油车稳一点，噪音稍微小一点
            
            
                最不满意
                油箱太小，续航太短，后备箱有凸起，电池损耗大，现在充满竟然60多公里
            

            

    空间
        
            
            
        
        5
    
    
    空间可以，后排座椅可以完全放倒，后排座位无凸起
    
    
    
    
    


    






                

    驾驶感受
        
            
            
        
        5
    
    
    驾驶感受，有点的时候还可以，静音起步快一点，亏电状态，完犊子，噪音嗷嗷叫
    
    
    
    
    


    
    
    
    


    






            

            




            

    续航
        
            
            
        
        1
    
    
    续航太差，续航太差
    
    
    
    
    


    
        电池衰减
        锂电池，衰减太严重，坐标广州
        
        
    
        充电时间
        6小时以上
        
        
    





            
            

    外观
        
            
            
        
        3
    
    
    外观一般般，不好不坏，洗干净了什么车都好看
    
    
    
    
    


    





            

    内饰
        
            
            
        
        3
    
    
    没事日系车一贯的调性，没有什么特色，和国产车没办法比，比丰田强太多，要不然，我是雅阁奥德赛，现在又多了个插混CRV，其实想买混动CRV，没指标了，在广州很麻烦一件事，就硬着头皮买了
    
    





            

    性价比
        
            
            
        
        1
    
    
    价格还好，就是油箱和纯电续航，有待提高，解决了这两个，没啥问题
    
    





            
                

    智能化
        
            
            
        
        3
    
    
    只能哈一般吧，没什么大的特点，也没什么大的优点
    
    




            

            



        "
屠屠8770,2022-04-10 首次发表,"
            
                
                    200km
                    
                    行驶里程
                
                
                    5.0L
                    百公里油耗
                
                
                    18.0kWh
                    百公里电耗
                
                
                
                
                
                
                
                
                
                
                

                
                
                    22.50万
                    裸车购买价
                
                
                    2022-03
                    购买时间
                
                
                    天津
                    购买地点
                
            
            
    
        
            
        
    
    

    
        $(document).ready(function () {
            var koubeiid = 4257566;

        });

    


            
                最满意
                可以纯电行驶80，入门配置挺高，车外的黑色防护板全部烤漆，档次高。
            
            
                最不满意
                车太重了，1998kg，这会导致亏电油耗高。亏电发动起噪音大，发动机膈应音有待提高，方向盘还没有真皮，裸奔着。
            

            

    空间
        
            
            
        
        5
    
    
    空间没得说，后排纯平。坐5个大人不会拥挤
    
    
    
    
    


    






                

    驾驶感受
        
            
            
        
        4
    
    
    起步电机给力，运动模式推背感强，平时正常模式就行，绿叶模式太肉了。
    
    






            
                

    操控
        
            
            
        
        4
    
    
    方向准，车道辅助功能好用。辅助刹车也好用，
    
    




            

            




            

    续航
        
            
            
        
        4
    
    
    省油，我上下班30公里，一周充一两次电就加油。
    
    





            
                

    舒适性
        
            
            
        
        4
    
    
    座位舒适，支撑可以。不会做久了太累。。。
    
    




            
            

    外观
        
            
            
        
        4
    
    
    外挂还是可以的，比丰田同级别好看看。。。。
    
    





            

    内饰
        
            
            
        
        4
    
    
    氛围灯就两个车顶小灯，刷新我对氛围灯和认知了🌝🌝
    
    





            

    性价比
        
            
            
        
        5
    
    
    加工价格可以，比起普通贵不了多少钱，上绿牌好。。。
    
    





            

            
                



            



        "
仰望夜色,2021-12-04 首次发表,"
            
                
                    6000km
                    
                    行驶里程
                
                
                    6.0L
                    百公里油耗
                
                
                
                
                
                
                
                
                
                
                
                

                
                
                    27.38万
                    裸车购买价
                
                
                    2021-09
                    购买时间
                
                
                    黔西南
                    购买地点
                
            
            
    
    

    
        $(document).ready(function () {
            var koubeiid = 4013057;

        });

    


            
                最满意
                作为老驾驶员的我，这车不开不知道，开了真的寒心
            
            
                最不满意
                动力差，充电不方便，噪声大的受不了，空间一般，后备箱不好用而且小！
            

            

    空间
        
            
            
        
        1
    
    
    一般
    
    
        ☆ 空间设计亮点
        没有什么是亮点
        
        
    
        后备厢容积
        不适用，大小，还有梯形
        
        
    
        乘坐空间
        一般，我是能将就了
        
        
    






                

    驾驶感受
        
            
            
        
        1
    
    
    如果动力好，我也不会这么寒心了！这样的销售员和经理直接就是破坏本田形象！让我对本田车终身失望
    
    






            
                

    操控
        
            
            
        
        2
    
    
    被老婆骂死的车！我是买了个鸡毛，没有电的时候，就像用一档二档爬坡似的，声音大，且跑怀起一样
    
    




            

            




            

    续航
        
            
            
        
        1
    
    
    最恨的充电，除了家里安装充电桩，出门毛的，太影响心情
    
    
        充电
        5-6个小时充满，你觉得满意吗？就跑几十里没电！坑爹了
        
        
    





            
                

    舒适性
        
            
            
        
        1
    
    
    噪声大到你想吐，特别是没有电的时候，那声音就是一档跑一样，自己想有多恶心！
    
    




            
            

    外观
        
            
            
        
        2
    
    
    一般，这些外观，我也基本上都可以接受一点，但被坑之后我就完全对本田系列绝望！
    
    





            

    内饰
        
            
            
        
        1
    
    
    一般，内饰等功能懒得细说，插了个USB将就听音乐，我现在就在看丰田车，准备换了它！买了个鸡毛
    
    





            

    性价比
        
            
            
        
        1
    
    
    最恶心的服务！直接就是破坏本田形象！这样的四S店，我直接想炸了它！
    
    





            

            
                



            



        "
抚顺车友9506743,2021-11-19 首次发表,"
            
                
                    2000km
                    
                    行驶里程
                
                
                
                
                
                
                
                
                
                
                
                
                

                
                
                    22.00万
                    裸车购买价
                
                
                    2021-09
                    购买时间
                
                
                    抚顺
                    购买地点
                
            
            
    
    

    
        $(document).ready(function () {
            var koubeiid = 3972336;

        });

    


            
                最满意
                纯电模式驾驶感受可以，提速超车无压力，亏电发动机噪音大
            
            
                最不满意
                纯电续航严重不符，直到现在厂商没有明确回复
            

            

    空间
        
            
            
        
        4
    
    
    本田空间不错！挺大的后排！后备箱有凸起不平！满载一点不挤
    
    






                

    驾驶感受
        
            
            
        
        2
    
    
    纯电可以！亏电发动机启动频繁！噪音大！动力不足！现在知道为啥本田隔音不好了，就是为了掩盖发动机噪音
    
    






            
                

    操控
        
            
            
        
        1
    
    
    操控还可以！油门踏板轻松，刹车制动可以！就是雨雪天气轮胎打滑严重，
    
    
        ☆ 车道保持辅助系统
        车道保持辅助系统可以
        
        
    
        ☆ 主动刹车
        主动刹车可以
        
        
    




            

            




            

    续航
        
            
            
        
        1
    
    
    亏电模式驾驶油耗可以表现不错！
    
    
        充电
        充电不满意！续航严重不符
        
        
    





            
                

    舒适性
        
            
            
        
        1
    
    
    本田隔音不好！太吵！发动机介入噪音大！后排座椅舒适
    
    




            
            

    外观
        
            
            
        
        1
    
    
    本田外观设计可以！喜欢！就是隔音不好！纯电续航严重不符！
    
    





            

    内饰
        
            
            
        
        1
    
    
    就是纯电续航严重不符！亏电发动机噪音大！混动的车和插电混动的个人感觉不建议购买，亏电噪音大！动力不足影响驾驶感受！天冷电瓶亏电发动机启动频繁，
内饰一般！没啥好说的，本田嘛就是发动机送车
    
    





            

    性价比
        
            
            
        
        1
    
    
    优惠挺大！新车还没有到首保，售后服务还可以
    
    





            

            
                



            



        "
之家车友4235552,2021-10-19 首次发表,"
            
                
                    150km
                    
                    行驶里程
                
                
                
                
                
                
                
                
                
                
                
                
                

                
                
                    24.00万
                    裸车购买价
                
                
                    2021-10
                    购买时间
                
                
                    遵义
                    购买地点
                
            
            
    
    

    
        $(document).ready(function () {
            var koubeiid = 3904573;

        });

    


            
                最满意
                1、平时城市代步用纯电模式太爽了，用车成本很低。
2、空间没话说，确实很宽敞。
3、原来开308，开了这个才知道什么叫动力。
            
            
                最不满意
                内饰塑料感太强了，还有油箱只有26升。本田要是能把内饰弄得再有料一点，油箱再弄大一点就完美了。
            

            

    空间
        
            
            
        
        5
    
    
    乘坐空间大，但是后备箱就有的不够用了。
    
    
        乘坐空间
        我觉得前后排的空间都还可以
        
        
    






                

    驾驶感受
        
            
            
        
        5
    
    
    加速快，动力充足。模式根据油门大小来切换，能够很好的理解驾驶员的意图。在市内超车能得心应手。
    
    






            
                

    操控
        
            
            
        
        5
    
    
    比308好开多了。车道辅助和acc在高速上用起还是很爽的。
    
    




            

            




            

    续航
        
            
            
        
        5
    
    
    刚开没多久。接车的时候电池没电，用的纯油行驶，7.5个油还是不错的。上下班代步都是用的纯电模式，能够开个70多公里。
    
    





            
                

    舒适性
        
            
            
        
        4
    
    
    高速上声音还是有点大的，把音箱声开大一点就好了
    
    




            
            

    外观
        
            
            
        
        4
    
    
    还行吧。能看。CRV吸引我的不是外观，而是内涵😅
    
    





            

    内饰
        
            
            
        
        4
    
    
    我想吐槽的是塑料感太强了。还有在拿出车钥匙让我想到了我高中时期用的第一部手机，满满的山寨机按键的既视感。
    
    





            

    性价比
        
            
            
        
        4
    
    
    买个发动机送个车，还要怎样。性价比肯定比不上唐，但是我和唐的缘分就到此结束了。总体来说和其他合资品牌相比还是可以的。
    
    





            

            
                



            



        "
